Workbook

Sheet 팔라티움 해운대
C2: 사업장별 실적 현황 [팔라티움 해운대]
F6: =CA169 -> 7378 | L6: =CA170 -> 0 | R6: =CA171 -> 0 | X6: =CA172 -> 0 | AD6: =CA173 -> 0 | AJ6: =CA174 -> 0 | AP6: =CA175 -> 0 | BM6: [ 단위 : RN_실, ADR_천원, Revenue_천원 / VAT제외 ] | BS6: [ 단위 : RN_실, ADR_천원, Revenue_천원 / VAT제외 ]
C7: Segment | F7: 2026 Budget | L7: 2026 Actual | R7: 2025 Actual | X7: 2023 Actual | AD7: 2022 Actual | AJ7: 2021 Actual | AP7: 2020 Actual | AV7: 2026 Actual vs. 2026 Budget | BB7: 2026 Actual vs. 2025 Actual | BH7: 2026 Actual vs. 2024 Actual | BN7: 2025 Actual vs. 2020 Actual | BX7: ※ 실적 입력 | CA7: =SUM(CA10:CA165) -> 45056 | CC7: =SUM(CC10:CC165) -> 0 | CE7: =SUM(CE10:CE165) -> 0 | CG7: =SUM(CG10:CG165) -> 0 | CI7: =SUM(CI10:CI165) -> 0 | CK7: =SUM(CK10:CK165) -> 0 | CM7: =SUM(CM10:CM165) -> 0
F8: RN | H8: ADR | J8: Revenue | L8: RN | N8: ADR | P8: Revenue | R8: RN | T8: ADR | V8: Revenue | X8: RN | Z8: ADR | AB8: Revenue | AD8: RN | AF8: ADR | AH8: 매 출 | AJ8: RN | AL8: ADR | AN8: 매 출 | AP8: RN | AR8: ADR | AT8: 매 출 | AV8: RN | AX8: ADR | AZ8: Revenue | BB8: RN | BD8: ADR | BF8: Revenue | BH8: RN | BJ8: ADR | BL8: Revenue | BN8: RN | BP8: ADR | BR8: Revenue | BX8: 구 분 | CA8: 2026년 목표 | CC8: 2026년 실적 | CE8: 2025년 실적 | CG8: 2024년 실적 | CI8: 2023년 실적 | CK8: 2022년 실적 | CM8: 2021년 실적
G9: % | I9: 지 수 | K9: % | M9: % | O9: 지 수 | Q9: % | S9: % | U9: 지 수 | W9: % | Y9: % | AA9: 지 수 | AC9: % | AE9: % | AG9: 지 수 | AI9: % | AK9: % | AM9: 지 수 | AO9: % | AQ9: % | AS9: 지 수 | AU9: % | AW9: 증감율 | AY9: 증감율 | BA9: 증감율 | BC9: 증감율 | BE9: 증감율 | BG9: 증감율 | BI9: 증감율 | BK9: 증감율 | BM9: 증감율 | BO9: 증감율 | BQ9: 증감율 | BS9: 증감율 | CA9: 객실수 | CB9: 매 출 | CC9: 객실수 | CD9: 매 출 | CE9: 객실수 | CF9: 매 출 | CG9: 객실수 | CH9: 매 출 | CI9: 객실수 | CJ9: 매 출 | CK9: 객실수 | CL9: 매 출 | CM9: 객실수 | CN9: 매 출
C10: 1월 | D10: Membership | E10: 기 명 | F10: =CA10 -> 283 | G10: =IFERROR(F10/F26,0) -> 0.072806792 | H10: =IFERROR(J10/F10,"0") -> 0 | I10: =IFERROR(H10/H11,0) -> 0 | J10: =CB10 -> 0 | K10: =IFERROR(J10/J26,0) -> 0 | L10: =CC10 -> 0 | M10: =IFERROR(L10/L26,0) -> 0 | N10: =IFERROR(P10/L10,"0") -> 0 | O10: =IFERROR(N10/N11,0) -> 0 | P10: =CD10 -> 0 | Q10: =IFERROR(P10/P26,0) -> 0 | R10: =CE10 -> 0 | S10: =IFERROR(R10/R26,0) -> 0 | T10: =IFERROR(V10/R10,"0") -> 0 | U10: =IFERROR(T10/T11,0) -> 0 | V10: =CF10 -> 0 | W10: =IFERROR(V10/V26,0) -> 0 | X10: =CG10 -> 0 | Y10: =IFERROR(X10/X26,0) -> 0 | Z10: =IFERROR(AB10/X10,"0") -> 0 | AA10: =IFERROR(Z10/Z11,0) -> 0 | AB10: =CH10 -> 0 | AC10: =IFERROR(AB10/AB26,0) -> 0 | AD10: =CI10 -> 0 | AE10: =IFERROR(AD10/AD26,0) -> 0 | AF10: =IFERROR(AH10/AD10,"0") -> 0 | AG10: =IFERROR(AF10/AF11,0) -> 0 | AH10: =CJ10 -> 0 | AI10: =IFERROR(AH10/AH26,0) -> 0 | AJ10: =CK10 -> 0 | AK10: =IFERROR(AJ10/AJ26,0) -> 0 | AL10: =IFERROR(AN10/AJ10,"0") -> 0 | AM10: =IFERROR(AL10/AL11,0) -> 0 | AN10: =CL10 -> 0 | AO10: =IFERROR(AN10/AN26,0) -> 0 | AP10: =CM10 -> 0 | AQ10: =IFERROR(AP10/AP26,0) -> 0 | AR10: =IFERROR(AT10/AP10,"0") -> 0 | AS10: =IFERROR(AR10/AR11,0) -> 0 | AT10: =CN10 -> 0 | AU10: =IFERROR(AT10/AT26,0) -> 0 | AV10: =IFERROR(L10-F10,0) -> -283 | AW10: =IFERROR(AV10/F10,0) -> -1 | AX10: =IFERROR(N10-H10,0) -> 0 | AY10: =IFERROR(AX10/H10,0) -> 0 | AZ10: =IFERROR(P10-J10,0) -> 0 | BA10: =IFERROR(AZ10/J10,0) -> 0 | BB10: =IFERROR(L10-R10,0) -> 0 | BC10: =IFERROR(BB10/R10,0) -> 0 | BD10: =IFERROR(N10-T10,0) -> 0 | BE10: =IFERROR(BD10/T10,0) -> 0 | BF10: =IFERROR(P10-V10,0) -> 0 | BG10: =IFERROR(BF10/V10,0) -> 0 | BH10: =IFERROR(L10-X10,0) -> 0 | BI10: =IFERROR(BH10/X10,0) -> 0 | BJ10: =IFERROR(N10-Z10,0) -> 0 | BK10: =IFERROR(BJ10/Z10,0) -> 0 | BL10: =IFERROR(P10-AB10,0) -> 0 | BM10: =IFERROR(BL10/AB10,0) -> 0 | BN10: =IFERROR(L10-AP10,0) -> 0 | BO10: =IFERROR(BN10/AP10,0) -> 0 | BP10: =IFERROR(N10-AR10,0) -> 0 | BQ10: =IFERROR(BP10/AR10,0) -> 0 | BR10: =IFERROR(P10-AT10,0) -> 0 | BS10: =IFERROR(BR10/AT10,0) -> 0 | BX10: 1월 | BY10: 회 원 | BZ10: 기 명 | CA10: =기존구분!$E$46 -> 283
E11: 무기명 | F11: =CA11 -> 1047 | G11: =IFERROR(F11/F26,0) -> 0.2693594 | H11: =IFERROR(J11/F11,"0") -> 282.16527 | I11: =IFERROR(H11/H11,0) -> 1 | J11: =CB11 -> 295427.04 | K11: =IFERROR(J11/J26,0) -> 0.26235166 | L11: =CC11 -> 0 | M11: =IFERROR(L11/L26,0) -> 0 | N11: =IFERROR(P11/L11,"0") -> 0 | O11: =IFERROR(N11/N11,0) -> 0 | P11: =CD11 -> 0 | Q11: =IFERROR(P11/P26,0) -> 0 | R11: =CE11 -> 0 | S11: =IFERROR(R11/R26,0) -> 0 | T11: =IFERROR(V11/R11,"0") -> 0 | U11: =IFERROR(T11/T11,0) -> 0 | V11: =CF11 -> 0 | W11: =IFERROR(V11/V26,0) -> 0 | X11: =CG11 -> 0 | Y11: =IFERROR(X11/X26,0) -> 0 | Z11: =IFERROR(AB11/X11,"0") -> 0 | AA11: =IFERROR(Z11/Z11,0) -> 0 | AB11: =CH11 -> 0 | AC11: =IFERROR(AB11/AB26,0) -> 0 | AD11: =CI11 -> 0 | AE11: =IFERROR(AD11/AD26,0) -> 0 | AF11: =IFERROR(AH11/AD11,"0") -> 0 | AG11: =IFERROR(AF11/AF11,0) -> 0 | AH11: =CJ11 -> 0 | AI11: =IFERROR(AH11/AH26,0) -> 0 | AJ11: =CK11 -> 0 | AK11: =IFERROR(AJ11/AJ26,0) -> 0 | AL11: =IFERROR(AN11/AJ11,"0") -> 0 | AM11: =IFERROR(AL11/AL11,0) -> 0 | AN11: =CL11 -> 0 | AO11: =IFERROR(AN11/AN26,0) -> 0 | AP11: =CM11 -> 0 | AQ11: =IFERROR(AP11/AP26,0) -> 0 | AR11: =IFERROR(AT11/AP11,"0") -> 0 | AS11: =IFERROR(AR11/AR11,0) -> 0 | AT11: =CN11 -> 0 | AU11: =IFERROR(AT11/AT26,0) -> 0 | AV11: =IFERROR(L11-F11,0) -> -1047 | AW11: =IFERROR(AV11/F11,0) -> -1 | AX11: =IFERROR(N11-H11,0) -> -282.16527 | AY11: =IFERROR(AX11/H11,0) -> -1 | AZ11: =IFERROR(P11-J11,0) -> -295427.04 | BA11: =IFERROR(AZ11/J11,0) -> -1 | BB11: =IFERROR(L11-R11,0) -> 0 | BC11: =IFERROR(BB11/R11,0) -> 0 | BD11: =IFERROR(N11-T11,0) -> 0 | BE11: =IFERROR(BD11/T11,0) -> 0 | BF11: =IFERROR(P11-V11,0) -> 0 | BG11: =IFERROR(BF11/V11,0) -> 0 | BH11: =IFERROR(L11-X11,0) -> 0 | BI11: =IFERROR(BH11/X11,0) -> 0 | BJ11: =IFERROR(N11-Z11,0) -> 0 | BK11: =IFERROR(BJ11/Z11,0) -> 0 | BL11: =IFERROR(P11-AB11,0) -> 0 | BM11: =IFERROR(BL11/AB11,0) -> 0 | BN11: =IFERROR(L11-AP11,0) -> 0 | BO11: =IFERROR(BN11/AP11,0) -> 0 | BP11: =IFERROR(N11-AR11,0) -> 0 | BQ11: =IFERROR(BP11/AR11,0) -> 0 | BR11: =IFERROR(P11-AT11,0) -> 0 | BS11: =IFERROR(BR11/AT11,0) -> 0 | BZ11: 무기명 | CA11: =ROUND(기존구분!$E$45*(SUM('파나크 영덕'!L11,소노문해운대!L10:L11)/SUM('파나크 영덕'!L11:L13,소노문해운대!L10:L13)),0) -> 1047 | CB11: =CA11*기존구분!$E$53-1000 -> 295427.04
E12: Staff | F12: =CA12 -> 79 | G12: =IFERROR(F12/F26,0) -> 0.020324157 | H12: =IFERROR(J12/F12,"0") -> 295.77861 | I12: =IFERROR(H12/H11,0) -> 1.048246 | J12: =CB12 -> 23366.51 | K12: =IFERROR(J12/J26,0) -> 0.020750446 | L12: =CC12 -> 0 | M12: =IFERROR(L12/L26,0) -> 0 | N12: =IFERROR(P12/L12,"0") -> 0 | O12: =IFERROR(N12/N11,0) -> 0 | P12: =CD12 -> 0 | Q12: =IFERROR(P12/P26,0) -> 0 | R12: =CE12 -> 0 | S12: =IFERROR(R12/R26,0) -> 0 | T12: =IFERROR(V12/R12,"0") -> 0 | U12: =IFERROR(T12/T11,0) -> 0 | V12: =CF12 -> 0 | W12: =IFERROR(V12/V26,0) -> 0 | X12: =CG12 -> 0 | Y12: =IFERROR(X12/X26,0) -> 0 | Z12: =IFERROR(AB12/X12,"0") -> 0 | AA12: =IFERROR(Z12/Z11,0) -> 0 | AB12: =CH12 -> 0 | AC12: =IFERROR(AB12/AB26,0) -> 0 | AD12: =CI12 -> 0 | AE12: =IFERROR(AD12/AD26,0) -> 0 | AF12: =IFERROR(AH12/AD12,"0") -> 0 | AG12: =IFERROR(AF12/AF11,0) -> 0 | AH12: =CJ12 -> 0 | AI12: =IFERROR(AH12/AH26,0) -> 0 | AJ12: =CK12 -> 0 | AK12: =IFERROR(AJ12/AJ26,0) -> 0 | AL12: =IFERROR(AN12/AJ12,"0") -> 0 | AM12: =IFERROR(AL12/AL11,0) -> 0 | AN12: =CL12 -> 0 | AO12: =IFERROR(AN12/AN26,0) -> 0 | AP12: =CM12 -> 0 | AQ12: =IFERROR(AP12/AP26,0) -> 0 | AR12: =IFERROR(AT12/AP12,"0") -> 0 | AS12: =IFERROR(AR12/AR11,0) -> 0 | AT12: =CN12 -> 0 | AU12: =IFERROR(AT12/AT26,0) -> 0 | AV12: =IFERROR(L12-F12,0) -> -79 | AW12: =IFERROR(AV12/F12,0) -> -1 | AX12: =IFERROR(N12-H12,0) -> -295.77861 | AY12: =IFERROR(AX12/H12,0) -> -1 | AZ12: =IFERROR(P12-J12,0) -> -23366.51 | BA12: =IFERROR(AZ12/J12,0) -> -1 | BB12: =IFERROR(L12-R12,0) -> 0 | BC12: =IFERROR(BB12/R12,0) -> 0 | BD12: =IFERROR(N12-T12,0) -> 0 | BE12: =IFERROR(BD12/T12,0) -> 0 | BF12: =IFERROR(P12-V12,0) -> 0 | BG12: =IFERROR(BF12/V12,0) -> 0 | BH12: =IFERROR(L12-X12,0) -> 0 | BI12: =IFERROR(BH12/X12,0) -> 0 | BJ12: =IFERROR(N12-Z12,0) -> 0 | BK12: =IFERROR(BJ12/Z12,0) -> 0 | BL12: =IFERROR(P12-AB12,0) -> 0 | BM12: =IFERROR(BL12/AB12,0) -> 0 | BN12: =IFERROR(L12-AP12,0) -> 0 | BO12: =IFERROR(BN12/AP12,0) -> 0 | BP12: =IFERROR(N12-AR12,0) -> 0 | BQ12: =IFERROR(BP12/AR12,0) -> 0 | BR12: =IFERROR(P12-AT12,0) -> 0 | BS12: =IFERROR(BR12/AT12,0) -> 0 | BZ12: 직 원 | CA12: =ROUND(기존구분!$E$45*(SUM('파나크 영덕:소노문해운대'!L12)/SUM('파나크 영덕'!L11:L13,소노문해운대!L10:L13)),0) -> 79 | CB12: =CA12*기존구분!$E$53+1000 -> 23366.51
E13: Other | F13: =CA13 -> 19 | G13: =IFERROR(F13/F26,0) -> 0.0048880885 | H13: =IFERROR(J13/F13,"0") -> 283.12038 | I13: =IFERROR(H13/H11,0) -> 1.0033849 | J13: =CB13 -> 5379.2872 | K13: =IFERROR(J13/J26,0) -> 0.0047770338 | L13: =CC13 -> 0 | M13: =IFERROR(L13/L26,0) -> 0 | N13: =IFERROR(P13/L13,"0") -> 0 | O13: =IFERROR(N13/N11,0) -> 0 | P13: =CD13 -> 0 | Q13: =IFERROR(P13/P26,0) -> 0 | R13: =CE13 -> 0 | S13: =IFERROR(R13/R26,0) -> 0 | T13: =IFERROR(V13/R13,"0") -> 0 | U13: =IFERROR(T13/T11,0) -> 0 | V13: =CF13 -> 0 | W13: =IFERROR(V13/V26,0) -> 0 | X13: =CG13 -> 0 | Y13: =IFERROR(X13/X26,0) -> 0 | Z13: =IFERROR(AB13/X13,"0") -> 0 | AA13: =IFERROR(Z13/Z11,0) -> 0 | AB13: =CH13 -> 0 | AC13: =IFERROR(AB13/AB26,0) -> 0 | AD13: =CI13 -> 0 | AE13: =IFERROR(AD13/AD26,0) -> 0 | AF13: =IFERROR(AH13/AD13,"0") -> 0 | AG13: =IFERROR(AF13/AF11,0) -> 0 | AH13: =CJ13 -> 0 | AI13: =IFERROR(AH13/AH26,0) -> 0 | AJ13: =CK13 -> 0 | AK13: =IFERROR(AJ13/AJ26,0) -> 0 | AL13: =IFERROR(AN13/AJ13,"0") -> 0 | AM13: =IFERROR(AL13/AL11,0) -> 0 | AN13: =CL13 -> 0 | AO13: =IFERROR(AN13/AN26,0) -> 0 | AP13: =CM13 -> 0 | AQ13: =IFERROR(AP13/AP26,0) -> 0 | AR13: =IFERROR(AT13/AP13,"0") -> 0 | AS13: =IFERROR(AR13/AR11,0) -> 0 | AT13: =CN13 -> 0 | AU13: =IFERROR(AT13/AT26,0) -> 0 | AV13: =IFERROR(L13-F13,0) -> -19 | AW13: =IFERROR(AV13/F13,0) -> -1 | AX13: =IFERROR(N13-H13,0) -> -283.12038 | AY13: =IFERROR(AX13/H13,0) -> -1 | AZ13: =IFERROR(P13-J13,0) -> -5379.2872 | BA13: =IFERROR(AZ13/J13,0) -> -1 | BB13: =IFERROR(L13-R13,0) -> 0 | BC13: =IFERROR(BB13/R13,0) -> 0 | BD13: =IFERROR(N13-T13,0) -> 0 | BE13: =IFERROR(BD13/T13,0) -> 0 | BF13: =IFERROR(P13-V13,0) -> 0 | BG13: =IFERROR(BF13/V13,0) -> 0 | BH13: =IFERROR(L13-X13,0) -> 0 | BI13: =IFERROR(BH13/X13,0) -> 0 | BJ13: =IFERROR(N13-Z13,0) -> 0 | BK13: =IFERROR(BJ13/Z13,0) -> 0 | BL13: =IFERROR(P13-AB13,0) -> 0 | BM13: =IFERROR(BL13/AB13,0) -> 0 | BN13: =IFERROR(L13-AP13,0) -> 0 | BO13: =IFERROR(BN13/AP13,0) -> 0 | BP13: =IFERROR(N13-AR13,0) -> 0 | BQ13: =IFERROR(BP13/AR13,0) -> 0 | BR13: =IFERROR(P13-AT13,0) -> 0 | BS13: =IFERROR(BR13/AT13,0) -> 0 | BZ13: 기 타 | CA13: =ROUND(기존구분!$E$45*(SUM('파나크 영덕:소노문해운대'!L13)/SUM('파나크 영덕'!L11:L13,소노문해운대!L10:L13)),0) -> 19 | CB13: =CA13*기존구분!$E$53 -> 5379.2872
E14: Total | F14: =SUM(F10:F13) -> 1428 | G14: =IFERROR(F14/F26,0) -> 0.36737844 | H14: =IFERROR(J14/F14,"0") -> 227.01179 | I14: =IFERROR(H14/H11,0) -> 0.80453484 | J14: =SUM(J10:J13) -> 324172.83 | K14: =IFERROR(J14/J26,0) -> 0.28787914 | L14: =SUM(L10:L13) -> 0 | M14: =IFERROR(L14/L26,0) -> 0 | N14: =IFERROR(P14/L14,"0") -> 0 | O14: =IFERROR(N14/N11,0) -> 0 | P14: =SUM(P10:P13) -> 0 | Q14: =IFERROR(P14/P26,0) -> 0 | R14: =SUM(R10:R13) -> 0 | S14: =IFERROR(R14/R26,0) -> 0 | T14: =IFERROR(V14/R14,"0") -> 0 | U14: =IFERROR(T14/T11,0) -> 0 | V14: =SUM(V10:V13) -> 0 | W14: =IFERROR(V14/V26,0) -> 0 | X14: =SUM(X10:X13) -> 0 | Y14: =IFERROR(X14/X26,0) -> 0 | Z14: =IFERROR(AB14/X14,"0") -> 0 | AA14: =IFERROR(Z14/Z11,0) -> 0 | AB14: =SUM(AB10:AB13) -> 0 | AC14: =IFERROR(AB14/AB26,0) -> 0 | AD14: =SUM(AD10:AD13) -> 0 | AE14: =IFERROR(AD14/AD26,0) -> 0 | AF14: =IFERROR(AH14/AD14,"0") -> 0 | AG14: =IFERROR(AF14/AF11,0) -> 0 | AH14: =SUM(AH10:AH13) -> 0 | AI14: =IFERROR(AH14/AH26,0) -> 0 | AJ14: =SUM(AJ10:AJ13) -> 0 | AK14: =IFERROR(AJ14/AJ26,0) -> 0 | AL14: =IFERROR(AN14/AJ14,"0") -> 0 | AM14: =IFERROR(AL14/AL11,0) -> 0 | AN14: =SUM(AN10:AN13) -> 0 | AO14: =IFERROR(AN14/AN26,0) -> 0 | AP14: =SUM(AP10:AP13) -> 0 | AQ14: =IFERROR(AP14/AP26,0) -> 0 | AR14: =IFERROR(AT14/AP14,"0") -> 0 | AS14: =IFERROR(AR14/AR11,0) -> 0 | AT14: =SUM(AT10:AT13) -> 0 | AU14: =IFERROR(AT14/AT26,0) -> 0 | AV14: =IFERROR(L14-F14,0) -> -1428 | AW14: =IFERROR(AV14/F14,0) -> -1 | AX14: =IFERROR(N14-H14,0) -> -227.01179 | AY14: =IFERROR(AX14/H14,0) -> -1 | AZ14: =IFERROR(P14-J14,0) -> -324172.83 | BA14: =IFERROR(AZ14/J14,0) -> -1 | BB14: =IFERROR(L14-R14,0) -> 0 | BC14: =IFERROR(BB14/R14,0) -> 0 | BD14: =IFERROR(N14-T14,0) -> 0 | BE14: =IFERROR(BD14/T14,0) -> 0 | BF14: =IFERROR(P14-V14,0) -> 0 | BG14: =IFERROR(BF14/V14,0) -> 0 | BH14: =IFERROR(L14-X14,0) -> 0 | BI14: =IFERROR(BH14/X14,0) -> 0 | BJ14: =IFERROR(N14-Z14,0) -> 0 | BK14: =IFERROR(BJ14/Z14,0) -> 0 | BL14: =IFERROR(P14-AB14,0) -> 0 | BM14: =IFERROR(BL14/AB14,0) -> 0 | BN14: =IFERROR(L14-AP14,0) -> 0 | BO14: =IFERROR(BN14/AP14,0) -> 0 | BP14: =IFERROR(N14-AR14,0) -> 0 | BQ14: =IFERROR(BP14/AR14,0) -> 0 | BR14: =IFERROR(P14-AT14,0) -> 0 | BS14: =IFERROR(BR14/AT14,0) -> 0 | BY14: 단 체 | BZ14: 일 반 | CA14: =ROUND(기존구분!$E$44*(SUM('파나크 영덕:소노문해운대'!L15)/SUM('파나크 영덕:소노문해운대'!$L$18,'파나크 영덕:소노문해운대'!$L$24,'파나크 영덕:소노문해운대'!$L$25)),0) -> 486 | CB14: =CA14*기존구분!$E$52-30000 -> 128488.48
D15: Group | E15: G-Mice | F15: =CA14 -> 486 | G15: =IFERROR(F15/F26,0) -> 0.12503216 | H15: =IFERROR(J15/F15,"0") -> 264.37958 | I15: =IFERROR(H15/H11,0) -> 0.93696712 | J15: =CB14 -> 128488.48 | K15: =IFERROR(J15/J26,0) -> 0.11410318 | L15: =CC14 -> 0 | M15: =IFERROR(L15/L26,0) -> 0 | N15: =IFERROR(P15/L15,"0") -> 0 | O15: =IFERROR(N15/N11,0) -> 0 | P15: =CD14 -> 0 | Q15: =IFERROR(P15/P26,0) -> 0 | R15: =CE14 -> 0 | S15: =IFERROR(R15/R26,0) -> 0 | T15: =IFERROR(V15/R15,"0") -> 0 | U15: =IFERROR(T15/T11,0) -> 0 | V15: =CF14 -> 0 | W15: =IFERROR(V15/V26,0) -> 0 | X15: =CG14 -> 0 | Y15: =IFERROR(X15/X26,0) -> 0 | Z15: =IFERROR(AB15/X15,"0") -> 0 | AA15: =IFERROR(Z15/Z11,0) -> 0 | AB15: =CH14 -> 0 | AC15: =IFERROR(AB15/AB26,0) -> 0 | AD15: =CI14 -> 0 | AE15: =IFERROR(AD15/AD26,0) -> 0 | AF15: =IFERROR(AH15/AD15,"0") -> 0 | AG15: =IFERROR(AF15/AF11,0) -> 0 | AH15: =CJ14 -> 0 | AI15: =IFERROR(AH15/AH26,0) -> 0 | AJ15: =CK14 -> 0 | AK15: =IFERROR(AJ15/AJ26,0) -> 0 | AL15: =IFERROR(AN15/AJ15,"0") -> 0 | AM15: =IFERROR(AL15/AL11,0) -> 0 | AN15: =CL14 -> 0 | AO15: =IFERROR(AN15/AN26,0) -> 0 | AP15: =CM14 -> 0 | AQ15: =IFERROR(AP15/AP26,0) -> 0 | AR15: =IFERROR(AT15/AP15,"0") -> 0 | AS15: =IFERROR(AR15/AR11,0) -> 0 | AT15: =CN14 -> 0 | AU15: =IFERROR(AT15/AT26,0) -> 0 | AV15: =IFERROR(L15-F15,0) -> -486 | AW15: =IFERROR(AV15/F15,0) -> -1 | AX15: =IFERROR(N15-H15,0) -> -264.37958 | AY15: =IFERROR(AX15/H15,0) -> -1 | AZ15: =IFERROR(P15-J15,0) -> -128488.48 | BA15: =IFERROR(AZ15/J15,0) -> -1 | BB15: =IFERROR(L15-R15,0) -> 0 | BC15: =IFERROR(BB15/R15,0) -> 0 | BD15: =IFERROR(N15-T15,0) -> 0 | BE15: =IFERROR(BD15/T15,0) -> 0 | BF15: =IFERROR(P15-V15,0) -> 0 | BG15: =IFERROR(BF15/V15,0) -> 0 | BH15: =IFERROR(L15-X15,0) -> 0 | BI15: =IFERROR(BH15/X15,0) -> 0 | BJ15: =IFERROR(N15-Z15,0) -> 0 | BK15: =IFERROR(BJ15/Z15,0) -> 0 | BL15: =IFERROR(P15-AB15,0) -> 0 | BM15: =IFERROR(BL15/AB15,0) -> 0 | BN15: =IFERROR(L15-AP15,0) -> 0 | BO15: =IFERROR(BN15/AP15,0) -> 0 | BP15: =IFERROR(N15-AR15,0) -> 0 | BQ15: =IFERROR(BP15/AR15,0) -> 0 | BR15: =IFERROR(P15-AT15,0) -> 0 | BS15: =IFERROR(BR15/AT15,0) -> 0 | BZ15: 학 생 | CA15: =ROUND(기존구분!$E$44*(SUM('파나크 영덕:소노문해운대'!L16)/SUM('파나크 영덕:소노문해운대'!$L$18,'파나크 영덕:소노문해운대'!$L$24,'파나크 영덕:소노문해운대'!$L$25)),0) -> 0 | CB15: =CA15*기존구분!$E$52 -> 0
E16: E-Mice | F16: =CA15 -> 0 | G16: =IFERROR(F16/F26,0) -> 0 | H16: =IFERROR(J16/F16,"0") -> 0 | I16: =IFERROR(H16/H11,0) -> 0 | J16: =CB15 -> 0 | K16: =IFERROR(J16/J26,0) -> 0 | L16: =CC15 -> 0 | M16: =IFERROR(L16/L26,0) -> 0 | N16: =IFERROR(P16/L16,"0") -> 0 | O16: =IFERROR(N16/N11,0) -> 0 | P16: =CD15 -> 0 | Q16: =IFERROR(P16/P26,0) -> 0 | R16: =CE15 -> 0 | S16: =IFERROR(R16/R26,0) -> 0 | T16: =IFERROR(V16/R16,"0") -> 0 | U16: =IFERROR(T16/T11,0) -> 0 | V16: =CF15 -> 0 | W16: =IFERROR(V16/V26,0) -> 0 | X16: =CG15 -> 0 | Y16: =IFERROR(X16/X26,0) -> 0 | Z16: =IFERROR(AB16/X16,"0") -> 0 | AA16: =IFERROR(Z16/Z11,0) -> 0 | AB16: =CH15 -> 0 | AC16: =IFERROR(AB16/AB26,0) -> 0 | AD16: =CI15 -> 0 | AE16: =IFERROR(AD16/AD26,0) -> 0 | AF16: =IFERROR(AH16/AD16,"0") -> 0 | AG16: =IFERROR(AF16/AF11,0) -> 0 | AH16: =CJ15 -> 0 | AI16: =IFERROR(AH16/AH26,0) -> 0 | AJ16: =CK15 -> 0 | AK16: =IFERROR(AJ16/AJ26,0) -> 0 | AL16: =IFERROR(AN16/AJ16,"0") -> 0 | AM16: =IFERROR(AL16/AL11,0) -> 0 | AN16: =CL15 -> 0 | AO16: =IFERROR(AN16/AN26,0) -> 0 | AP16: =CM15 -> 0 | AQ16: =IFERROR(AP16/AP26,0) -> 0 | AR16: =IFERROR(AT16/AP16,"0") -> 0 | AS16: =IFERROR(AR16/AR11,0) -> 0 | AT16: =CN15 -> 0 | AU16: =IFERROR(AT16/AT26,0) -> 0 | AV16: =IFERROR(L16-F16,0) -> 0 | AW16: =IFERROR(AV16/F16,0) -> 0 | AX16: =IFERROR(N16-H16,0) -> 0 | AY16: =IFERROR(AX16/H16,0) -> 0 | AZ16: =IFERROR(P16-J16,0) -> 0 | BA16: =IFERROR(AZ16/J16,0) -> 0 | BB16: =IFERROR(L16-R16,0) -> 0 | BC16: =IFERROR(BB16/R16,0) -> 0 | BD16: =IFERROR(N16-T16,0) -> 0 | BE16: =IFERROR(BD16/T16,0) -> 0 | BF16: =IFERROR(P16-V16,0) -> 0 | BG16: =IFERROR(BF16/V16,0) -> 0 | BH16: =IFERROR(L16-X16,0) -> 0 | BI16: =IFERROR(BH16/X16,0) -> 0 | BJ16: =IFERROR(N16-Z16,0) -> 0 | BK16: =IFERROR(BJ16/Z16,0) -> 0 | BL16: =IFERROR(P16-AB16,0) -> 0 | BM16: =IFERROR(BL16/AB16,0) -> 0 | BN16: =IFERROR(L16-AP16,0) -> 0 | BO16: =IFERROR(BN16/AP16,0) -> 0 | BP16: =IFERROR(N16-AR16,0) -> 0 | BQ16: =IFERROR(BP16/AR16,0) -> 0 | BR16: =IFERROR(P16-AT16,0) -> 0 | BS16: =IFERROR(BR16/AT16,0) -> 0 | BZ16: 인바운드 | CA16: =ROUND(기존구분!$E$44*(SUM('파나크 영덕:소노문해운대'!L17)/SUM('파나크 영덕:소노문해운대'!$L$18,'파나크 영덕:소노문해운대'!$L$24,'파나크 영덕:소노문해운대'!$L$25)),0) -> 283 | CB16: =CA16*기존구분!$E$52-20000 -> 72288.557
E17: Inbound | F17: =CA16 -> 283 | G17: =IFERROR(F17/F26,0) -> 0.072806792 | H17: =IFERROR(J17/F17,"0") -> 255.4366 | I17: =IFERROR(H17/H11,0) -> 0.90527299 | J17: =CB16 -> 72288.557 | K17: =IFERROR(J17/J26,0) -> 0.064195286 | L17: =CC16 -> 0 | M17: =IFERROR(L17/L26,0) -> 0 | N17: =IFERROR(P17/L17,"0") -> 0 | O17: =IFERROR(N17/N11,0) -> 0 | P17: =CD16 -> 0 | Q17: =IFERROR(P17/P26,0) -> 0 | R17: =CE16 -> 0 | S17: =IFERROR(R17/R26,0) -> 0 | T17: =IFERROR(V17/R17,"0") -> 0 | U17: =IFERROR(T17/T11,0) -> 0 | V17: =CF16 -> 0 | W17: =IFERROR(V17/V26,0) -> 0 | X17: =CG16 -> 0 | Y17: =IFERROR(X17/X26,0) -> 0 | Z17: =IFERROR(AB17/X17,"0") -> 0 | AA17: =IFERROR(Z17/Z11,0) -> 0 | AB17: =CH16 -> 0 | AC17: =IFERROR(AB17/AB26,0) -> 0 | AD17: =CI16 -> 0 | AE17: =IFERROR(AD17/AD26,0) -> 0 | AF17: =IFERROR(AH17/AD17,"0") -> 0 | AG17: =IFERROR(AF17/AF11,0) -> 0 | AH17: =CJ16 -> 0 | AI17: =IFERROR(AH17/AH26,0) -> 0 | AJ17: =CK16 -> 0 | AK17: =IFERROR(AJ17/AJ26,0) -> 0 | AL17: =IFERROR(AN17/AJ17,"0") -> 0 | AM17: =IFERROR(AL17/AL11,0) -> 0 | AN17: =CL16 -> 0 | AO17: =IFERROR(AN17/AN26,0) -> 0 | AP17: =CM16 -> 0 | AQ17: =IFERROR(AP17/AP26,0) -> 0 | AR17: =IFERROR(AT17/AP17,"0") -> 0 | AS17: =IFERROR(AR17/AR11,0) -> 0 | AT17: =CN16 -> 0 | AU17: =IFERROR(AT17/AT26,0) -> 0 | AV17: =IFERROR(L17-F17,0) -> -283 | AW17: =IFERROR(AV17/F17,0) -> -1 | AX17: =IFERROR(N17-H17,0) -> -255.4366 | AY17: =IFERROR(AX17/H17,0) -> -1 | AZ17: =IFERROR(P17-J17,0) -> -72288.557 | BA17: =IFERROR(AZ17/J17,0) -> -1 | BB17: =IFERROR(L17-R17,0) -> 0 | BC17: =IFERROR(BB17/R17,0) -> 0 | BD17: =IFERROR(N17-T17,0) -> 0 | BE17: =IFERROR(BD17/T17,0) -> 0 | BF17: =IFERROR(P17-V17,0) -> 0 | BG17: =IFERROR(BF17/V17,0) -> 0 | BH17: =IFERROR(L17-X17,0) -> 0 | BI17: =IFERROR(BH17/X17,0) -> 0 | BJ17: =IFERROR(N17-Z17,0) -> 0 | BK17: =IFERROR(BJ17/Z17,0) -> 0 | BL17: =IFERROR(P17-AB17,0) -> 0 | BM17: =IFERROR(BL17/AB17,0) -> 0 | BN17: =IFERROR(L17-AP17,0) -> 0 | BO17: =IFERROR(BN17/AP17,0) -> 0 | BP17: =IFERROR(N17-AR17,0) -> 0 | BQ17: =IFERROR(BP17/AR17,0) -> 0 | BR17: =IFERROR(P17-AT17,0) -> 0 | BS17: =IFERROR(BR17/AT17,0) -> 0 | BY17: 일 반 | BZ17: 홈페이지 | CA17: =ROUND(기존구분!$E$44*(SUM('파나크 영덕:소노문해운대'!L19)/SUM('파나크 영덕:소노문해운대'!$L$18,'파나크 영덕:소노문해운대'!$L$24,'파나크 영덕:소노문해운대'!$L$25)),0) -> 309 | CB17: =CA17*기존구분!$E$52+5000+10088 -> 115855.36
E18: Total | F18: =SUM(F15:F17) -> 769 | G18: =IFERROR(F18/F26,0) -> 0.19783895 | H18: =IFERROR(J18/F18,"0") -> 261.08847 | I18: =IFERROR(H18/H11,0) -> 0.92530335 | J18: =SUM(J15:J17) -> 200777.03 | K18: =IFERROR(J18/J26,0) -> 0.17829847 | L18: =SUM(L15:L17) -> 0 | M18: =IFERROR(L18/L26,0) -> 0 | N18: =IFERROR(P18/L18,"0") -> 0 | O18: =IFERROR(N18/N11,0) -> 0 | P18: =SUM(P15:P17) -> 0 | Q18: =IFERROR(P18/P26,0) -> 0 | R18: =SUM(R15:R17) -> 0 | S18: =IFERROR(R18/R26,0) -> 0 | T18: =IFERROR(V18/R18,"0") -> 0 | U18: =IFERROR(T18/T11,0) -> 0 | V18: =SUM(V15:V17) -> 0 | W18: =IFERROR(V18/V26,0) -> 0 | X18: =SUM(X15:X17) -> 0 | Y18: =IFERROR(X18/X26,0) -> 0 | Z18: =IFERROR(AB18/X18,"0") -> 0 | AA18: =IFERROR(Z18/Z11,0) -> 0 | AB18: =SUM(AB15:AB17) -> 0 | AC18: =IFERROR(AB18/AB26,0) -> 0 | AD18: =SUM(AD15:AD17) -> 0 | AE18: =IFERROR(AD18/AD26,0) -> 0 | AF18: =IFERROR(AH18/AD18,"0") -> 0 | AG18: =IFERROR(AF18/AF11,0) -> 0 | AH18: =SUM(AH15:AH17) -> 0 | AI18: =IFERROR(AH18/AH26,0) -> 0 | AJ18: =SUM(AJ15:AJ17) -> 0 | AK18: =IFERROR(AJ18/AJ26,0) -> 0 | AL18: =IFERROR(AN18/AJ18,"0") -> 0 | AM18: =IFERROR(AL18/AL11,0) -> 0 | AN18: =SUM(AN15:AN17) -> 0 | AO18: =IFERROR(AN18/AN26,0) -> 0 | AP18: =SUM(AP15:AP17) -> 0 | AQ18: =IFERROR(AP18/AP26,0) -> 0 | AR18: =IFERROR(AT18/AP18,"0") -> 0 | AS18: =IFERROR(AR18/AR11,0) -> 0 | AT18: =SUM(AT15:AT17) -> 0 | AU18: =IFERROR(AT18/AT26,0) -> 0 | AV18: =IFERROR(L18-F18,0) -> -769 | AW18: =IFERROR(AV18/F18,0) -> -1 | AX18: =IFERROR(N18-H18,0) -> -261.08847 | AY18: =IFERROR(AX18/H18,0) -> -1 | AZ18: =IFERROR(P18-J18,0) -> -200777.03 | BA18: =IFERROR(AZ18/J18,0) -> -1 | BB18: =IFERROR(L18-R18,0) -> 0 | BC18: =IFERROR(BB18/R18,0) -> 0 | BD18: =IFERROR(N18-T18,0) -> 0 | BE18: =IFERROR(BD18/T18,0) -> 0 | BF18: =IFERROR(P18-V18,0) -> 0 | BG18: =IFERROR(BF18/V18,0) -> 0 | BH18: =IFERROR(L18-X18,0) -> 0 | BI18: =IFERROR(BH18/X18,0) -> 0 | BJ18: =IFERROR(N18-Z18,0) -> 0 | BK18: =IFERROR(BJ18/Z18,0) -> 0 | BL18: =IFERROR(P18-AB18,0) -> 0 | BM18: =IFERROR(BL18/AB18,0) -> 0 | BN18: =IFERROR(L18-AP18,0) -> 0 | BO18: =IFERROR(BN18/AP18,0) -> 0 | BP18: =IFERROR(N18-AR18,0) -> 0 | BQ18: =IFERROR(BP18/AR18,0) -> 0 | BR18: =IFERROR(P18-AT18,0) -> 0 | BS18: =IFERROR(BR18/AT18,0) -> 0 | BZ18: OTA | CA18: =ROUND(기존구분!$E$44*(SUM('파나크 영덕:소노문해운대'!L20)/SUM('파나크 영덕:소노문해운대'!$L$18,'파나크 영덕:소노문해운대'!$L$24,'파나크 영덕:소노문해운대'!$L$25)),0) -> 682 | CB18: =CA18*기존구분!$E$52+25000 -> 247405.64
D19: FIT | E19: Homepage | F19: =CA17 -> 309 | G19: =IFERROR(F19/F26,0) -> 0.079495755 | H19: =IFERROR(J19/F19,"0") -> 374.93645 | I19: =IFERROR(H19/H11,0) -> 1.3287832 | J19: =CB17 -> 115855.36 | K19: =IFERROR(J19/J26,0) -> 0.10288445 | L19: =CC17 -> 0 | M19: =IFERROR(L19/L26,0) -> 0 | N19: =IFERROR(P19/L19,"0") -> 0 | O19: =IFERROR(N19/N11,0) -> 0 | P19: =CD17 -> 0 | Q19: =IFERROR(P19/P26,0) -> 0 | R19: =CE17 -> 0 | S19: =IFERROR(R19/R26,0) -> 0 | T19: =IFERROR(V19/R19,"0") -> 0 | U19: =IFERROR(T19/T11,0) -> 0 | V19: =CF17 -> 0 | W19: =IFERROR(V19/V26,0) -> 0 | X19: =CG17 -> 0 | Y19: =IFERROR(X19/X26,0) -> 0 | Z19: =IFERROR(AB19/X19,"0") -> 0 | AA19: =IFERROR(Z19/Z11,0) -> 0 | AB19: =CH17 -> 0 | AC19: =IFERROR(AB19/AB26,0) -> 0 | AD19: =CI17 -> 0 | AE19: =IFERROR(AD19/AD26,0) -> 0 | AF19: =IFERROR(AH19/AD19,"0") -> 0 | AG19: =IFERROR(AF19/AF11,0) -> 0 | AH19: =CJ17 -> 0 | AI19: =IFERROR(AH19/AH26,0) -> 0 | AJ19: =CK17 -> 0 | AK19: =IFERROR(AJ19/AJ26,0) -> 0 | AL19: =IFERROR(AN19/AJ19,"0") -> 0 | AM19: =IFERROR(AL19/AL11,0) -> 0 | AN19: =CL17 -> 0 | AO19: =IFERROR(AN19/AN26,0) -> 0 | AP19: =CM17 -> 0 | AQ19: =IFERROR(AP19/AP26,0) -> 0 | AR19: =IFERROR(AT19/AP19,"0") -> 0 | AS19: =IFERROR(AR19/AR11,0) -> 0 | AT19: =CN17 -> 0 | AU19: =IFERROR(AT19/AT26,0) -> 0 | AV19: =IFERROR(L19-F19,0) -> -309 | AW19: =IFERROR(AV19/F19,0) -> -1 | AX19: =IFERROR(N19-H19,0) -> -374.93645 | AY19: =IFERROR(AX19/H19,0) -> -1 | AZ19: =IFERROR(P19-J19,0) -> -115855.36 | BA19: =IFERROR(AZ19/J19,0) -> -1 | BB19: =IFERROR(L19-R19,0) -> 0 | BC19: =IFERROR(BB19/R19,0) -> 0 | BD19: =IFERROR(N19-T19,0) -> 0 | BE19: =IFERROR(BD19/T19,0) -> 0 | BF19: =IFERROR(P19-V19,0) -> 0 | BG19: =IFERROR(BF19/V19,0) -> 0 | BH19: =IFERROR(L19-X19,0) -> 0 | BI19: =IFERROR(BH19/X19,0) -> 0 | BJ19: =IFERROR(N19-Z19,0) -> 0 | BK19: =IFERROR(BJ19/Z19,0) -> 0 | BL19: =IFERROR(P19-AB19,0) -> 0 | BM19: =IFERROR(BL19/AB19,0) -> 0 | BN19: =IFERROR(L19-AP19,0) -> 0 | BO19: =IFERROR(BN19/AP19,0) -> 0 | BP19: =IFERROR(N19-AR19,0) -> 0 | BQ19: =IFERROR(BP19/AR19,0) -> 0 | BR19: =IFERROR(P19-AT19,0) -> 0 | BS19: =IFERROR(BR19/AT19,0) -> 0 | BZ19: G-OTA | CA19: =ROUND(기존구분!$E$44*(SUM('파나크 영덕:소노문해운대'!L21)/SUM('파나크 영덕:소노문해운대'!$L$18,'파나크 영덕:소노문해운대'!$L$24,'파나크 영덕:소노문해운대'!$L$25)),0) -> 584 | CB19: =CA19*기존구분!$E$52+20000 -> 210447.06
E20: OTA | F20: =CA18 -> 682 | G20: =IFERROR(F20/F26,0) -> 0.17545665 | H20: =IFERROR(J20/F20,"0") -> 362.76487 | I20: =IFERROR(H20/H11,0) -> 1.2856468 | J20: =CB18 -> 247405.64 | K20: =IFERROR(J20/J26,0) -> 0.21970664 | L20: =CC18 -> 0 | M20: =IFERROR(L20/L26,0) -> 0 | N20: =IFERROR(P20/L20,"0") -> 0 | O20: =IFERROR(N20/N11,0) -> 0 | P20: =CD18 -> 0 | Q20: =IFERROR(P20/P26,0) -> 0 | R20: =CE18 -> 0 | S20: =IFERROR(R20/R26,0) -> 0 | T20: =IFERROR(V20/R20,"0") -> 0 | U20: =IFERROR(T20/T11,0) -> 0 | V20: =CF18 -> 0 | W20: =IFERROR(V20/V26,0) -> 0 | X20: =CG18 -> 0 | Y20: =IFERROR(X20/X26,0) -> 0 | Z20: =IFERROR(AB20/X20,"0") -> 0 | AA20: =IFERROR(Z20/Z11,0) -> 0 | AB20: =CH18 -> 0 | AC20: =IFERROR(AB20/AB26,0) -> 0 | AD20: =CI18 -> 0 | AE20: =IFERROR(AD20/AD26,0) -> 0 | AF20: =IFERROR(AH20/AD20,"0") -> 0 | AG20: =IFERROR(AF20/AF11,0) -> 0 | AH20: =CJ18 -> 0 | AI20: =IFERROR(AH20/AH26,0) -> 0 | AJ20: =CK18 -> 0 | AK20: =IFERROR(AJ20/AJ26,0) -> 0 | AL20: =IFERROR(AN20/AJ20,"0") -> 0 | AM20: =IFERROR(AL20/AL11,0) -> 0 | AN20: =CL18 -> 0 | AO20: =IFERROR(AN20/AN26,0) -> 0 | AP20: =CM18 -> 0 | AQ20: =IFERROR(AP20/AP26,0) -> 0 | AR20: =IFERROR(AT20/AP20,"0") -> 0 | AS20: =IFERROR(AR20/AR11,0) -> 0 | AT20: =CN18 -> 0 | AU20: =IFERROR(AT20/AT26,0) -> 0 | AV20: =IFERROR(L20-F20,0) -> -682 | AW20: =IFERROR(AV20/F20,0) -> -1 | AX20: =IFERROR(N20-H20,0) -> -362.76487 | AY20: =IFERROR(AX20/H20,0) -> -1 | AZ20: =IFERROR(P20-J20,0) -> -247405.64 | BA20: =IFERROR(AZ20/J20,0) -> -1 | BB20: =IFERROR(L20-R20,0) -> 0 | BC20: =IFERROR(BB20/R20,0) -> 0 | BD20: =IFERROR(N20-T20,0) -> 0 | BE20: =IFERROR(BD20/T20,0) -> 0 | BF20: =IFERROR(P20-V20,0) -> 0 | BG20: =IFERROR(BF20/V20,0) -> 0 | BH20: =IFERROR(L20-X20,0) -> 0 | BI20: =IFERROR(BH20/X20,0) -> 0 | BJ20: =IFERROR(N20-Z20,0) -> 0 | BK20: =IFERROR(BJ20/Z20,0) -> 0 | BL20: =IFERROR(P20-AB20,0) -> 0 | BM20: =IFERROR(BL20/AB20,0) -> 0 | BN20: =IFERROR(L20-AP20,0) -> 0 | BO20: =IFERROR(BN20/AP20,0) -> 0 | BP20: =IFERROR(N20-AR20,0) -> 0 | BQ20: =IFERROR(BP20/AR20,0) -> 0 | BR20: =IFERROR(P20-AT20,0) -> 0 | BS20: =IFERROR(BR20/AT20,0) -> 0 | BZ20: 제휴사 | CA20: =ROUND(기존구분!$E$44*(SUM('파나크 영덕:소노문해운대'!L22)/SUM('파나크 영덕:소노문해운대'!$L$18,'파나크 영덕:소노문해운대'!$L$24,'파나크 영덕:소노문해운대'!$L$25)),0) -> 0 | CB20: =CA20*기존구분!$E$52 -> 0
E21: G-OTA | F21: =CA19 -> 584 | G21: =IFERROR(F21/F26,0) -> 0.1502444 | H21: =IFERROR(J21/F21,"0") -> 360.35455 | I21: =IFERROR(H21/H11,0) -> 1.2771046 | J21: =CB19 -> 210447.06 | K21: =IFERROR(J21/J26,0) -> 0.18688586 | L21: =CC19 -> 0 | M21: =IFERROR(L21/L26,0) -> 0 | N21: =IFERROR(P21/L21,"0") -> 0 | O21: =IFERROR(N21/N11,0) -> 0 | P21: =CD19 -> 0 | Q21: =IFERROR(P21/P26,0) -> 0 | R21: =CE19 -> 0 | S21: =IFERROR(R21/R26,0) -> 0 | T21: =IFERROR(V21/R21,"0") -> 0 | U21: =IFERROR(T21/T11,0) -> 0 | V21: =CF19 -> 0 | W21: =IFERROR(V21/V26,0) -> 0 | X21: =CG19 -> 0 | Y21: =IFERROR(X21/X26,0) -> 0 | Z21: =IFERROR(AB21/X21,"0") -> 0 | AA21: =IFERROR(Z21/Z11,0) -> 0 | AB21: =CH19 -> 0 | AC21: =IFERROR(AB21/AB26,0) -> 0 | AD21: =CI19 -> 0 | AE21: =IFERROR(AD21/AD26,0) -> 0 | AF21: =IFERROR(AH21/AD21,"0") -> 0 | AG21: =IFERROR(AF21/AF11,0) -> 0 | AH21: =CJ19 -> 0 | AI21: =IFERROR(AH21/AH26,0) -> 0 | AJ21: =CK19 -> 0 | AK21: =IFERROR(AJ21/AJ26,0) -> 0 | AL21: =IFERROR(AN21/AJ21,"0") -> 0 | AM21: =IFERROR(AL21/AL11,0) -> 0 | AN21: =CL19 -> 0 | AO21: =IFERROR(AN21/AN26,0) -> 0 | AP21: =CM19 -> 0 | AQ21: =IFERROR(AP21/AP26,0) -> 0 | AR21: =IFERROR(AT21/AP21,"0") -> 0 | AS21: =IFERROR(AR21/AR11,0) -> 0 | AT21: =CN19 -> 0 | AU21: =IFERROR(AT21/AT26,0) -> 0 | AV21: =IFERROR(L21-F21,0) -> -584 | AW21: =IFERROR(AV21/F21,0) -> -1 | AX21: =IFERROR(N21-H21,0) -> -360.35455 | AY21: =IFERROR(AX21/H21,0) -> -1 | AZ21: =IFERROR(P21-J21,0) -> -210447.06 | BA21: =IFERROR(AZ21/J21,0) -> -1 | BB21: =IFERROR(L21-R21,0) -> 0 | BC21: =IFERROR(BB21/R21,0) -> 0 | BD21: =IFERROR(N21-T21,0) -> 0 | BE21: =IFERROR(BD21/T21,0) -> 0 | BF21: =IFERROR(P21-V21,0) -> 0 | BG21: =IFERROR(BF21/V21,0) -> 0 | BH21: =IFERROR(L21-X21,0) -> 0 | BI21: =IFERROR(BH21/X21,0) -> 0 | BJ21: =IFERROR(N21-Z21,0) -> 0 | BK21: =IFERROR(BJ21/Z21,0) -> 0 | BL21: =IFERROR(P21-AB21,0) -> 0 | BM21: =IFERROR(BL21/AB21,0) -> 0 | BN21: =IFERROR(L21-AP21,0) -> 0 | BO21: =IFERROR(BN21/AP21,0) -> 0 | BP21: =IFERROR(N21-AR21,0) -> 0 | BQ21: =IFERROR(BP21/AR21,0) -> 0 | BR21: =IFERROR(P21-AT21,0) -> 0 | BS21: =IFERROR(BR21/AT21,0) -> 0 | BZ21: 기 타 | CA21: =ROUND(기존구분!$E$44*(SUM('파나크 영덕:소노문해운대'!L23)/SUM('파나크 영덕:소노문해운대'!$L$18,'파나크 영덕:소노문해운대'!$L$24,'파나크 영덕:소노문해운대'!$L$25)),0) -> 81 | CB21: =CA21*기존구분!$E$52+1000 -> 27414.746
E22: Affiliate | F22: =CA20 -> 0 | G22: =IFERROR(F22/F26,0) -> 0 | H22: =IFERROR(J22/F22,"0") -> 0 | I22: =IFERROR(H22/H11,0) -> 0 | J22: =CB20 -> 0 | K22: =IFERROR(J22/J26,0) -> 0 | L22: =CC20 -> 0 | M22: =IFERROR(L22/L26,0) -> 0 | N22: =IFERROR(P22/L22,"0") -> 0 | O22: =IFERROR(N22/N11,0) -> 0 | P22: =CD20 -> 0 | Q22: =IFERROR(P22/P26,0) -> 0 | R22: =CE20 -> 0 | S22: =IFERROR(R22/R26,0) -> 0 | T22: =IFERROR(V22/R22,"0") -> 0 | U22: =IFERROR(T22/T11,0) -> 0 | V22: =CF20 -> 0 | W22: =IFERROR(V22/V26,0) -> 0 | X22: =CG20 -> 0 | Y22: =IFERROR(X22/X26,0) -> 0 | Z22: =IFERROR(AB22/X22,"0") -> 0 | AA22: =IFERROR(Z22/Z11,0) -> 0 | AB22: =CH20 -> 0 | AC22: =IFERROR(AB22/AB26,0) -> 0 | AD22: =CI20 -> 0 | AE22: =IFERROR(AD22/AD26,0) -> 0 | AF22: =IFERROR(AH22/AD22,"0") -> 0 | AG22: =IFERROR(AF22/AF11,0) -> 0 | AH22: =CJ20 -> 0 | AI22: =IFERROR(AH22/AH26,0) -> 0 | AJ22: =CK20 -> 0 | AK22: =IFERROR(AJ22/AJ26,0) -> 0 | AL22: =IFERROR(AN22/AJ22,"0") -> 0 | AM22: =IFERROR(AL22/AL11,0) -> 0 | AN22: =CL20 -> 0 | AO22: =IFERROR(AN22/AN26,0) -> 0 | AP22: =CM20 -> 0 | AQ22: =IFERROR(AP22/AP26,0) -> 0 | AR22: =IFERROR(AT22/AP22,"0") -> 0 | AS22: =IFERROR(AR22/AR11,0) -> 0 | AT22: =CN20 -> 0 | AU22: =IFERROR(AT22/AT26,0) -> 0 | AV22: =IFERROR(L22-F22,0) -> 0 | AW22: =IFERROR(AV22/F22,0) -> 0 | AX22: =IFERROR(N22-H22,0) -> 0 | AY22: =IFERROR(AX22/H22,0) -> 0 | AZ22: =IFERROR(P22-J22,0) -> 0 | BA22: =IFERROR(AZ22/J22,0) -> 0 | BB22: =IFERROR(L22-R22,0) -> 0 | BC22: =IFERROR(BB22/R22,0) -> 0 | BD22: =IFERROR(N22-T22,0) -> 0 | BE22: =IFERROR(BD22/T22,0) -> 0 | BF22: =IFERROR(P22-V22,0) -> 0 | BG22: =IFERROR(BF22/V22,0) -> 0 | BH22: =IFERROR(L22-X22,0) -> 0 | BI22: =IFERROR(BH22/X22,0) -> 0 | BJ22: =IFERROR(N22-Z22,0) -> 0 | BK22: =IFERROR(BJ22/Z22,0) -> 0 | BL22: =IFERROR(P22-AB22,0) -> 0 | BM22: =IFERROR(BL22/AB22,0) -> 0 | BN22: =IFERROR(L22-AP22,0) -> 0 | BO22: =IFERROR(BN22/AP22,0) -> 0 | BP22: =IFERROR(N22-AR22,0) -> 0 | BQ22: =IFERROR(BP22/AR22,0) -> 0 | BR22: =IFERROR(P22-AT22,0) -> 0 | BS22: =IFERROR(BR22/AT22,0) -> 0 | BY22: COMP | CA22: =ROUND(기존구분!$E$44*(SUM('파나크 영덕:소노문해운대'!L25)/SUM('파나크 영덕:소노문해운대'!$L$18,'파나크 영덕:소노문해운대'!$L$24,'파나크 영덕:소노문해운대'!$L$25)),0) -> 34
E23: Other | F23: =CA21 -> 81 | G23: =IFERROR(F23/F26,0) -> 0.020838693 | H23: =IFERROR(J23/F23,"0") -> 338.45365 | I23: =IFERROR(H23/H11,0) -> 1.1994873 | J23: =CB21 -> 27414.746 | K23: =IFERROR(J23/J26,0) -> 0.02434545 | L23: =CC21 -> 0 | M23: =IFERROR(L23/L26,0) -> 0 | N23: =IFERROR(P23/L23,"0") -> 0 | O23: =IFERROR(N23/N11,0) -> 0 | P23: =CD21 -> 0 | Q23: =IFERROR(P23/P26,0) -> 0 | R23: =CE21 -> 0 | S23: =IFERROR(R23/R26,0) -> 0 | T23: =IFERROR(V23/R23,"0") -> 0 | U23: =IFERROR(T23/T11,0) -> 0 | V23: =CF21 -> 0 | W23: =IFERROR(V23/V26,0) -> 0 | X23: =CG21 -> 0 | Y23: =IFERROR(X23/X26,0) -> 0 | Z23: =IFERROR(AB23/X23,"0") -> 0 | AA23: =IFERROR(Z23/Z11,0) -> 0 | AB23: =CH21 -> 0 | AC23: =IFERROR(AB23/AB26,0) -> 0 | AD23: =CI21 -> 0 | AE23: =IFERROR(AD23/AD26,0) -> 0 | AF23: =IFERROR(AH23/AD23,"0") -> 0 | AG23: =IFERROR(AF23/AF11,0) -> 0 | AH23: =CJ21 -> 0 | AI23: =IFERROR(AH23/AH26,0) -> 0 | AJ23: =CK21 -> 0 | AK23: =IFERROR(AJ23/AJ26,0) -> 0 | AL23: =IFERROR(AN23/AJ23,"0") -> 0 | AM23: =IFERROR(AL23/AL11,0) -> 0 | AN23: =CL21 -> 0 | AO23: =IFERROR(AN23/AN26,0) -> 0 | AP23: =CM21 -> 0 | AQ23: =IFERROR(AP23/AP26,0) -> 0 | AR23: =IFERROR(AT23/AP23,"0") -> 0 | AS23: =IFERROR(AR23/AR11,0) -> 0 | AT23: =CN21 -> 0 | AU23: =IFERROR(AT23/AT26,0) -> 0 | AV23: =IFERROR(L23-F23,0) -> -81 | AW23: =IFERROR(AV23/F23,0) -> -1 | AX23: =IFERROR(N23-H23,0) -> -338.45365 | AY23: =IFERROR(AX23/H23,0) -> -1 | AZ23: =IFERROR(P23-J23,0) -> -27414.746 | BA23: =IFERROR(AZ23/J23,0) -> -1 | BB23: =IFERROR(L23-R23,0) -> 0 | BC23: =IFERROR(BB23/R23,0) -> 0 | BD23: =IFERROR(N23-T23,0) -> 0 | BE23: =IFERROR(BD23/T23,0) -> 0 | BF23: =IFERROR(P23-V23,0) -> 0 | BG23: =IFERROR(BF23/V23,0) -> 0 | BH23: =IFERROR(L23-X23,0) -> 0 | BI23: =IFERROR(BH23/X23,0) -> 0 | BJ23: =IFERROR(N23-Z23,0) -> 0 | BK23: =IFERROR(BJ23/Z23,0) -> 0 | BL23: =IFERROR(P23-AB23,0) -> 0 | BM23: =IFERROR(BL23/AB23,0) -> 0 | BN23: =IFERROR(L23-AP23,0) -> 0 | BO23: =IFERROR(BN23/AP23,0) -> 0 | BP23: =IFERROR(N23-AR23,0) -> 0 | BQ23: =IFERROR(BP23/AR23,0) -> 0 | BR23: =IFERROR(P23-AT23,0) -> 0 | BS23: =IFERROR(BR23/AT23,0) -> 0 | BX23: 2월 | BY23: 회 원 | BZ23: 기 명 | CA23: =기존구분!$F$46 -> 232
E24: Total | F24: =SUM(F19:F23) -> 1656 | G24: =IFERROR(F24/F26,0) -> 0.4260355 | H24: =IFERROR(J24/F24,"0") -> 362.99686 | I24: =IFERROR(H24/H11,0) -> 1.286469 | J24: =SUM(J19:J23) -> 601122.81 | K24: =IFERROR(J24/J26,0) -> 0.53382239 | L24: =SUM(L19:L23) -> 0 | M24: =IFERROR(L24/L26,0) -> 0 | N24: =IFERROR(P24/L24,"0") -> 0 | O24: =IFERROR(N24/N11,0) -> 0 | P24: =SUM(P19:P23) -> 0 | Q24: =IFERROR(P24/P26,0) -> 0 | R24: =SUM(R19:R23) -> 0 | S24: =IFERROR(R24/R26,0) -> 0 | T24: =IFERROR(V24/R24,"0") -> 0 | U24: =IFERROR(T24/T11,0) -> 0 | V24: =SUM(V19:V23) -> 0 | W24: =IFERROR(V24/V26,0) -> 0 | X24: =SUM(X19:X23) -> 0 | Y24: =IFERROR(X24/X26,0) -> 0 | Z24: =IFERROR(AB24/X24,"0") -> 0 | AA24: =IFERROR(Z24/Z11,0) -> 0 | AB24: =SUM(AB19:AB23) -> 0 | AC24: =IFERROR(AB24/AB26,0) -> 0 | AD24: =SUM(AD19:AD23) -> 0 | AE24: =IFERROR(AD24/AD26,0) -> 0 | AF24: =IFERROR(AH24/AD24,"0") -> 0 | AG24: =IFERROR(AF24/AF11,0) -> 0 | AH24: =SUM(AH19:AH23) -> 0 | AI24: =IFERROR(AH24/AH26,0) -> 0 | AJ24: =SUM(AJ19:AJ23) -> 0 | AK24: =IFERROR(AJ24/AJ26,0) -> 0 | AL24: =IFERROR(AN24/AJ24,"0") -> 0 | AM24: =IFERROR(AL24/AL11,0) -> 0 | AN24: =SUM(AN19:AN23) -> 0 | AO24: =IFERROR(AN24/AN26,0) -> 0 | AP24: =SUM(AP19:AP23) -> 0 | AQ24: =IFERROR(AP24/AP26,0) -> 0 | AR24: =IFERROR(AT24/AP24,"0") -> 0 | AS24: =IFERROR(AR24/AR11,0) -> 0 | AT24: =SUM(AT19:AT23) -> 0 | AU24: =IFERROR(AT24/AT26,0) -> 0 | AV24: =IFERROR(L24-F24,0) -> -1656 | AW24: =IFERROR(AV24/F24,0) -> -1 | AX24: =IFERROR(N24-H24,0) -> -362.99686 | AY24: =IFERROR(AX24/H24,0) -> -1 | AZ24: =IFERROR(P24-J24,0) -> -601122.81 | BA24: =IFERROR(AZ24/J24,0) -> -1 | BB24: =IFERROR(L24-R24,0) -> 0 | BC24: =IFERROR(BB24/R24,0) -> 0 | BD24: =IFERROR(N24-T24,0) -> 0 | BE24: =IFERROR(BD24/T24,0) -> 0 | BF24: =IFERROR(P24-V24,0) -> 0 | BG24: =IFERROR(BF24/V24,0) -> 0 | BH24: =IFERROR(L24-X24,0) -> 0 | BI24: =IFERROR(BH24/X24,0) -> 0 | BJ24: =IFERROR(N24-Z24,0) -> 0 | BK24: =IFERROR(BJ24/Z24,0) -> 0 | BL24: =IFERROR(P24-AB24,0) -> 0 | BM24: =IFERROR(BL24/AB24,0) -> 0 | BN24: =IFERROR(L24-AP24,0) -> 0 | BO24: =IFERROR(BN24/AP24,0) -> 0 | BP24: =IFERROR(N24-AR24,0) -> 0 | BQ24: =IFERROR(BP24/AR24,0) -> 0 | BR24: =IFERROR(P24-AT24,0) -> 0 | BS24: =IFERROR(BR24/AT24,0) -> 0 | BZ24: 무기명 | CA24: =ROUND(기존구분!$F$45*(SUM('파나크 영덕'!L35,소노문해운대!L34:L35)/SUM('파나크 영덕'!L35:L37,소노문해운대!L34:L37)),0) -> 477 | CB24: =CA24*기존구분!$F$53-1000 -> 134048.42
D25: COMP | F25: =CA22 -> 34 | G25: =IFERROR(F25/F26,0) -> 0.0087471057 | H25: =IFERROR(J25/F25,"0") -> 0 | I25: =IFERROR(H25/H11,0) -> 0 | J25: =CB22 -> 0 | K25: =IFERROR(J25/J26,0) -> 0 | L25: =CC22 -> 0 | M25: =IFERROR(L25/L26,0) -> 0 | N25: =IFERROR(P25/L25,"0") -> 0 | O25: =IFERROR(N25/N11,0) -> 0 | P25: =CD22 -> 0 | Q25: =IFERROR(P25/P26,0) -> 0 | R25: =CE22 -> 0 | S25: =IFERROR(R25/R26,0) -> 0 | T25: =IFERROR(V25/R25,"0") -> 0 | U25: =IFERROR(T25/T11,0) -> 0 | V25: =CF22 -> 0 | W25: =IFERROR(V25/V26,0) -> 0 | X25: =CG22 -> 0 | Y25: =IFERROR(X25/X26,0) -> 0 | Z25: =IFERROR(AB25/X25,"0") -> 0 | AA25: =IFERROR(Z25/Z11,0) -> 0 | AB25: =CH22 -> 0 | AC25: =IFERROR(AB25/AB26,0) -> 0 | AD25: =CI22 -> 0 | AE25: =IFERROR(AD25/AD26,0) -> 0 | AF25: =IFERROR(AH25/AD25,"0") -> 0 | AG25: =IFERROR(AF25/AF11,0) -> 0 | AH25: =CJ22 -> 0 | AI25: =IFERROR(AH25/AH26,0) -> 0 | AJ25: =CK22 -> 0 | AK25: =IFERROR(AJ25/AJ26,0) -> 0 | AL25: =IFERROR(AN25/AJ25,"0") -> 0 | AM25: =IFERROR(AL25/AL11,0) -> 0 | AN25: =CL22 -> 0 | AO25: =IFERROR(AN25/AN26,0) -> 0 | AP25: =CM22 -> 0 | AQ25: =IFERROR(AP25/AP26,0) -> 0 | AR25: =IFERROR(AT25/AP25,"0") -> 0 | AS25: =IFERROR(AR25/AR11,0) -> 0 | AT25: =CN22 -> 0 | AU25: =IFERROR(AT25/AT26,0) -> 0 | AV25: =IFERROR(L25-F25,0) -> -34 | AW25: =IFERROR(AV25/F25,0) -> -1 | AX25: =IFERROR(N25-H25,0) -> 0 | AY25: =IFERROR(AX25/H25,0) -> 0 | AZ25: =IFERROR(P25-J25,0) -> 0 | BA25: =IFERROR(AZ25/J25,0) -> 0 | BB25: =IFERROR(L25-R25,0) -> 0 | BC25: =IFERROR(BB25/R25,0) -> 0 | BD25: =IFERROR(N25-T25,0) -> 0 | BE25: =IFERROR(BD25/T25,0) -> 0 | BF25: =IFERROR(P25-V25,0) -> 0 | BG25: =IFERROR(BF25/V25,0) -> 0 | BH25: =IFERROR(L25-X25,0) -> 0 | BI25: =IFERROR(BH25/X25,0) -> 0 | BJ25: =IFERROR(N25-Z25,0) -> 0 | BK25: =IFERROR(BJ25/Z25,0) -> 0 | BL25: =IFERROR(P25-AB25,0) -> 0 | BM25: =IFERROR(BL25/AB25,0) -> 0 | BN25: =IFERROR(L25-AP25,0) -> 0 | BO25: =IFERROR(BN25/AP25,0) -> 0 | BP25: =IFERROR(N25-AR25,0) -> 0 | BQ25: =IFERROR(BP25/AR25,0) -> 0 | BR25: =IFERROR(P25-AT25,0) -> 0 | BS25: =IFERROR(BR25/AT25,0) -> 0 | BZ25: 직 원 | CA25: =ROUND(기존구분!$F$45*(SUM('파나크 영덕:소노문해운대'!L36)/SUM('파나크 영덕'!L35:L37,소노문해운대!L34:L37)),0) -> 45 | CB25: =CA25*기존구분!$F$53+1000 -> 13740.417
D26: Grand Total | F26: =SUM(F14,F18,F24,F25) -> 3887 | G26: =IFERROR(F26/F26,0) -> 1 | H26: =IFERROR(J26/F26,"0") -> 289.70226 | I26: =IFERROR(H26/H11,0) -> 1.0267113 | J26: =SUM(J14,J18,J24,J25) -> 1126072.7 | K26: =IFERROR(J26/J26,0) -> 1 | L26: =SUM(L14,L18,L24,L25) -> 0 | M26: =IFERROR(L26/L26,0) -> 0 | N26: =IFERROR(P26/L26,"0") -> 0 | O26: =IFERROR(N26/N11,0) -> 0 | P26: =SUM(P14,P18,P24,P25) -> 0 | Q26: =IFERROR(P26/P26,0) -> 0 | R26: =SUM(R14,R18,R24,R25) -> 0 | S26: =IFERROR(R26/R26,0) -> 0 | T26: =IFERROR(V26/R26,"0") -> 0 | U26: =IFERROR(T26/T11,0) -> 0 | V26: =SUM(V14,V18,V24,V25) -> 0 | W26: =IFERROR(V26/V26,0) -> 0 | X26: =SUM(X14,X18,X24,X25) -> 0 | Y26: =IFERROR(X26/X26,0) -> 0 | Z26: =IFERROR(AB26/X26,"0") -> 0 | AA26: =IFERROR(Z26/Z11,0) -> 0 | AB26: =SUM(AB14,AB18,AB24,AB25) -> 0 | AC26: =IFERROR(AB26/AB26,0) -> 0 | AD26: =SUM(AD14,AD18,AD24,AD25) -> 0 | AE26: =IFERROR(AD26/AD26,0) -> 0 | AF26: =IFERROR(AH26/AD26,"0") -> 0 | AG26: =IFERROR(AF26/AF11,0) -> 0 | AH26: =SUM(AH14,AH18,AH24,AH25) -> 0 | AI26: =IFERROR(AH26/AH26,0) -> 0 | AJ26: =SUM(AJ14,AJ18,AJ24,AJ25) -> 0 | AK26: =IFERROR(AJ26/AJ26,0) -> 0 | AL26: =IFERROR(AN26/AJ26,"0") -> 0 | AM26: =IFERROR(AL26/AL11,0) -> 0 | AN26: =SUM(AN14,AN18,AN24,AN25) -> 0 | AO26: =IFERROR(AN26/AN26,0) -> 0 | AP26: =SUM(AP14,AP18,AP24,AP25) -> 0 | AQ26: =IFERROR(AP26/AP26,0) -> 0 | AR26: =IFERROR(AT26/AP26,"0") -> 0 | AS26: =IFERROR(AR26/AR11,0) -> 0 | AT26: =SUM(AT14,AT18,AT24,AT25) -> 0 | AU26: =IFERROR(AT26/AT26,0) -> 0 | AV26: =IFERROR(L26-F26,0) -> -3887 | AW26: =IFERROR(AV26/F26,0) -> -1 | AX26: =IFERROR(N26-H26,0) -> -289.70226 | AY26: =IFERROR(AX26/H26,0) -> -1 | AZ26: =IFERROR(P26-J26,0) -> -1126072.7 | BA26: =IFERROR(AZ26/J26,0) -> -1 | BB26: =IFERROR(L26-R26,0) -> 0 | BC26: =IFERROR(BB26/R26,0) -> 0 | BD26: =IFERROR(N26-T26,0) -> 0 | BE26: =IFERROR(BD26/T26,0) -> 0 | BF26: =IFERROR(P26-V26,0) -> 0 | BG26: =IFERROR(BF26/V26,0) -> 0 | BH26: =IFERROR(L26-X26,0) -> 0 | BI26: =IFERROR(BH26/X26,0) -> 0 | BJ26: =IFERROR(N26-Z26,0) -> 0 | BK26: =IFERROR(BJ26/Z26,0) -> 0 | BL26: =IFERROR(P26-AB26,0) -> 0 | BM26: =IFERROR(BL26/AB26,0) -> 0 | BN26: =IFERROR(L26-AP26,0) -> 0 | BO26: =IFERROR(BN26/AP26,0) -> 0 | BP26: =IFERROR(N26-AR26,0) -> 0 | BQ26: =IFERROR(BP26/AR26,0) -> 0 | BR26: =IFERROR(P26-AT26,0) -> 0 | BS26: =IFERROR(BR26/AT26,0) -> 0 | BZ26: 기 타 | CA26: =ROUND(기존구분!$F$45*(SUM('파나크 영덕:소노문해운대'!L37)/SUM('파나크 영덕'!L35:L37,소노문해운대!L34:L37)),0) -> 28 | CB26: =CA26*기존구분!$F$53 -> 7927.3706
D27: OCC | F27: =F26/F6 -> 0.52683654 | L27: =L26/L6 -> #DIV/0! | R27: =R26/R6 -> #DIV/0! | X27: =X26/X6 -> #DIV/0! | AD27: =AD26/AD6 -> #DIV/0! | AJ27: =AJ26/AJ6 -> #DIV/0! | AP27: =AP26/AP6 -> #DIV/0! | AV27: =IFERROR(L27-F27,0) -> 0 | BB27: =IFERROR(L27-R27,0) -> 0 | BH27: =IFERROR(L27-X27,0) -> 0 | BN27: =IFERROR(L27-AP27,0) -> 0 | BY27: 단 체 | BZ27: 일 반
BZ28: 학 생
BZ29: 인바운드
F30: =CB169 -> 2996 | L30: =CB170 -> 0 | R30: =CB171 -> 0 | X30: =CB172 -> 0 | AD30: =CB173 -> 0 | AJ30: =CB174 -> 0 | AP30: =CB175 -> 0 | BM30: [ 단위 : RN_실, ADR_천원, Revenue_천원 / VAT제외 ] | BS30: [ 단위 : RN_실, ADR_천원, Revenue_천원 / VAT제외 ] | BY30: 일 반 | BZ30: 홈페이지 | CA30: =ROUND(기존구분!$F$44*(SUM('파나크 영덕:소노문해운대'!L43)/SUM('파나크 영덕:소노문해운대'!$L$48,'파나크 영덕:소노문해운대'!$L$49)),0) -> 144 | CB30: =CA30*기존구분!$F$52+2000 -> 48959.548
C31: Segment | F31: =$F$7 -> 2026 Budget | L31: =$L$7 -> 2026 Actual | R31: =$R$7 -> 2025 Actual | X31: =$X$7 -> 2023 Actual | AD31: =$AD$7 -> 2022 Actual | AJ31: =$AJ$7 -> 2021 Actual | AP31: =$AP$7 -> 2020 Actual | AV31: =$AV$7 -> 2026 Actual vs. 2026 Budget | BB31: =$BB$7 -> 2026 Actual vs. 2025 Actual | BH31: =$BH$7 -> 2026 Actual vs. 2024 Actual | BN31: =$BN$7 -> 2025 Actual vs. 2020 Actual | BZ31: OTA | CA31: =ROUND(기존구분!$F$44*(SUM('파나크 영덕:소노문해운대'!L44)/SUM('파나크 영덕:소노문해운대'!$L$48,'파나크 영덕:소노문해운대'!$L$49)),0) -> 541 | CB31: =CA31*기존구분!$F$52+1500 -> 177924.41
F32: RN | H32: ADR | J32: Revenue | L32: RN | N32: ADR | P32: Revenue | R32: RN | T32: ADR | V32: Revenue | X32: RN | Z32: ADR | AB32: Revenue | AD32: RN | AF32: ADR | AH32: 매 출 | AJ32: RN | AL32: ADR | AN32: 매 출 | AP32: RN | AR32: ADR | AT32: 매 출 | AV32: RN | AX32: ADR | AZ32: Revenue | BB32: RN | BD32: ADR | BF32: Revenue | BH32: RN | BJ32: ADR | BL32: Revenue | BN32: RN | BP32: ADR | BR32: Revenue | BZ32: G-OTA | CA32: =ROUND(기존구분!$F$44*(SUM('파나크 영덕:소노문해운대'!L45)/SUM('파나크 영덕:소노문해운대'!$L$48,'파나크 영덕:소노문해운대'!$L$49)),0) -> 458 | CB32: =CA32*기존구분!$F$52 -> 149357.45
G33: % | I33: 지 수 | K33: % | M33: % | O33: 지 수 | Q33: % | S33: % | U33: 지 수 | W33: % | Y33: % | AA33: 지 수 | AC33: % | AE33: % | AG33: 지 수 | AI33: % | AK33: % | AM33: 지 수 | AO33: % | AQ33: % | AS33: 지 수 | AU33: % | AW33: 증감율 | AY33: 증감율 | BA33: 증감율 | BC33: 증감율 | BE33: 증감율 | BG33: 증감율 | BI33: 증감율 | BK33: 증감율 | BM33: 증감율 | BO33: 증감율 | BQ33: 증감율 | BS33: 증감율 | BZ33: 제휴사 | CA33: =ROUND(기존구분!$F$44*(SUM('파나크 영덕:소노문해운대'!L46)/SUM('파나크 영덕:소노문해운대'!$L$48,'파나크 영덕:소노문해운대'!$L$49)),0) -> 2 | CB33: =CA33*기존구분!$F$52+87 -> 739.21595
C34: 2월 | D34: Membership | E34: 기 명 | F34: =CA23 -> 232 | G34: =IFERROR(F34/F50,0) -> 0.11788618 | H34: =IFERROR(J34/F34,"0") -> 0 | I34: =IFERROR(H34/H35,0) -> 0 | J34: =CB23 -> 0 | K34: =IFERROR(J34/J50,0) -> 0 | L34: =CC23 -> 0 | M34: =IFERROR(L34/L50,0) -> 0 | N34: =IFERROR(P34/L34,"0") -> 0 | O34: =IFERROR(N34/N35,0) -> 0 | P34: =CD23 -> 0 | Q34: =IFERROR(P34/P50,0) -> 0 | R34: =CE23 -> 0 | S34: =IFERROR(R34/R50,0) -> 0 | T34: =IFERROR(V34/R34,"0") -> 0 | U34: =IFERROR(T34/T35,0) -> 0 | V34: =CF23 -> 0 | W34: =IFERROR(V34/V50,0) -> 0 | X34: =CG23 -> 0 | Y34: =IFERROR(X34/X50,0) -> 0 | Z34: =IFERROR(AB34/X34,"0") -> 0 | AA34: =IFERROR(Z34/Z35,0) -> 0 | AB34: =CH23 -> 0 | AC34: =IFERROR(AB34/AB50,0) -> 0 | AD34: =CI23 -> 0 | AE34: =IFERROR(AD34/AD50,0) -> 0 | AF34: =IFERROR(AH34/AD34,"0") -> 0 | AG34: =IFERROR(AF34/AF35,0) -> 0 | AH34: =CJ23 -> 0 | AI34: =IFERROR(AH34/AH50,0) -> 0 | AJ34: =CK23 -> 0 | AK34: =IFERROR(AJ34/AJ50,0) -> 0 | AL34: =IFERROR(AN34/AJ34,"0") -> 0 | AM34: =IFERROR(AL34/AL35,0) -> 0 | AN34: =CL23 -> 0 | AO34: =IFERROR(AN34/AN50,0) -> 0 | AP34: =CM23 -> 0 | AQ34: =IFERROR(AP34/AP50,0) -> 0 | AR34: =IFERROR(AT34/AP34,"0") -> 0 | AS34: =IFERROR(AR34/AR35,0) -> 0 | AT34: =CN23 -> 0 | AU34: =IFERROR(AT34/AT50,0) -> 0 | AV34: =IFERROR(L34-F34,0) -> -232 | AW34: =IFERROR(AV34/F34,0) -> -1 | AX34: =IFERROR(N34-H34,0) -> 0 | AY34: =IFERROR(AX34/H34,0) -> 0 | AZ34: =IFERROR(P34-J34,0) -> 0 | BA34: =IFERROR(AZ34/J34,0) -> 0 | BB34: =IFERROR(L34-R34,0) -> 0 | BC34: =IFERROR(BB34/R34,0) -> 0 | BD34: =IFERROR(N34-T34,0) -> 0 | BE34: =IFERROR(BD34/T34,0) -> 0 | BF34: =IFERROR(P34-V34,0) -> 0 | BG34: =IFERROR(BF34/V34,0) -> 0 | BH34: =IFERROR(L34-X34,0) -> 0 | BI34: =IFERROR(BH34/X34,0) -> 0 | BJ34: =IFERROR(N34-Z34,0) -> 0 | BK34: =IFERROR(BJ34/Z34,0) -> 0 | BL34: =IFERROR(P34-AB34,0) -> 0 | BM34: =IFERROR(BL34/AB34,0) -> 0 | BN34: =IFERROR(L34-AP34,0) -> 0 | BO34: =IFERROR(BN34/AP34,0) -> 0 | BP34: =IFERROR(N34-AR34,0) -> 0 | BQ34: =IFERROR(BP34/AR34,0) -> 0 | BR34: =IFERROR(P34-AT34,0) -> 0 | BS34: =IFERROR(BR34/AT34,0) -> 0 | BZ34: 기 타 | CA34: =ROUND(기존구분!$F$44*(SUM('파나크 영덕:소노문해운대'!L47)/SUM('파나크 영덕:소노문해운대'!$L$48,'파나크 영덕:소노문해운대'!$L$49)),0) -> 30 | CB34: =CA34*기존구분!$F$52 -> 9783.2392
E35: 무기명 | F35: =CA24 -> 477 | G35: =IFERROR(F35/F50,0) -> 0.24237805 | H35: =IFERROR(J35/F35,"0") -> 281.02394 | I35: =IFERROR(H35/H35,0) -> 1 | J35: =CB24 -> 134048.42 | K35: =IFERROR(J35/J50,0) -> 0.24710294 | L35: =CC24 -> 0 | M35: =IFERROR(L35/L50,0) -> 0 | N35: =IFERROR(P35/L35,"0") -> 0 | O35: =IFERROR(N35/N35,0) -> 0 | P35: =CD24 -> 0 | Q35: =IFERROR(P35/P50,0) -> 0 | R35: =CE24 -> 0 | S35: =IFERROR(R35/R50,0) -> 0 | T35: =IFERROR(V35/R35,"0") -> 0 | U35: =IFERROR(T35/T35,0) -> 0 | V35: =CF24 -> 0 | W35: =IFERROR(V35/V50,0) -> 0 | X35: =CG24 -> 0 | Y35: =IFERROR(X35/X50,0) -> 0 | Z35: =IFERROR(AB35/X35,"0") -> 0 | AA35: =IFERROR(Z35/Z35,0) -> 0 | AB35: =CH24 -> 0 | AC35: =IFERROR(AB35/AB50,0) -> 0 | AD35: =CI24 -> 0 | AE35: =IFERROR(AD35/AD50,0) -> 0 | AF35: =IFERROR(AH35/AD35,"0") -> 0 | AG35: =IFERROR(AF35/AF35,0) -> 0 | AH35: =CJ24 -> 0 | AI35: =IFERROR(AH35/AH50,0) -> 0 | AJ35: =CK24 -> 0 | AK35: =IFERROR(AJ35/AJ50,0) -> 0 | AL35: =IFERROR(AN35/AJ35,"0") -> 0 | AM35: =IFERROR(AL35/AL35,0) -> 0 | AN35: =CL24 -> 0 | AO35: =IFERROR(AN35/AN50,0) -> 0 | AP35: =CM24 -> 0 | AQ35: =IFERROR(AP35/AP50,0) -> 0 | AR35: =IFERROR(AT35/AP35,"0") -> 0 | AS35: =IFERROR(AR35/AR35,0) -> 0 | AT35: =CN24 -> 0 | AU35: =IFERROR(AT35/AT50,0) -> 0 | AV35: =IFERROR(L35-F35,0) -> -477 | AW35: =IFERROR(AV35/F35,0) -> -1 | AX35: =IFERROR(N35-H35,0) -> -281.02394 | AY35: =IFERROR(AX35/H35,0) -> -1 | AZ35: =IFERROR(P35-J35,0) -> -134048.42 | BA35: =IFERROR(AZ35/J35,0) -> -1 | BB35: =IFERROR(L35-R35,0) -> 0 | BC35: =IFERROR(BB35/R35,0) -> 0 | BD35: =IFERROR(N35-T35,0) -> 0 | BE35: =IFERROR(BD35/T35,0) -> 0 | BF35: =IFERROR(P35-V35,0) -> 0 | BG35: =IFERROR(BF35/V35,0) -> 0 | BH35: =IFERROR(L35-X35,0) -> 0 | BI35: =IFERROR(BH35/X35,0) -> 0 | BJ35: =IFERROR(N35-Z35,0) -> 0 | BK35: =IFERROR(BJ35/Z35,0) -> 0 | BL35: =IFERROR(P35-AB35,0) -> 0 | BM35: =IFERROR(BL35/AB35,0) -> 0 | BN35: =IFERROR(L35-AP35,0) -> 0 | BO35: =IFERROR(BN35/AP35,0) -> 0 | BP35: =IFERROR(N35-AR35,0) -> 0 | BQ35: =IFERROR(BP35/AR35,0) -> 0 | BR35: =IFERROR(P35-AT35,0) -> 0 | BS35: =IFERROR(BR35/AT35,0) -> 0 | BY35: COMP | CA35: =ROUND(기존구분!$F$44*(SUM('파나크 영덕:소노문해운대'!L49)/SUM('파나크 영덕:소노문해운대'!$L$48,'파나크 영덕:소노문해운대'!$L$49)),0)+1 -> 11
E36: Staff | F36: =CA25 -> 45 | G36: =IFERROR(F36/F50,0) -> 0.022865854 | H36: =IFERROR(J36/F36,"0") -> 305.3426 | I36: =IFERROR(H36/H35,0) -> 1.0865359 | J36: =CB25 -> 13740.417 | K36: =IFERROR(J36/J50,0) -> 0.025328888 | L36: =CC25 -> 0 | M36: =IFERROR(L36/L50,0) -> 0 | N36: =IFERROR(P36/L36,"0") -> 0 | O36: =IFERROR(N36/N35,0) -> 0 | P36: =CD25 -> 0 | Q36: =IFERROR(P36/P50,0) -> 0 | R36: =CE25 -> 0 | S36: =IFERROR(R36/R50,0) -> 0 | T36: =IFERROR(V36/R36,"0") -> 0 | U36: =IFERROR(T36/T35,0) -> 0 | V36: =CF25 -> 0 | W36: =IFERROR(V36/V50,0) -> 0 | X36: =CG25 -> 0 | Y36: =IFERROR(X36/X50,0) -> 0 | Z36: =IFERROR(AB36/X36,"0") -> 0 | AA36: =IFERROR(Z36/Z35,0) -> 0 | AB36: =CH25 -> 0 | AC36: =IFERROR(AB36/AB50,0) -> 0 | AD36: =CI25 -> 0 | AE36: =IFERROR(AD36/AD50,0) -> 0 | AF36: =IFERROR(AH36/AD36,"0") -> 0 | AG36: =IFERROR(AF36/AF35,0) -> 0 | AH36: =CJ25 -> 0 | AI36: =IFERROR(AH36/AH50,0) -> 0 | AJ36: =CK25 -> 0 | AK36: =IFERROR(AJ36/AJ50,0) -> 0 | AL36: =IFERROR(AN36/AJ36,"0") -> 0 | AM36: =IFERROR(AL36/AL35,0) -> 0 | AN36: =CL25 -> 0 | AO36: =IFERROR(AN36/AN50,0) -> 0 | AP36: =CM25 -> 0 | AQ36: =IFERROR(AP36/AP50,0) -> 0 | AR36: =IFERROR(AT36/AP36,"0") -> 0 | AS36: =IFERROR(AR36/AR35,0) -> 0 | AT36: =CN25 -> 0 | AU36: =IFERROR(AT36/AT50,0) -> 0 | AV36: =IFERROR(L36-F36,0) -> -45 | AW36: =IFERROR(AV36/F36,0) -> -1 | AX36: =IFERROR(N36-H36,0) -> -305.3426 | AY36: =IFERROR(AX36/H36,0) -> -1 | AZ36: =IFERROR(P36-J36,0) -> -13740.417 | BA36: =IFERROR(AZ36/J36,0) -> -1 | BB36: =IFERROR(L36-R36,0) -> 0 | BC36: =IFERROR(BB36/R36,0) -> 0 | BD36: =IFERROR(N36-T36,0) -> 0 | BE36: =IFERROR(BD36/T36,0) -> 0 | BF36: =IFERROR(P36-V36,0) -> 0 | BG36: =IFERROR(BF36/V36,0) -> 0 | BH36: =IFERROR(L36-X36,0) -> 0 | BI36: =IFERROR(BH36/X36,0) -> 0 | BJ36: =IFERROR(N36-Z36,0) -> 0 | BK36: =IFERROR(BJ36/Z36,0) -> 0 | BL36: =IFERROR(P36-AB36,0) -> 0 | BM36: =IFERROR(BL36/AB36,0) -> 0 | BN36: =IFERROR(L36-AP36,0) -> 0 | BO36: =IFERROR(BN36/AP36,0) -> 0 | BP36: =IFERROR(N36-AR36,0) -> 0 | BQ36: =IFERROR(BP36/AR36,0) -> 0 | BR36: =IFERROR(P36-AT36,0) -> 0 | BS36: =IFERROR(BR36/AT36,0) -> 0 | BX36: 3월 | BY36: 회 원 | BZ36: 기 명 | CA36: =기존구분!$G$46 -> 259
E37: Other | F37: =CA26 -> 28 | G37: =IFERROR(F37/F50,0) -> 0.014227642 | H37: =IFERROR(J37/F37,"0") -> 283.12038 | I37: =IFERROR(H37/H35,0) -> 1.00746 | J37: =CB26 -> 7927.3706 | K37: =IFERROR(J37/J50,0) -> 0.014613201 | L37: =CC26 -> 0 | M37: =IFERROR(L37/L50,0) -> 0 | N37: =IFERROR(P37/L37,"0") -> 0 | O37: =IFERROR(N37/N35,0) -> 0 | P37: =CD26 -> 0 | Q37: =IFERROR(P37/P50,0) -> 0 | R37: =CE26 -> 0 | S37: =IFERROR(R37/R50,0) -> 0 | T37: =IFERROR(V37/R37,"0") -> 0 | U37: =IFERROR(T37/T35,0) -> 0 | V37: =CF26 -> 0 | W37: =IFERROR(V37/V50,0) -> 0 | X37: =CG26 -> 0 | Y37: =IFERROR(X37/X50,0) -> 0 | Z37: =IFERROR(AB37/X37,"0") -> 0 | AA37: =IFERROR(Z37/Z35,0) -> 0 | AB37: =CH26 -> 0 | AC37: =IFERROR(AB37/AB50,0) -> 0 | AD37: =CI26 -> 0 | AE37: =IFERROR(AD37/AD50,0) -> 0 | AF37: =IFERROR(AH37/AD37,"0") -> 0 | AG37: =IFERROR(AF37/AF35,0) -> 0 | AH37: =CJ26 -> 0 | AI37: =IFERROR(AH37/AH50,0) -> 0 | AJ37: =CK26 -> 0 | AK37: =IFERROR(AJ37/AJ50,0) -> 0 | AL37: =IFERROR(AN37/AJ37,"0") -> 0 | AM37: =IFERROR(AL37/AL35,0) -> 0 | AN37: =CL26 -> 0 | AO37: =IFERROR(AN37/AN50,0) -> 0 | AP37: =CM26 -> 0 | AQ37: =IFERROR(AP37/AP50,0) -> 0 | AR37: =IFERROR(AT37/AP37,"0") -> 0 | AS37: =IFERROR(AR37/AR35,0) -> 0 | AT37: =CN26 -> 0 | AU37: =IFERROR(AT37/AT50,0) -> 0 | AV37: =IFERROR(L37-F37,0) -> -28 | AW37: =IFERROR(AV37/F37,0) -> -1 | AX37: =IFERROR(N37-H37,0) -> -283.12038 | AY37: =IFERROR(AX37/H37,0) -> -1 | AZ37: =IFERROR(P37-J37,0) -> -7927.3706 | BA37: =IFERROR(AZ37/J37,0) -> -1 | BB37: =IFERROR(L37-R37,0) -> 0 | BC37: =IFERROR(BB37/R37,0) -> 0 | BD37: =IFERROR(N37-T37,0) -> 0 | BE37: =IFERROR(BD37/T37,0) -> 0 | BF37: =IFERROR(P37-V37,0) -> 0 | BG37: =IFERROR(BF37/V37,0) -> 0 | BH37: =IFERROR(L37-X37,0) -> 0 | BI37: =IFERROR(BH37/X37,0) -> 0 | BJ37: =IFERROR(N37-Z37,0) -> 0 | BK37: =IFERROR(BJ37/Z37,0) -> 0 | BL37: =IFERROR(P37-AB37,0) -> 0 | BM37: =IFERROR(BL37/AB37,0) -> 0 | BN37: =IFERROR(L37-AP37,0) -> 0 | BO37: =IFERROR(BN37/AP37,0) -> 0 | BP37: =IFERROR(N37-AR37,0) -> 0 | BQ37: =IFERROR(BP37/AR37,0) -> 0 | BR37: =IFERROR(P37-AT37,0) -> 0 | BS37: =IFERROR(BR37/AT37,0) -> 0 | BZ37: 무기명 | CA37: =ROUND(기존구분!$G$45*(SUM('파나크 영덕'!L59,소노문해운대!L58:L59)/SUM('파나크 영덕'!L59:L61,소노문해운대!L58:L61)),0) -> 522 | CB37: =CA37*기존구분!$G$53-1000 -> 146788.84
E38: Total | F38: =SUM(F34:F37) -> 782 | G38: =IFERROR(F38/F50,0) -> 0.39735772 | H38: =IFERROR(J38/F38,"0") -> 199.12559 | I38: =IFERROR(H38/H35,0) -> 0.7085716 | J38: =SUM(J34:J37) -> 155716.21 | K38: =IFERROR(J38/J50,0) -> 0.28704503 | L38: =SUM(L34:L37) -> 0 | M38: =IFERROR(L38/L50,0) -> 0 | N38: =IFERROR(P38/L38,"0") -> 0 | O38: =IFERROR(N38/N35,0) -> 0 | P38: =SUM(P34:P37) -> 0 | Q38: =IFERROR(P38/P50,0) -> 0 | R38: =SUM(R34:R37) -> 0 | S38: =IFERROR(R38/R50,0) -> 0 | T38: =IFERROR(V38/R38,"0") -> 0 | U38: =IFERROR(T38/T35,0) -> 0 | V38: =SUM(V34:V37) -> 0 | W38: =IFERROR(V38/V50,0) -> 0 | X38: =SUM(X34:X37) -> 0 | Y38: =IFERROR(X38/X50,0) -> 0 | Z38: =IFERROR(AB38/X38,"0") -> 0 | AA38: =IFERROR(Z38/Z35,0) -> 0 | AB38: =SUM(AB34:AB37) -> 0 | AC38: =IFERROR(AB38/AB50,0) -> 0 | AD38: =SUM(AD34:AD37) -> 0 | AE38: =IFERROR(AD38/AD50,0) -> 0 | AF38: =IFERROR(AH38/AD38,"0") -> 0 | AG38: =IFERROR(AF38/AF35,0) -> 0 | AH38: =SUM(AH34:AH37) -> 0 | AI38: =IFERROR(AH38/AH50,0) -> 0 | AJ38: =SUM(AJ34:AJ37) -> 0 | AK38: =IFERROR(AJ38/AJ50,0) -> 0 | AL38: =IFERROR(AN38/AJ38,"0") -> 0 | AM38: =IFERROR(AL38/AL35,0) -> 0 | AN38: =SUM(AN34:AN37) -> 0 | AO38: =IFERROR(AN38/AN50,0) -> 0 | AP38: =SUM(AP34:AP37) -> 0 | AQ38: =IFERROR(AP38/AP50,0) -> 0 | AR38: =IFERROR(AT38/AP38,"0") -> 0 | AS38: =IFERROR(AR38/AR35,0) -> 0 | AT38: =SUM(AT34:AT37) -> 0 | AU38: =IFERROR(AT38/AT50,0) -> 0 | AV38: =IFERROR(L38-F38,0) -> -782 | AW38: =IFERROR(AV38/F38,0) -> -1 | AX38: =IFERROR(N38-H38,0) -> -199.12559 | AY38: =IFERROR(AX38/H38,0) -> -1 | AZ38: =IFERROR(P38-J38,0) -> -155716.21 | BA38: =IFERROR(AZ38/J38,0) -> -1 | BB38: =IFERROR(L38-R38,0) -> 0 | BC38: =IFERROR(BB38/R38,0) -> 0 | BD38: =IFERROR(N38-T38,0) -> 0 | BE38: =IFERROR(BD38/T38,0) -> 0 | BF38: =IFERROR(P38-V38,0) -> 0 | BG38: =IFERROR(BF38/V38,0) -> 0 | BH38: =IFERROR(L38-X38,0) -> 0 | BI38: =IFERROR(BH38/X38,0) -> 0 | BJ38: =IFERROR(N38-Z38,0) -> 0 | BK38: =IFERROR(BJ38/Z38,0) -> 0 | BL38: =IFERROR(P38-AB38,0) -> 0 | BM38: =IFERROR(BL38/AB38,0) -> 0 | BN38: =IFERROR(L38-AP38,0) -> 0 | BO38: =IFERROR(BN38/AP38,0) -> 0 | BP38: =IFERROR(N38-AR38,0) -> 0 | BQ38: =IFERROR(BP38/AR38,0) -> 0 | BR38: =IFERROR(P38-AT38,0) -> 0 | BS38: =IFERROR(BR38/AT38,0) -> 0 | BZ38: 직 원 | CA38: =ROUND(기존구분!$G$45*(SUM('파나크 영덕:소노문해운대'!L60)/SUM('파나크 영덕'!L59:L61,소노문해운대!L58:L61)),0) -> 54 | CB38: =CA38*기존구분!$G$53+1000 -> 16288.5
D39: Group | E39: G-Mice | F39: =CA27 -> 0 | G39: =IFERROR(F39/F50,0) -> 0 | H39: =IFERROR(J39/F39,"0") -> 0 | I39: =IFERROR(H39/H35,0) -> 0 | J39: =CB27 -> 0 | K39: =IFERROR(J39/J50,0) -> 0 | L39: =CC27 -> 0 | M39: =IFERROR(L39/L50,0) -> 0 | N39: =IFERROR(P39/L39,"0") -> 0 | O39: =IFERROR(N39/N35,0) -> 0 | P39: =CD27 -> 0 | Q39: =IFERROR(P39/P50,0) -> 0 | R39: =CE27 -> 0 | S39: =IFERROR(R39/R50,0) -> 0 | T39: =IFERROR(V39/R39,"0") -> 0 | U39: =IFERROR(T39/T35,0) -> 0 | V39: =CF27 -> 0 | W39: =IFERROR(V39/V50,0) -> 0 | X39: =CG27 -> 0 | Y39: =IFERROR(X39/X50,0) -> 0 | Z39: =IFERROR(AB39/X39,"0") -> 0 | AA39: =IFERROR(Z39/Z35,0) -> 0 | AB39: =CH27 -> 0 | AC39: =IFERROR(AB39/AB50,0) -> 0 | AD39: =CI27 -> 0 | AE39: =IFERROR(AD39/AD50,0) -> 0 | AF39: =IFERROR(AH39/AD39,"0") -> 0 | AG39: =IFERROR(AF39/AF35,0) -> 0 | AH39: =CJ27 -> 0 | AI39: =IFERROR(AH39/AH50,0) -> 0 | AJ39: =CK27 -> 0 | AK39: =IFERROR(AJ39/AJ50,0) -> 0 | AL39: =IFERROR(AN39/AJ39,"0") -> 0 | AM39: =IFERROR(AL39/AL35,0) -> 0 | AN39: =CL27 -> 0 | AO39: =IFERROR(AN39/AN50,0) -> 0 | AP39: =CM27 -> 0 | AQ39: =IFERROR(AP39/AP50,0) -> 0 | AR39: =IFERROR(AT39/AP39,"0") -> 0 | AS39: =IFERROR(AR39/AR35,0) -> 0 | AT39: =CN27 -> 0 | AU39: =IFERROR(AT39/AT50,0) -> 0 | AV39: =IFERROR(L39-F39,0) -> 0 | AW39: =IFERROR(AV39/F39,0) -> 0 | AX39: =IFERROR(N39-H39,0) -> 0 | AY39: =IFERROR(AX39/H39,0) -> 0 | AZ39: =IFERROR(P39-J39,0) -> 0 | BA39: =IFERROR(AZ39/J39,0) -> 0 | BB39: =IFERROR(L39-R39,0) -> 0 | BC39: =IFERROR(BB39/R39,0) -> 0 | BD39: =IFERROR(N39-T39,0) -> 0 | BE39: =IFERROR(BD39/T39,0) -> 0 | BF39: =IFERROR(P39-V39,0) -> 0 | BG39: =IFERROR(BF39/V39,0) -> 0 | BH39: =IFERROR(L39-X39,0) -> 0 | BI39: =IFERROR(BH39/X39,0) -> 0 | BJ39: =IFERROR(N39-Z39,0) -> 0 | BK39: =IFERROR(BJ39/Z39,0) -> 0 | BL39: =IFERROR(P39-AB39,0) -> 0 | BM39: =IFERROR(BL39/AB39,0) -> 0 | BN39: =IFERROR(L39-AP39,0) -> 0 | BO39: =IFERROR(BN39/AP39,0) -> 0 | BP39: =IFERROR(N39-AR39,0) -> 0 | BQ39: =IFERROR(BP39/AR39,0) -> 0 | BR39: =IFERROR(P39-AT39,0) -> 0 | BS39: =IFERROR(BR39/AT39,0) -> 0 | BZ39: 기 타 | CA39: =ROUND(기존구분!$G$45*(SUM('파나크 영덕:소노문해운대'!L61)/SUM('파나크 영덕'!L59:L61,소노문해운대!L58:L61)),0) -> 38 | CB39: =CA39*기존구분!$G$53 -> 10758.574
E40: E-Mice | F40: =CA28 -> 0 | G40: =IFERROR(F40/F50,0) -> 0 | H40: =IFERROR(J40/F40,"0") -> 0 | I40: =IFERROR(H40/H35,0) -> 0 | J40: =CB28 -> 0 | K40: =IFERROR(J40/J50,0) -> 0 | L40: =CC28 -> 0 | M40: =IFERROR(L40/L50,0) -> 0 | N40: =IFERROR(P40/L40,"0") -> 0 | O40: =IFERROR(N40/N35,0) -> 0 | P40: =CD28 -> 0 | Q40: =IFERROR(P40/P50,0) -> 0 | R40: =CE28 -> 0 | S40: =IFERROR(R40/R50,0) -> 0 | T40: =IFERROR(V40/R40,"0") -> 0 | U40: =IFERROR(T40/T35,0) -> 0 | V40: =CF28 -> 0 | W40: =IFERROR(V40/V50,0) -> 0 | X40: =CG28 -> 0 | Y40: =IFERROR(X40/X50,0) -> 0 | Z40: =IFERROR(AB40/X40,"0") -> 0 | AA40: =IFERROR(Z40/Z35,0) -> 0 | AB40: =CH28 -> 0 | AC40: =IFERROR(AB40/AB50,0) -> 0 | AD40: =CI28 -> 0 | AE40: =IFERROR(AD40/AD50,0) -> 0 | AF40: =IFERROR(AH40/AD40,"0") -> 0 | AG40: =IFERROR(AF40/AF35,0) -> 0 | AH40: =CJ28 -> 0 | AI40: =IFERROR(AH40/AH50,0) -> 0 | AJ40: =CK28 -> 0 | AK40: =IFERROR(AJ40/AJ50,0) -> 0 | AL40: =IFERROR(AN40/AJ40,"0") -> 0 | AM40: =IFERROR(AL40/AL35,0) -> 0 | AN40: =CL28 -> 0 | AO40: =IFERROR(AN40/AN50,0) -> 0 | AP40: =CM28 -> 0 | AQ40: =IFERROR(AP40/AP50,0) -> 0 | AR40: =IFERROR(AT40/AP40,"0") -> 0 | AS40: =IFERROR(AR40/AR35,0) -> 0 | AT40: =CN28 -> 0 | AU40: =IFERROR(AT40/AT50,0) -> 0 | AV40: =IFERROR(L40-F40,0) -> 0 | AW40: =IFERROR(AV40/F40,0) -> 0 | AX40: =IFERROR(N40-H40,0) -> 0 | AY40: =IFERROR(AX40/H40,0) -> 0 | AZ40: =IFERROR(P40-J40,0) -> 0 | BA40: =IFERROR(AZ40/J40,0) -> 0 | BB40: =IFERROR(L40-R40,0) -> 0 | BC40: =IFERROR(BB40/R40,0) -> 0 | BD40: =IFERROR(N40-T40,0) -> 0 | BE40: =IFERROR(BD40/T40,0) -> 0 | BF40: =IFERROR(P40-V40,0) -> 0 | BG40: =IFERROR(BF40/V40,0) -> 0 | BH40: =IFERROR(L40-X40,0) -> 0 | BI40: =IFERROR(BH40/X40,0) -> 0 | BJ40: =IFERROR(N40-Z40,0) -> 0 | BK40: =IFERROR(BJ40/Z40,0) -> 0 | BL40: =IFERROR(P40-AB40,0) -> 0 | BM40: =IFERROR(BL40/AB40,0) -> 0 | BN40: =IFERROR(L40-AP40,0) -> 0 | BO40: =IFERROR(BN40/AP40,0) -> 0 | BP40: =IFERROR(N40-AR40,0) -> 0 | BQ40: =IFERROR(BP40/AR40,0) -> 0 | BR40: =IFERROR(P40-AT40,0) -> 0 | BS40: =IFERROR(BR40/AT40,0) -> 0 | BY40: 단 체 | BZ40: 일 반
E41: Inbound | F41: =CA29 -> 0 | G41: =IFERROR(F41/F50,0) -> 0 | H41: =IFERROR(J41/F41,"0") -> 0 | I41: =IFERROR(H41/H35,0) -> 0 | J41: =CB29 -> 0 | K41: =IFERROR(J41/J50,0) -> 0 | L41: =CC29 -> 0 | M41: =IFERROR(L41/L50,0) -> 0 | N41: =IFERROR(P41/L41,"0") -> 0 | O41: =IFERROR(N41/N35,0) -> 0 | P41: =CD29 -> 0 | Q41: =IFERROR(P41/P50,0) -> 0 | R41: =CE29 -> 0 | S41: =IFERROR(R41/R50,0) -> 0 | T41: =IFERROR(V41/R41,"0") -> 0 | U41: =IFERROR(T41/T35,0) -> 0 | V41: =CF29 -> 0 | W41: =IFERROR(V41/V50,0) -> 0 | X41: =CG29 -> 0 | Y41: =IFERROR(X41/X50,0) -> 0 | Z41: =IFERROR(AB41/X41,"0") -> 0 | AA41: =IFERROR(Z41/Z35,0) -> 0 | AB41: =CH29 -> 0 | AC41: =IFERROR(AB41/AB50,0) -> 0 | AD41: =CI29 -> 0 | AE41: =IFERROR(AD41/AD50,0) -> 0 | AF41: =IFERROR(AH41/AD41,"0") -> 0 | AG41: =IFERROR(AF41/AF35,0) -> 0 | AH41: =CJ29 -> 0 | AI41: =IFERROR(AH41/AH50,0) -> 0 | AJ41: =CK29 -> 0 | AK41: =IFERROR(AJ41/AJ50,0) -> 0 | AL41: =IFERROR(AN41/AJ41,"0") -> 0 | AM41: =IFERROR(AL41/AL35,0) -> 0 | AN41: =CL29 -> 0 | AO41: =IFERROR(AN41/AN50,0) -> 0 | AP41: =CM29 -> 0 | AQ41: =IFERROR(AP41/AP50,0) -> 0 | AR41: =IFERROR(AT41/AP41,"0") -> 0 | AS41: =IFERROR(AR41/AR35,0) -> 0 | AT41: =CN29 -> 0 | AU41: =IFERROR(AT41/AT50,0) -> 0 | AV41: =IFERROR(L41-F41,0) -> 0 | AW41: =IFERROR(AV41/F41,0) -> 0 | AX41: =IFERROR(N41-H41,0) -> 0 | AY41: =IFERROR(AX41/H41,0) -> 0 | AZ41: =IFERROR(P41-J41,0) -> 0 | BA41: =IFERROR(AZ41/J41,0) -> 0 | BB41: =IFERROR(L41-R41,0) -> 0 | BC41: =IFERROR(BB41/R41,0) -> 0 | BD41: =IFERROR(N41-T41,0) -> 0 | BE41: =IFERROR(BD41/T41,0) -> 0 | BF41: =IFERROR(P41-V41,0) -> 0 | BG41: =IFERROR(BF41/V41,0) -> 0 | BH41: =IFERROR(L41-X41,0) -> 0 | BI41: =IFERROR(BH41/X41,0) -> 0 | BJ41: =IFERROR(N41-Z41,0) -> 0 | BK41: =IFERROR(BJ41/Z41,0) -> 0 | BL41: =IFERROR(P41-AB41,0) -> 0 | BM41: =IFERROR(BL41/AB41,0) -> 0 | BN41: =IFERROR(L41-AP41,0) -> 0 | BO41: =IFERROR(BN41/AP41,0) -> 0 | BP41: =IFERROR(N41-AR41,0) -> 0 | BQ41: =IFERROR(BP41/AR41,0) -> 0 | BR41: =IFERROR(P41-AT41,0) -> 0 | BS41: =IFERROR(BR41/AT41,0) -> 0 | BZ41: 학 생
E42: Total | F42: =SUM(F39:F41) -> 0 | G42: =IFERROR(F42/F50,0) -> 0 | H42: =IFERROR(J42/F42,"0") -> 0 | I42: =IFERROR(H42/H35,0) -> 0 | J42: =SUM(J39:J41) -> 0 | K42: =IFERROR(J42/J50,0) -> 0 | L42: =SUM(L39:L41) -> 0 | M42: =IFERROR(L42/L50,0) -> 0 | N42: =IFERROR(P42/L42,"0") -> 0 | O42: =IFERROR(N42/N35,0) -> 0 | P42: =SUM(P39:P41) -> 0 | Q42: =IFERROR(P42/P50,0) -> 0 | R42: =SUM(R39:R41) -> 0 | S42: =IFERROR(R42/R50,0) -> 0 | T42: =IFERROR(V42/R42,"0") -> 0 | U42: =IFERROR(T42/T35,0) -> 0 | V42: =SUM(V39:V41) -> 0 | W42: =IFERROR(V42/V50,0) -> 0 | X42: =SUM(X39:X41) -> 0 | Y42: =IFERROR(X42/X50,0) -> 0 | Z42: =IFERROR(AB42/X42,"0") -> 0 | AA42: =IFERROR(Z42/Z35,0) -> 0 | AB42: =SUM(AB39:AB41) -> 0 | AC42: =IFERROR(AB42/AB50,0) -> 0 | AD42: =SUM(AD39:AD41) -> 0 | AE42: =IFERROR(AD42/AD50,0) -> 0 | AF42: =IFERROR(AH42/AD42,"0") -> 0 | AG42: =IFERROR(AF42/AF35,0) -> 0 | AH42: =SUM(AH39:AH41) -> 0 | AI42: =IFERROR(AH42/AH50,0) -> 0 | AJ42: =SUM(AJ39:AJ41) -> 0 | AK42: =IFERROR(AJ42/AJ50,0) -> 0 | AL42: =IFERROR(AN42/AJ42,"0") -> 0 | AM42: =IFERROR(AL42/AL35,0) -> 0 | AN42: =SUM(AN39:AN41) -> 0 | AO42: =IFERROR(AN42/AN50,0) -> 0 | AP42: =SUM(AP39:AP41) -> 0 | AQ42: =IFERROR(AP42/AP50,0) -> 0 | AR42: =IFERROR(AT42/AP42,"0") -> 0 | AS42: =IFERROR(AR42/AR35,0) -> 0 | AT42: =SUM(AT39:AT41) -> 0 | AU42: =IFERROR(AT42/AT50,0) -> 0 | AV42: =IFERROR(L42-F42,0) -> 0 | AW42: =IFERROR(AV42/F42,0) -> 0 | AX42: =IFERROR(N42-H42,0) -> 0 | AY42: =IFERROR(AX42/H42,0) -> 0 | AZ42: =IFERROR(P42-J42,0) -> 0 | BA42: =IFERROR(AZ42/J42,0) -> 0 | BB42: =IFERROR(L42-R42,0) -> 0 | BC42: =IFERROR(BB42/R42,0) -> 0 | BD42: =IFERROR(N42-T42,0) -> 0 | BE42: =IFERROR(BD42/T42,0) -> 0 | BF42: =IFERROR(P42-V42,0) -> 0 | BG42: =IFERROR(BF42/V42,0) -> 0 | BH42: =IFERROR(L42-X42,0) -> 0 | BI42: =IFERROR(BH42/X42,0) -> 0 | BJ42: =IFERROR(N42-Z42,0) -> 0 | BK42: =IFERROR(BJ42/Z42,0) -> 0 | BL42: =IFERROR(P42-AB42,0) -> 0 | BM42: =IFERROR(BL42/AB42,0) -> 0 | BN42: =IFERROR(L42-AP42,0) -> 0 | BO42: =IFERROR(BN42/AP42,0) -> 0 | BP42: =IFERROR(N42-AR42,0) -> 0 | BQ42: =IFERROR(BP42/AR42,0) -> 0 | BR42: =IFERROR(P42-AT42,0) -> 0 | BS42: =IFERROR(BR42/AT42,0) -> 0 | BZ42: 인바운드
D43: FIT | E43: Homepage | F43: =CA30 -> 144 | G43: =IFERROR(F43/F50,0) -> 0.073170732 | H43: =IFERROR(J43/F43,"0") -> 339.99686 | I43: =IFERROR(H43/H35,0) -> 1.2098502 | J43: =CB30 -> 48959.548 | K43: =IFERROR(J43/J50,0) -> 0.09025133 | L43: =CC30 -> 0 | M43: =IFERROR(L43/L50,0) -> 0 | N43: =IFERROR(P43/L43,"0") -> 0 | O43: =IFERROR(N43/N35,0) -> 0 | P43: =CD30 -> 0 | Q43: =IFERROR(P43/P50,0) -> 0 | R43: =CE30 -> 0 | S43: =IFERROR(R43/R50,0) -> 0 | T43: =IFERROR(V43/R43,"0") -> 0 | U43: =IFERROR(T43/T35,0) -> 0 | V43: =CF30 -> 0 | W43: =IFERROR(V43/V50,0) -> 0 | X43: =CG30 -> 0 | Y43: =IFERROR(X43/X50,0) -> 0 | Z43: =IFERROR(AB43/X43,"0") -> 0 | AA43: =IFERROR(Z43/Z35,0) -> 0 | AB43: =CH30 -> 0 | AC43: =IFERROR(AB43/AB50,0) -> 0 | AD43: =CI30 -> 0 | AE43: =IFERROR(AD43/AD50,0) -> 0 | AF43: =IFERROR(AH43/AD43,"0") -> 0 | AG43: =IFERROR(AF43/AF35,0) -> 0 | AH43: =CJ30 -> 0 | AI43: =IFERROR(AH43/AH50,0) -> 0 | AJ43: =CK30 -> 0 | AK43: =IFERROR(AJ43/AJ50,0) -> 0 | AL43: =IFERROR(AN43/AJ43,"0") -> 0 | AM43: =IFERROR(AL43/AL35,0) -> 0 | AN43: =CL30 -> 0 | AO43: =IFERROR(AN43/AN50,0) -> 0 | AP43: =CM30 -> 0 | AQ43: =IFERROR(AP43/AP50,0) -> 0 | AR43: =IFERROR(AT43/AP43,"0") -> 0 | AS43: =IFERROR(AR43/AR35,0) -> 0 | AT43: =CN30 -> 0 | AU43: =IFERROR(AT43/AT50,0) -> 0 | AV43: =IFERROR(L43-F43,0) -> -144 | AW43: =IFERROR(AV43/F43,0) -> -1 | AX43: =IFERROR(N43-H43,0) -> -339.99686 | AY43: =IFERROR(AX43/H43,0) -> -1 | AZ43: =IFERROR(P43-J43,0) -> -48959.548 | BA43: =IFERROR(AZ43/J43,0) -> -1 | BB43: =IFERROR(L43-R43,0) -> 0 | BC43: =IFERROR(BB43/R43,0) -> 0 | BD43: =IFERROR(N43-T43,0) -> 0 | BE43: =IFERROR(BD43/T43,0) -> 0 | BF43: =IFERROR(P43-V43,0) -> 0 | BG43: =IFERROR(BF43/V43,0) -> 0 | BH43: =IFERROR(L43-X43,0) -> 0 | BI43: =IFERROR(BH43/X43,0) -> 0 | BJ43: =IFERROR(N43-Z43,0) -> 0 | BK43: =IFERROR(BJ43/Z43,0) -> 0 | BL43: =IFERROR(P43-AB43,0) -> 0 | BM43: =IFERROR(BL43/AB43,0) -> 0 | BN43: =IFERROR(L43-AP43,0) -> 0 | BO43: =IFERROR(BN43/AP43,0) -> 0 | BP43: =IFERROR(N43-AR43,0) -> 0 | BQ43: =IFERROR(BP43/AR43,0) -> 0 | BR43: =IFERROR(P43-AT43,0) -> 0 | BS43: =IFERROR(BR43/AT43,0) -> 0 | BY43: 일 반 | BZ43: 홈페이지 | CA43: =ROUND(기존구분!$G$44*(SUM('파나크 영덕:소노문해운대'!L67)/SUM('파나크 영덕:소노문해운대'!$L$72,'파나크 영덕:소노문해운대'!$L$73)),0) -> 126 | CB43: =CA43*기존구분!$G$52+2500 -> 43589.605
E44: OTA | F44: =CA31 -> 541 | G44: =IFERROR(F44/F50,0) -> 0.27489837 | H44: =IFERROR(J44/F44,"0") -> 328.88062 | I44: =IFERROR(H44/H35,0) -> 1.1702939 | J44: =CB31 -> 177924.41 | K44: =IFERROR(J44/J50,0) -> 0.32798331 | L44: =CC31 -> 0 | M44: =IFERROR(L44/L50,0) -> 0 | N44: =IFERROR(P44/L44,"0") -> 0 | O44: =IFERROR(N44/N35,0) -> 0 | P44: =CD31 -> 0 | Q44: =IFERROR(P44/P50,0) -> 0 | R44: =CE31 -> 0 | S44: =IFERROR(R44/R50,0) -> 0 | T44: =IFERROR(V44/R44,"0") -> 0 | U44: =IFERROR(T44/T35,0) -> 0 | V44: =CF31 -> 0 | W44: =IFERROR(V44/V50,0) -> 0 | X44: =CG31 -> 0 | Y44: =IFERROR(X44/X50,0) -> 0 | Z44: =IFERROR(AB44/X44,"0") -> 0 | AA44: =IFERROR(Z44/Z35,0) -> 0 | AB44: =CH31 -> 0 | AC44: =IFERROR(AB44/AB50,0) -> 0 | AD44: =CI31 -> 0 | AE44: =IFERROR(AD44/AD50,0) -> 0 | AF44: =IFERROR(AH44/AD44,"0") -> 0 | AG44: =IFERROR(AF44/AF35,0) -> 0 | AH44: =CJ31 -> 0 | AI44: =IFERROR(AH44/AH50,0) -> 0 | AJ44: =CK31 -> 0 | AK44: =IFERROR(AJ44/AJ50,0) -> 0 | AL44: =IFERROR(AN44/AJ44,"0") -> 0 | AM44: =IFERROR(AL44/AL35,0) -> 0 | AN44: =CL31 -> 0 | AO44: =IFERROR(AN44/AN50,0) -> 0 | AP44: =CM31 -> 0 | AQ44: =IFERROR(AP44/AP50,0) -> 0 | AR44: =IFERROR(AT44/AP44,"0") -> 0 | AS44: =IFERROR(AR44/AR35,0) -> 0 | AT44: =CN31 -> 0 | AU44: =IFERROR(AT44/AT50,0) -> 0 | AV44: =IFERROR(L44-F44,0) -> -541 | AW44: =IFERROR(AV44/F44,0) -> -1 | AX44: =IFERROR(N44-H44,0) -> -328.88062 | AY44: =IFERROR(AX44/H44,0) -> -1 | AZ44: =IFERROR(P44-J44,0) -> -177924.41 | BA44: =IFERROR(AZ44/J44,0) -> -1 | BB44: =IFERROR(L44-R44,0) -> 0 | BC44: =IFERROR(BB44/R44,0) -> 0 | BD44: =IFERROR(N44-T44,0) -> 0 | BE44: =IFERROR(BD44/T44,0) -> 0 | BF44: =IFERROR(P44-V44,0) -> 0 | BG44: =IFERROR(BF44/V44,0) -> 0 | BH44: =IFERROR(L44-X44,0) -> 0 | BI44: =IFERROR(BH44/X44,0) -> 0 | BJ44: =IFERROR(N44-Z44,0) -> 0 | BK44: =IFERROR(BJ44/Z44,0) -> 0 | BL44: =IFERROR(P44-AB44,0) -> 0 | BM44: =IFERROR(BL44/AB44,0) -> 0 | BN44: =IFERROR(L44-AP44,0) -> 0 | BO44: =IFERROR(BN44/AP44,0) -> 0 | BP44: =IFERROR(N44-AR44,0) -> 0 | BQ44: =IFERROR(BP44/AR44,0) -> 0 | BR44: =IFERROR(P44-AT44,0) -> 0 | BS44: =IFERROR(BR44/AT44,0) -> 0 | BZ44: OTA | CA44: =ROUND(기존구분!$G$44*(SUM('파나크 영덕:소노문해운대'!L68)/SUM('파나크 영덕:소노문해운대'!$L$72,'파나크 영덕:소노문해운대'!$L$73)),0) -> 626 | CB44: =CA44*기존구분!$G$52+3000 -> 207143.59
E45: G-OTA | F45: =CA32 -> 458 | G45: =IFERROR(F45/F50,0) -> 0.23272358 | H45: =IFERROR(J45/F45,"0") -> 326.10797 | I45: =IFERROR(H45/H35,0) -> 1.1604277 | J45: =CB32 -> 149357.45 | K45: =IFERROR(J45/J50,0) -> 0.27532339 | L45: =CC32 -> 0 | M45: =IFERROR(L45/L50,0) -> 0 | N45: =IFERROR(P45/L45,"0") -> 0 | O45: =IFERROR(N45/N35,0) -> 0 | P45: =CD32 -> 0 | Q45: =IFERROR(P45/P50,0) -> 0 | R45: =CE32 -> 0 | S45: =IFERROR(R45/R50,0) -> 0 | T45: =IFERROR(V45/R45,"0") -> 0 | U45: =IFERROR(T45/T35,0) -> 0 | V45: =CF32 -> 0 | W45: =IFERROR(V45/V50,0) -> 0 | X45: =CG32 -> 0 | Y45: =IFERROR(X45/X50,0) -> 0 | Z45: =IFERROR(AB45/X45,"0") -> 0 | AA45: =IFERROR(Z45/Z35,0) -> 0 | AB45: =CH32 -> 0 | AC45: =IFERROR(AB45/AB50,0) -> 0 | AD45: =CI32 -> 0 | AE45: =IFERROR(AD45/AD50,0) -> 0 | AF45: =IFERROR(AH45/AD45,"0") -> 0 | AG45: =IFERROR(AF45/AF35,0) -> 0 | AH45: =CJ32 -> 0 | AI45: =IFERROR(AH45/AH50,0) -> 0 | AJ45: =CK32 -> 0 | AK45: =IFERROR(AJ45/AJ50,0) -> 0 | AL45: =IFERROR(AN45/AJ45,"0") -> 0 | AM45: =IFERROR(AL45/AL35,0) -> 0 | AN45: =CL32 -> 0 | AO45: =IFERROR(AN45/AN50,0) -> 0 | AP45: =CM32 -> 0 | AQ45: =IFERROR(AP45/AP50,0) -> 0 | AR45: =IFERROR(AT45/AP45,"0") -> 0 | AS45: =IFERROR(AR45/AR35,0) -> 0 | AT45: =CN32 -> 0 | AU45: =IFERROR(AT45/AT50,0) -> 0 | AV45: =IFERROR(L45-F45,0) -> -458 | AW45: =IFERROR(AV45/F45,0) -> -1 | AX45: =IFERROR(N45-H45,0) -> -326.10797 | AY45: =IFERROR(AX45/H45,0) -> -1 | AZ45: =IFERROR(P45-J45,0) -> -149357.45 | BA45: =IFERROR(AZ45/J45,0) -> -1 | BB45: =IFERROR(L45-R45,0) -> 0 | BC45: =IFERROR(BB45/R45,0) -> 0 | BD45: =IFERROR(N45-T45,0) -> 0 | BE45: =IFERROR(BD45/T45,0) -> 0 | BF45: =IFERROR(P45-V45,0) -> 0 | BG45: =IFERROR(BF45/V45,0) -> 0 | BH45: =IFERROR(L45-X45,0) -> 0 | BI45: =IFERROR(BH45/X45,0) -> 0 | BJ45: =IFERROR(N45-Z45,0) -> 0 | BK45: =IFERROR(BJ45/Z45,0) -> 0 | BL45: =IFERROR(P45-AB45,0) -> 0 | BM45: =IFERROR(BL45/AB45,0) -> 0 | BN45: =IFERROR(L45-AP45,0) -> 0 | BO45: =IFERROR(BN45/AP45,0) -> 0 | BP45: =IFERROR(N45-AR45,0) -> 0 | BQ45: =IFERROR(BP45/AR45,0) -> 0 | BR45: =IFERROR(P45-AT45,0) -> 0 | BS45: =IFERROR(BR45/AT45,0) -> 0 | BZ45: G-OTA | CA45: =ROUND(기존구분!$G$44*(SUM('파나크 영덕:소노문해운대'!L69)/SUM('파나크 영덕:소노문해운대'!$L$72,'파나크 영덕:소노문해운대'!$L$73)),0) -> 516 | CB45: =CA45*기존구분!$G$52+2879 -> 171150.71
E46: Affiliate | F46: =CA33 -> 2 | G46: =IFERROR(F46/F50,0) -> 0.0010162602 | H46: =IFERROR(J46/F46,"0") -> 369.60797 | I46: =IFERROR(H46/H35,0) -> 1.3152188 | J46: =CB33 -> 739.21595 | K46: =IFERROR(J46/J50,0) -> 0.0013626601 | L46: =CC33 -> 0 | M46: =IFERROR(L46/L50,0) -> 0 | N46: =IFERROR(P46/L46,"0") -> 0 | O46: =IFERROR(N46/N35,0) -> 0 | P46: =CD33 -> 0 | Q46: =IFERROR(P46/P50,0) -> 0 | R46: =CE33 -> 0 | S46: =IFERROR(R46/R50,0) -> 0 | T46: =IFERROR(V46/R46,"0") -> 0 | U46: =IFERROR(T46/T35,0) -> 0 | V46: =CF33 -> 0 | W46: =IFERROR(V46/V50,0) -> 0 | X46: =CG33 -> 0 | Y46: =IFERROR(X46/X50,0) -> 0 | Z46: =IFERROR(AB46/X46,"0") -> 0 | AA46: =IFERROR(Z46/Z35,0) -> 0 | AB46: =CH33 -> 0 | AC46: =IFERROR(AB46/AB50,0) -> 0 | AD46: =CI33 -> 0 | AE46: =IFERROR(AD46/AD50,0) -> 0 | AF46: =IFERROR(AH46/AD46,"0") -> 0 | AG46: =IFERROR(AF46/AF35,0) -> 0 | AH46: =CJ33 -> 0 | AI46: =IFERROR(AH46/AH50,0) -> 0 | AJ46: =CK33 -> 0 | AK46: =IFERROR(AJ46/AJ50,0) -> 0 | AL46: =IFERROR(AN46/AJ46,"0") -> 0 | AM46: =IFERROR(AL46/AL35,0) -> 0 | AN46: =CL33 -> 0 | AO46: =IFERROR(AN46/AN50,0) -> 0 | AP46: =CM33 -> 0 | AQ46: =IFERROR(AP46/AP50,0) -> 0 | AR46: =IFERROR(AT46/AP46,"0") -> 0 | AS46: =IFERROR(AR46/AR35,0) -> 0 | AT46: =CN33 -> 0 | AU46: =IFERROR(AT46/AT50,0) -> 0 | AV46: =IFERROR(L46-F46,0) -> -2 | AW46: =IFERROR(AV46/F46,0) -> -1 | AX46: =IFERROR(N46-H46,0) -> -369.60797 | AY46: =IFERROR(AX46/H46,0) -> -1 | AZ46: =IFERROR(P46-J46,0) -> -739.21595 | BA46: =IFERROR(AZ46/J46,0) -> -1 | BB46: =IFERROR(L46-R46,0) -> 0 | BC46: =IFERROR(BB46/R46,0) -> 0 | BD46: =IFERROR(N46-T46,0) -> 0 | BE46: =IFERROR(BD46/T46,0) -> 0 | BF46: =IFERROR(P46-V46,0) -> 0 | BG46: =IFERROR(BF46/V46,0) -> 0 | BH46: =IFERROR(L46-X46,0) -> 0 | BI46: =IFERROR(BH46/X46,0) -> 0 | BJ46: =IFERROR(N46-Z46,0) -> 0 | BK46: =IFERROR(BJ46/Z46,0) -> 0 | BL46: =IFERROR(P46-AB46,0) -> 0 | BM46: =IFERROR(BL46/AB46,0) -> 0 | BN46: =IFERROR(L46-AP46,0) -> 0 | BO46: =IFERROR(BN46/AP46,0) -> 0 | BP46: =IFERROR(N46-AR46,0) -> 0 | BQ46: =IFERROR(BP46/AR46,0) -> 0 | BR46: =IFERROR(P46-AT46,0) -> 0 | BS46: =IFERROR(BR46/AT46,0) -> 0 | BZ46: 제휴사 | CA46: =ROUND(기존구분!$G$44*(SUM('파나크 영덕:소노문해운대'!L70)/SUM('파나크 영덕:소노문해운대'!$L$72,'파나크 영덕:소노문해운대'!$L$73)),0) -> 2 | CB46: =CA46*기존구분!$G$52+100 -> 752.21595
E47: Other | F47: =CA34 -> 30 | G47: =IFERROR(F47/F50,0) -> 0.015243902 | H47: =IFERROR(J47/F47,"0") -> 326.10797 | I47: =IFERROR(H47/H35,0) -> 1.1604277 | J47: =CB34 -> 9783.2392 | K47: =IFERROR(J47/J50,0) -> 0.018034283 | L47: =CC34 -> 0 | M47: =IFERROR(L47/L50,0) -> 0 | N47: =IFERROR(P47/L47,"0") -> 0 | O47: =IFERROR(N47/N35,0) -> 0 | P47: =CD34 -> 0 | Q47: =IFERROR(P47/P50,0) -> 0 | R47: =CE34 -> 0 | S47: =IFERROR(R47/R50,0) -> 0 | T47: =IFERROR(V47/R47,"0") -> 0 | U47: =IFERROR(T47/T35,0) -> 0 | V47: =CF34 -> 0 | W47: =IFERROR(V47/V50,0) -> 0 | X47: =CG34 -> 0 | Y47: =IFERROR(X47/X50,0) -> 0 | Z47: =IFERROR(AB47/X47,"0") -> 0 | AA47: =IFERROR(Z47/Z35,0) -> 0 | AB47: =CH34 -> 0 | AC47: =IFERROR(AB47/AB50,0) -> 0 | AD47: =CI34 -> 0 | AE47: =IFERROR(AD47/AD50,0) -> 0 | AF47: =IFERROR(AH47/AD47,"0") -> 0 | AG47: =IFERROR(AF47/AF35,0) -> 0 | AH47: =CJ34 -> 0 | AI47: =IFERROR(AH47/AH50,0) -> 0 | AJ47: =CK34 -> 0 | AK47: =IFERROR(AJ47/AJ50,0) -> 0 | AL47: =IFERROR(AN47/AJ47,"0") -> 0 | AM47: =IFERROR(AL47/AL35,0) -> 0 | AN47: =CL34 -> 0 | AO47: =IFERROR(AN47/AN50,0) -> 0 | AP47: =CM34 -> 0 | AQ47: =IFERROR(AP47/AP50,0) -> 0 | AR47: =IFERROR(AT47/AP47,"0") -> 0 | AS47: =IFERROR(AR47/AR35,0) -> 0 | AT47: =CN34 -> 0 | AU47: =IFERROR(AT47/AT50,0) -> 0 | AV47: =IFERROR(L47-F47,0) -> -30 | AW47: =IFERROR(AV47/F47,0) -> -1 | AX47: =IFERROR(N47-H47,0) -> -326.10797 | AY47: =IFERROR(AX47/H47,0) -> -1 | AZ47: =IFERROR(P47-J47,0) -> -9783.2392 | BA47: =IFERROR(AZ47/J47,0) -> -1 | BB47: =IFERROR(L47-R47,0) -> 0 | BC47: =IFERROR(BB47/R47,0) -> 0 | BD47: =IFERROR(N47-T47,0) -> 0 | BE47: =IFERROR(BD47/T47,0) -> 0 | BF47: =IFERROR(P47-V47,0) -> 0 | BG47: =IFERROR(BF47/V47,0) -> 0 | BH47: =IFERROR(L47-X47,0) -> 0 | BI47: =IFERROR(BH47/X47,0) -> 0 | BJ47: =IFERROR(N47-Z47,0) -> 0 | BK47: =IFERROR(BJ47/Z47,0) -> 0 | BL47: =IFERROR(P47-AB47,0) -> 0 | BM47: =IFERROR(BL47/AB47,0) -> 0 | BN47: =IFERROR(L47-AP47,0) -> 0 | BO47: =IFERROR(BN47/AP47,0) -> 0 | BP47: =IFERROR(N47-AR47,0) -> 0 | BQ47: =IFERROR(BP47/AR47,0) -> 0 | BR47: =IFERROR(P47-AT47,0) -> 0 | BS47: =IFERROR(BR47/AT47,0) -> 0 | BZ47: 기 타 | CA47: =ROUND(기존구분!$G$44*(SUM('파나크 영덕:소노문해운대'!L71)/SUM('파나크 영덕:소노문해운대'!$L$72,'파나크 영덕:소노문해운대'!$L$73)),0) -> 34 | CB47: =CA47*기존구분!$G$52 -> 11087.671
E48: Total | F48: =SUM(F43:F47) -> 1175 | G48: =IFERROR(F48/F50,0) -> 0.59705285 | H48: =IFERROR(J48/F48,"0") -> 329.16074 | I48: =IFERROR(H48/H35,0) -> 1.1712907 | J48: =SUM(J43:J47) -> 386763.87 | K48: =IFERROR(J48/J50,0) -> 0.71295497 | L48: =SUM(L43:L47) -> 0 | M48: =IFERROR(L48/L50,0) -> 0 | N48: =IFERROR(P48/L48,"0") -> 0 | O48: =IFERROR(N48/N35,0) -> 0 | P48: =SUM(P43:P47) -> 0 | Q48: =IFERROR(P48/P50,0) -> 0 | R48: =SUM(R43:R47) -> 0 | S48: =IFERROR(R48/R50,0) -> 0 | T48: =IFERROR(V48/R48,"0") -> 0 | U48: =IFERROR(T48/T35,0) -> 0 | V48: =SUM(V43:V47) -> 0 | W48: =IFERROR(V48/V50,0) -> 0 | X48: =SUM(X43:X47) -> 0 | Y48: =IFERROR(X48/X50,0) -> 0 | Z48: =IFERROR(AB48/X48,"0") -> 0 | AA48: =IFERROR(Z48/Z35,0) -> 0 | AB48: =SUM(AB43:AB47) -> 0 | AC48: =IFERROR(AB48/AB50,0) -> 0 | AD48: =SUM(AD43:AD47) -> 0 | AE48: =IFERROR(AD48/AD50,0) -> 0 | AF48: =IFERROR(AH48/AD48,"0") -> 0 | AG48: =IFERROR(AF48/AF35,0) -> 0 | AH48: =SUM(AH43:AH47) -> 0 | AI48: =IFERROR(AH48/AH50,0) -> 0 | AJ48: =SUM(AJ43:AJ47) -> 0 | AK48: =IFERROR(AJ48/AJ50,0) -> 0 | AL48: =IFERROR(AN48/AJ48,"0") -> 0 | AM48: =IFERROR(AL48/AL35,0) -> 0 | AN48: =SUM(AN43:AN47) -> 0 | AO48: =IFERROR(AN48/AN50,0) -> 0 | AP48: =SUM(AP43:AP47) -> 0 | AQ48: =IFERROR(AP48/AP50,0) -> 0 | AR48: =IFERROR(AT48/AP48,"0") -> 0 | AS48: =IFERROR(AR48/AR35,0) -> 0 | AT48: =SUM(AT43:AT47) -> 0 | AU48: =IFERROR(AT48/AT50,0) -> 0 | AV48: =IFERROR(L48-F48,0) -> -1175 | AW48: =IFERROR(AV48/F48,0) -> -1 | AX48: =IFERROR(N48-H48,0) -> -329.16074 | AY48: =IFERROR(AX48/H48,0) -> -1 | AZ48: =IFERROR(P48-J48,0) -> -386763.87 | BA48: =IFERROR(AZ48/J48,0) -> -1 | BB48: =IFERROR(L48-R48,0) -> 0 | BC48: =IFERROR(BB48/R48,0) -> 0 | BD48: =IFERROR(N48-T48,0) -> 0 | BE48: =IFERROR(BD48/T48,0) -> 0 | BF48: =IFERROR(P48-V48,0) -> 0 | BG48: =IFERROR(BF48/V48,0) -> 0 | BH48: =IFERROR(L48-X48,0) -> 0 | BI48: =IFERROR(BH48/X48,0) -> 0 | BJ48: =IFERROR(N48-Z48,0) -> 0 | BK48: =IFERROR(BJ48/Z48,0) -> 0 | BL48: =IFERROR(P48-AB48,0) -> 0 | BM48: =IFERROR(BL48/AB48,0) -> 0 | BN48: =IFERROR(L48-AP48,0) -> 0 | BO48: =IFERROR(BN48/AP48,0) -> 0 | BP48: =IFERROR(N48-AR48,0) -> 0 | BQ48: =IFERROR(BP48/AR48,0) -> 0 | BR48: =IFERROR(P48-AT48,0) -> 0 | BS48: =IFERROR(BR48/AT48,0) -> 0 | BY48: COMP | CA48: =ROUND(기존구분!$G$44*(SUM('파나크 영덕:소노문해운대'!L73)/SUM('파나크 영덕:소노문해운대'!$L$72,'파나크 영덕:소노문해운대'!$L$73)),0)-1 -> 26
D49: COMP | F49: =CA35 -> 11 | G49: =IFERROR(F49/F50,0) -> 0.0055894309 | H49: =IFERROR(J49/F49,"0") -> 0 | I49: =IFERROR(H49/H35,0) -> 0 | J49: =CB35 -> 0 | K49: =IFERROR(J49/J50,0) -> 0 | L49: =CC35 -> 0 | M49: =IFERROR(L49/L50,0) -> 0 | N49: =IFERROR(P49/L49,"0") -> 0 | O49: =IFERROR(N49/N35,0) -> 0 | P49: =CD35 -> 0 | Q49: =IFERROR(P49/P50,0) -> 0 | R49: =CE35 -> 0 | S49: =IFERROR(R49/R50,0) -> 0 | T49: =IFERROR(V49/R49,"0") -> 0 | U49: =IFERROR(T49/T35,0) -> 0 | V49: =CF35 -> 0 | W49: =IFERROR(V49/V50,0) -> 0 | X49: =CG35 -> 0 | Y49: =IFERROR(X49/X50,0) -> 0 | Z49: =IFERROR(AB49/X49,"0") -> 0 | AA49: =IFERROR(Z49/Z35,0) -> 0 | AB49: =CH35 -> 0 | AC49: =IFERROR(AB49/AB50,0) -> 0 | AD49: =CI35 -> 0 | AE49: =IFERROR(AD49/AD50,0) -> 0 | AF49: =IFERROR(AH49/AD49,"0") -> 0 | AG49: =IFERROR(AF49/AF35,0) -> 0 | AH49: =CJ35 -> 0 | AI49: =IFERROR(AH49/AH50,0) -> 0 | AJ49: =CK35 -> 0 | AK49: =IFERROR(AJ49/AJ50,0) -> 0 | AL49: =IFERROR(AN49/AJ49,"0") -> 0 | AM49: =IFERROR(AL49/AL35,0) -> 0 | AN49: =CL35 -> 0 | AO49: =IFERROR(AN49/AN50,0) -> 0 | AP49: =CM35 -> 0 | AQ49: =IFERROR(AP49/AP50,0) -> 0 | AR49: =IFERROR(AT49/AP49,"0") -> 0 | AS49: =IFERROR(AR49/AR35,0) -> 0 | AT49: =CN35 -> 0 | AU49: =IFERROR(AT49/AT50,0) -> 0 | AV49: =IFERROR(L49-F49,0) -> -11 | AW49: =IFERROR(AV49/F49,0) -> -1 | AX49: =IFERROR(N49-H49,0) -> 0 | AY49: =IFERROR(AX49/H49,0) -> 0 | AZ49: =IFERROR(P49-J49,0) -> 0 | BA49: =IFERROR(AZ49/J49,0) -> 0 | BB49: =IFERROR(L49-R49,0) -> 0 | BC49: =IFERROR(BB49/R49,0) -> 0 | BD49: =IFERROR(N49-T49,0) -> 0 | BE49: =IFERROR(BD49/T49,0) -> 0 | BF49: =IFERROR(P49-V49,0) -> 0 | BG49: =IFERROR(BF49/V49,0) -> 0 | BH49: =IFERROR(L49-X49,0) -> 0 | BI49: =IFERROR(BH49/X49,0) -> 0 | BJ49: =IFERROR(N49-Z49,0) -> 0 | BK49: =IFERROR(BJ49/Z49,0) -> 0 | BL49: =IFERROR(P49-AB49,0) -> 0 | BM49: =IFERROR(BL49/AB49,0) -> 0 | BN49: =IFERROR(L49-AP49,0) -> 0 | BO49: =IFERROR(BN49/AP49,0) -> 0 | BP49: =IFERROR(N49-AR49,0) -> 0 | BQ49: =IFERROR(BP49/AR49,0) -> 0 | BR49: =IFERROR(P49-AT49,0) -> 0 | BS49: =IFERROR(BR49/AT49,0) -> 0 | BX49: 4월 | BY49: 회 원 | BZ49: 기 명 | CA49: =기존구분!$H$46 -> 284
D50: Grand Total | F50: =SUM(F38,F42,F48,F49) -> 1968 | G50: =IFERROR(F50/F50,0) -> 1 | H50: =IFERROR(J50/F50,"0") -> 275.65045 | I50: =IFERROR(H50/H35,0) -> 0.98087887 | J50: =SUM(J38,J42,J48,J49) -> 542480.08 | K50: =IFERROR(J50/J50,0) -> 1 | L50: =SUM(L38,L42,L48,L49) -> 0 | M50: =IFERROR(L50/L50,0) -> 0 | N50: =IFERROR(P50/L50,"0") -> 0 | O50: =IFERROR(N50/N35,0) -> 0 | P50: =SUM(P38,P42,P48,P49) -> 0 | Q50: =IFERROR(P50/P50,0) -> 0 | R50: =SUM(R38,R42,R48,R49) -> 0 | S50: =IFERROR(R50/R50,0) -> 0 | T50: =IFERROR(V50/R50,"0") -> 0 | U50: =IFERROR(T50/T35,0) -> 0 | V50: =SUM(V38,V42,V48,V49) -> 0 | W50: =IFERROR(V50/V50,0) -> 0 | X50: =SUM(X38,X42,X48,X49) -> 0 | Y50: =IFERROR(X50/X50,0) -> 0 | Z50: =IFERROR(AB50/X50,"0") -> 0 | AA50: =IFERROR(Z50/Z35,0) -> 0 | AB50: =SUM(AB38,AB42,AB48,AB49) -> 0 | AC50: =IFERROR(AB50/AB50,0) -> 0 | AD50: =SUM(AD38,AD42,AD48,AD49) -> 0 | AE50: =IFERROR(AD50/AD50,0) -> 0 | AF50: =IFERROR(AH50/AD50,"0") -> 0 | AG50: =IFERROR(AF50/AF35,0) -> 0 | AH50: =SUM(AH38,AH42,AH48,AH49) -> 0 | AI50: =IFERROR(AH50/AH50,0) -> 0 | AJ50: =SUM(AJ38,AJ42,AJ48,AJ49) -> 0 | AK50: =IFERROR(AJ50/AJ50,0) -> 0 | AL50: =IFERROR(AN50/AJ50,"0") -> 0 | AM50: =IFERROR(AL50/AL35,0) -> 0 | AN50: =SUM(AN38,AN42,AN48,AN49) -> 0 | AO50: =IFERROR(AN50/AN50,0) -> 0 | AP50: =SUM(AP38,AP42,AP48,AP49) -> 0 | AQ50: =IFERROR(AP50/AP50,0) -> 0 | AR50: =IFERROR(AT50/AP50,"0") -> 0 | AS50: =IFERROR(AR50/AR35,0) -> 0 | AT50: =SUM(AT38,AT42,AT48,AT49) -> 0 | AU50: =IFERROR(AT50/AT50,0) -> 0 | AV50: =IFERROR(L50-F50,0) -> -1968 | AW50: =IFERROR(AV50/F50,0) -> -1 | AX50: =IFERROR(N50-H50,0) -> -275.65045 | AY50: =IFERROR(AX50/H50,0) -> -1 | AZ50: =IFERROR(P50-J50,0) -> -542480.08 | BA50: =IFERROR(AZ50/J50,0) -> -1 | BB50: =IFERROR(L50-R50,0) -> 0 | BC50: =IFERROR(BB50/R50,0) -> 0 | BD50: =IFERROR(N50-T50,0) -> 0 | BE50: =IFERROR(BD50/T50,0) -> 0 | BF50: =IFERROR(P50-V50,0) -> 0 | BG50: =IFERROR(BF50/V50,0) -> 0 | BH50: =IFERROR(L50-X50,0) -> 0 | BI50: =IFERROR(BH50/X50,0) -> 0 | BJ50: =IFERROR(N50-Z50,0) -> 0 | BK50: =IFERROR(BJ50/Z50,0) -> 0 | BL50: =IFERROR(P50-AB50,0) -> 0 | BM50: =IFERROR(BL50/AB50,0) -> 0 | BN50: =IFERROR(L50-AP50,0) -> 0 | BO50: =IFERROR(BN50/AP50,0) -> 0 | BP50: =IFERROR(N50-AR50,0) -> 0 | BQ50: =IFERROR(BP50/AR50,0) -> 0 | BR50: =IFERROR(P50-AT50,0) -> 0 | BS50: =IFERROR(BR50/AT50,0) -> 0 | BZ50: 무기명 | CA50: =ROUND(기존구분!$H$45*(SUM('파나크 영덕'!L83,소노문해운대!L82:L83)/SUM('파나크 영덕'!L83:L85,소노문해운대!L82:L85)),0) -> 579 | CB50: =CA50*기존구분!$H$53-1000 -> 162926.7
D51: OCC | F51: =F50/F30 -> 0.65687583 | L51: =L50/L30 -> #DIV/0! | R51: =R50/R30 -> #DIV/0! | X51: =X50/X30 -> #DIV/0! | AD51: =AD50/AD30 -> #DIV/0! | AJ51: =AJ50/AJ30 -> #DIV/0! | AP51: =AP50/AP30 -> #DIV/0! | AV51: =IFERROR(L51-F51,0) -> 0 | BB51: =IFERROR(L51-R51,0) -> 0 | BH51: =IFERROR(L51-X51,0) -> 0 | BN51: =IFERROR(L51-AP51,0) -> 0 | BZ51: 직 원 | CA51: =ROUND(기존구분!$H$45*(SUM('파나크 영덕:소노문해운대'!L84)/SUM('파나크 영덕'!L83:L85,소노문해운대!L82:L85)),0) -> 54 | CB51: =CA51*기존구분!$H$53+1000 -> 16288.5
BZ52: 기 타 | CA52: =ROUND(기존구분!$H$45*(SUM('파나크 영덕:소노문해운대'!L85)/SUM('파나크 영덕'!L83:L85,소노문해운대!L82:L85)),0)+1 -> 42 | CB52: =CA52*기존구분!$H$53 -> 11891.056
BY53: 단 체 | BZ53: 일 반
F54: =CC169 -> 3317 | L54: =CC170 -> 0 | R54: =CC171 -> 0 | X54: =CC172 -> 0 | AD54: =CC173 -> 0 | AJ54: =CC174 -> 0 | AP54: =CC175 -> 0 | BM54: [ 단위 : RN_실, ADR_천원, Revenue_천원 / VAT제외 ] | BS54: [ 단위 : RN_실, ADR_천원, Revenue_천원 / VAT제외 ] | BZ54: 학 생
C55: Segment | F55: =$F$7 -> 2026 Budget | L55: =$L$7 -> 2026 Actual | R55: =$R$7 -> 2025 Actual | X55: =$X$7 -> 2023 Actual | AD55: =$AD$7 -> 2022 Actual | AJ55: =$AJ$7 -> 2021 Actual | AP55: =$AP$7 -> 2020 Actual | AV55: =$AV$7 -> 2026 Actual vs. 2026 Budget | BB55: =$BB$7 -> 2026 Actual vs. 2025 Actual | BH55: =$BH$7 -> 2026 Actual vs. 2024 Actual | BN55: =$BN$7 -> 2025 Actual vs. 2020 Actual | BZ55: 인바운드
F56: RN | H56: ADR | J56: Revenue | L56: RN | N56: ADR | P56: Revenue | R56: RN | T56: ADR | V56: Revenue | X56: RN | Z56: ADR | AB56: Revenue | AD56: RN | AF56: ADR | AH56: 매 출 | AJ56: RN | AL56: ADR | AN56: 매 출 | AP56: RN | AR56: ADR | AT56: 매 출 | AV56: RN | AX56: ADR | AZ56: Revenue | BB56: RN | BD56: ADR | BF56: Revenue | BH56: RN | BJ56: ADR | BL56: Revenue | BN56: RN | BP56: ADR | BR56: Revenue | BY56: 일 반 | BZ56: 홈페이지 | CA56: =ROUND(기존구분!$H$44*(SUM('파나크 영덕:소노문해운대'!L91)/SUM('파나크 영덕:소노문해운대'!$L$96,'파나크 영덕:소노문해운대'!$L$97)),0) -> 122 | CB56: =CA56*기존구분!$H$52+4000 -> 43785.173
G57: % | I57: 지 수 | K57: % | M57: % | O57: 지 수 | Q57: % | S57: % | U57: 지 수 | W57: % | Y57: % | AA57: 지 수 | AC57: % | AE57: % | AG57: 지 수 | AI57: % | AK57: % | AM57: 지 수 | AO57: % | AQ57: % | AS57: 지 수 | AU57: % | AW57: 증감율 | AY57: 증감율 | BA57: 증감율 | BC57: 증감율 | BE57: 증감율 | BG57: 증감율 | BI57: 증감율 | BK57: 증감율 | BM57: 증감율 | BO57: 증감율 | BQ57: 증감율 | BS57: 증감율 | BZ57: OTA | CA57: =ROUND(기존구분!$H$44*(SUM('파나크 영덕:소노문해운대'!L92)/SUM('파나크 영덕:소노문해운대'!$L$96,'파나크 영덕:소노문해운대'!$L$97)),0) -> 608 | CB57: =CA57*기존구분!$H$52+4500 -> 202773.65
C58: 3월 | D58: Membership | E58: 기 명 | F58: =CA36 -> 259 | G58: =IFERROR(F58/F74,0) -> 0.11756695 | H58: =IFERROR(J58/F58,"0") -> 0 | I58: =IFERROR(H58/H59,0) -> 0 | J58: =CB36 -> 0 | K58: =IFERROR(J58/J74,0) -> 0 | L58: =CC36 -> 0 | M58: =IFERROR(L58/L74,0) -> 0 | N58: =IFERROR(P58/L58,"0") -> 0 | O58: =IFERROR(N58/N59,0) -> 0 | P58: =CD36 -> 0 | Q58: =IFERROR(P58/P74,0) -> 0 | R58: =CE36 -> 0 | S58: =IFERROR(R58/R74,0) -> 0 | T58: =IFERROR(V58/R58,"0") -> 0 | U58: =IFERROR(T58/T59,0) -> 0 | V58: =CF36 -> 0 | W58: =IFERROR(V58/V74,0) -> 0 | X58: =CG36 -> 0 | Y58: =IFERROR(X58/X74,0) -> 0 | Z58: =IFERROR(AB58/X58,"0") -> 0 | AA58: =IFERROR(Z58/Z59,0) -> 0 | AB58: =CH36 -> 0 | AC58: =IFERROR(AB58/AB74,0) -> 0 | AD58: =CI36 -> 0 | AE58: =IFERROR(AD58/AD74,0) -> 0 | AF58: =IFERROR(AH58/AD58,"0") -> 0 | AG58: =IFERROR(AF58/AF59,0) -> 0 | AH58: =CJ36 -> 0 | AI58: =IFERROR(AH58/AH74,0) -> 0 | AJ58: =CK36 -> 0 | AK58: =IFERROR(AJ58/AJ74,0) -> 0 | AL58: =IFERROR(AN58/AJ58,"0") -> 0 | AM58: =IFERROR(AL58/AL59,0) -> 0 | AN58: =CL36 -> 0 | AO58: =IFERROR(AN58/AN74,0) -> 0 | AP58: =CM36 -> 0 | AQ58: =IFERROR(AP58/AP74,0) -> 0 | AR58: =IFERROR(AT58/AP58,"0") -> 0 | AS58: =IFERROR(AR58/AR59,0) -> 0 | AT58: =CN36 -> 0 | AU58: =IFERROR(AT58/AT74,0) -> 0 | AV58: =IFERROR(L58-F58,0) -> -259 | AW58: =IFERROR(AV58/F58,0) -> -1 | AX58: =IFERROR(N58-H58,0) -> 0 | AY58: =IFERROR(AX58/H58,0) -> 0 | AZ58: =IFERROR(P58-J58,0) -> 0 | BA58: =IFERROR(AZ58/J58,0) -> 0 | BB58: =IFERROR(L58-R58,0) -> 0 | BC58: =IFERROR(BB58/R58,0) -> 0 | BD58: =IFERROR(N58-T58,0) -> 0 | BE58: =IFERROR(BD58/T58,0) -> 0 | BF58: =IFERROR(P58-V58,0) -> 0 | BG58: =IFERROR(BF58/V58,0) -> 0 | BH58: =IFERROR(L58-X58,0) -> 0 | BI58: =IFERROR(BH58/X58,0) -> 0 | BJ58: =IFERROR(N58-Z58,0) -> 0 | BK58: =IFERROR(BJ58/Z58,0) -> 0 | BL58: =IFERROR(P58-AB58,0) -> 0 | BM58: =IFERROR(BL58/AB58,0) -> 0 | BN58: =IFERROR(L58-AP58,0) -> 0 | BO58: =IFERROR(BN58/AP58,0) -> 0 | BP58: =IFERROR(N58-AR58,0) -> 0 | BQ58: =IFERROR(BP58/AR58,0) -> 0 | BR58: =IFERROR(P58-AT58,0) -> 0 | BS58: =IFERROR(BR58/AT58,0) -> 0 | BZ58: G-OTA | CA58: =ROUND(기존구분!$H$44*(SUM('파나크 영덕:소노문해운대'!L93)/SUM('파나크 영덕:소노문해운대'!$L$96,'파나크 영덕:소노문해운대'!$L$97)),0) -> 637 | CB58: =CA58*기존구분!$H$52+4500 -> 212230.78
E59: 무기명 | F59: =CA37 -> 522 | G59: =IFERROR(F59/F74,0) -> 0.23694961 | H59: =IFERROR(J59/F59,"0") -> 281.20467 | I59: =IFERROR(H59/H59,0) -> 1 | J59: =CB37 -> 146788.84 | K59: =IFERROR(J59/J74,0) -> 0.24160397 | L59: =CC37 -> 0 | M59: =IFERROR(L59/L74,0) -> 0 | N59: =IFERROR(P59/L59,"0") -> 0 | O59: =IFERROR(N59/N59,0) -> 0 | P59: =CD37 -> 0 | Q59: =IFERROR(P59/P74,0) -> 0 | R59: =CE37 -> 0 | S59: =IFERROR(R59/R74,0) -> 0 | T59: =IFERROR(V59/R59,"0") -> 0 | U59: =IFERROR(T59/T59,0) -> 0 | V59: =CF37 -> 0 | W59: =IFERROR(V59/V74,0) -> 0 | X59: =CG37 -> 0 | Y59: =IFERROR(X59/X74,0) -> 0 | Z59: =IFERROR(AB59/X59,"0") -> 0 | AA59: =IFERROR(Z59/Z59,0) -> 0 | AB59: =CH37 -> 0 | AC59: =IFERROR(AB59/AB74,0) -> 0 | AD59: =CI37 -> 0 | AE59: =IFERROR(AD59/AD74,0) -> 0 | AF59: =IFERROR(AH59/AD59,"0") -> 0 | AG59: =IFERROR(AF59/AF59,0) -> 0 | AH59: =CJ37 -> 0 | AI59: =IFERROR(AH59/AH74,0) -> 0 | AJ59: =CK37 -> 0 | AK59: =IFERROR(AJ59/AJ74,0) -> 0 | AL59: =IFERROR(AN59/AJ59,"0") -> 0 | AM59: =IFERROR(AL59/AL59,0) -> 0 | AN59: =CL37 -> 0 | AO59: =IFERROR(AN59/AN74,0) -> 0 | AP59: =CM37 -> 0 | AQ59: =IFERROR(AP59/AP74,0) -> 0 | AR59: =IFERROR(AT59/AP59,"0") -> 0 | AS59: =IFERROR(AR59/AR59,0) -> 0 | AT59: =CN37 -> 0 | AU59: =IFERROR(AT59/AT74,0) -> 0 | AV59: =IFERROR(L59-F59,0) -> -522 | AW59: =IFERROR(AV59/F59,0) -> -1 | AX59: =IFERROR(N59-H59,0) -> -281.20467 | AY59: =IFERROR(AX59/H59,0) -> -1 | AZ59: =IFERROR(P59-J59,0) -> -146788.84 | BA59: =IFERROR(AZ59/J59,0) -> -1 | BB59: =IFERROR(L59-R59,0) -> 0 | BC59: =IFERROR(BB59/R59,0) -> 0 | BD59: =IFERROR(N59-T59,0) -> 0 | BE59: =IFERROR(BD59/T59,0) -> 0 | BF59: =IFERROR(P59-V59,0) -> 0 | BG59: =IFERROR(BF59/V59,0) -> 0 | BH59: =IFERROR(L59-X59,0) -> 0 | BI59: =IFERROR(BH59/X59,0) -> 0 | BJ59: =IFERROR(N59-Z59,0) -> 0 | BK59: =IFERROR(BJ59/Z59,0) -> 0 | BL59: =IFERROR(P59-AB59,0) -> 0 | BM59: =IFERROR(BL59/AB59,0) -> 0 | BN59: =IFERROR(L59-AP59,0) -> 0 | BO59: =IFERROR(BN59/AP59,0) -> 0 | BP59: =IFERROR(N59-AR59,0) -> 0 | BQ59: =IFERROR(BP59/AR59,0) -> 0 | BR59: =IFERROR(P59-AT59,0) -> 0 | BS59: =IFERROR(BR59/AT59,0) -> 0 | BZ59: 제휴사 | CA59: =ROUND(기존구분!$H$44*(SUM('파나크 영덕:소노문해운대'!L94)/SUM('파나크 영덕:소노문해운대'!$L$96,'파나크 영덕:소노문해운대'!$L$97)),0) -> 1 | CB59: =CA59*기존구분!$H$52+50-5 -> 371.10797
E60: Staff | F60: =CA38 -> 54 | G60: =IFERROR(F60/F74,0) -> 0.024512029 | H60: =IFERROR(J60/F60,"0") -> 301.6389 | I60: =IFERROR(H60/H59,0) -> 1.0726667 | J60: =CB38 -> 16288.5 | K60: =IFERROR(J60/J74,0) -> 0.026809711 | L60: =CC38 -> 0 | M60: =IFERROR(L60/L74,0) -> 0 | N60: =IFERROR(P60/L60,"0") -> 0 | O60: =IFERROR(N60/N59,0) -> 0 | P60: =CD38 -> 0 | Q60: =IFERROR(P60/P74,0) -> 0 | R60: =CE38 -> 0 | S60: =IFERROR(R60/R74,0) -> 0 | T60: =IFERROR(V60/R60,"0") -> 0 | U60: =IFERROR(T60/T59,0) -> 0 | V60: =CF38 -> 0 | W60: =IFERROR(V60/V74,0) -> 0 | X60: =CG38 -> 0 | Y60: =IFERROR(X60/X74,0) -> 0 | Z60: =IFERROR(AB60/X60,"0") -> 0 | AA60: =IFERROR(Z60/Z59,0) -> 0 | AB60: =CH38 -> 0 | AC60: =IFERROR(AB60/AB74,0) -> 0 | AD60: =CI38 -> 0 | AE60: =IFERROR(AD60/AD74,0) -> 0 | AF60: =IFERROR(AH60/AD60,"0") -> 0 | AG60: =IFERROR(AF60/AF59,0) -> 0 | AH60: =CJ38 -> 0 | AI60: =IFERROR(AH60/AH74,0) -> 0 | AJ60: =CK38 -> 0 | AK60: =IFERROR(AJ60/AJ74,0) -> 0 | AL60: =IFERROR(AN60/AJ60,"0") -> 0 | AM60: =IFERROR(AL60/AL59,0) -> 0 | AN60: =CL38 -> 0 | AO60: =IFERROR(AN60/AN74,0) -> 0 | AP60: =CM38 -> 0 | AQ60: =IFERROR(AP60/AP74,0) -> 0 | AR60: =IFERROR(AT60/AP60,"0") -> 0 | AS60: =IFERROR(AR60/AR59,0) -> 0 | AT60: =CN38 -> 0 | AU60: =IFERROR(AT60/AT74,0) -> 0 | AV60: =IFERROR(L60-F60,0) -> -54 | AW60: =IFERROR(AV60/F60,0) -> -1 | AX60: =IFERROR(N60-H60,0) -> -301.6389 | AY60: =IFERROR(AX60/H60,0) -> -1 | AZ60: =IFERROR(P60-J60,0) -> -16288.5 | BA60: =IFERROR(AZ60/J60,0) -> -1 | BB60: =IFERROR(L60-R60,0) -> 0 | BC60: =IFERROR(BB60/R60,0) -> 0 | BD60: =IFERROR(N60-T60,0) -> 0 | BE60: =IFERROR(BD60/T60,0) -> 0 | BF60: =IFERROR(P60-V60,0) -> 0 | BG60: =IFERROR(BF60/V60,0) -> 0 | BH60: =IFERROR(L60-X60,0) -> 0 | BI60: =IFERROR(BH60/X60,0) -> 0 | BJ60: =IFERROR(N60-Z60,0) -> 0 | BK60: =IFERROR(BJ60/Z60,0) -> 0 | BL60: =IFERROR(P60-AB60,0) -> 0 | BM60: =IFERROR(BL60/AB60,0) -> 0 | BN60: =IFERROR(L60-AP60,0) -> 0 | BO60: =IFERROR(BN60/AP60,0) -> 0 | BP60: =IFERROR(N60-AR60,0) -> 0 | BQ60: =IFERROR(BP60/AR60,0) -> 0 | BR60: =IFERROR(P60-AT60,0) -> 0 | BS60: =IFERROR(BR60/AT60,0) -> 0 | BZ60: 기 타 | CA60: =ROUND(기존구분!$H$44*(SUM('파나크 영덕:소노문해운대'!L95)/SUM('파나크 영덕:소노문해운대'!$L$96,'파나크 영덕:소노문해운대'!$L$97)),0) -> 66 | CB60: =CA60*기존구분!$H$52 -> 21523.126
E61: Other | F61: =CA39 -> 38 | G61: =IFERROR(F61/F74,0) -> 0.017249206 | H61: =IFERROR(J61/F61,"0") -> 283.12038 | I61: =IFERROR(H61/H59,0) -> 1.0068125 | J61: =CB39 -> 10758.574 | K61: =IFERROR(J61/J74,0) -> 0.017707847 | L61: =CC39 -> 0 | M61: =IFERROR(L61/L74,0) -> 0 | N61: =IFERROR(P61/L61,"0") -> 0 | O61: =IFERROR(N61/N59,0) -> 0 | P61: =CD39 -> 0 | Q61: =IFERROR(P61/P74,0) -> 0 | R61: =CE39 -> 0 | S61: =IFERROR(R61/R74,0) -> 0 | T61: =IFERROR(V61/R61,"0") -> 0 | U61: =IFERROR(T61/T59,0) -> 0 | V61: =CF39 -> 0 | W61: =IFERROR(V61/V74,0) -> 0 | X61: =CG39 -> 0 | Y61: =IFERROR(X61/X74,0) -> 0 | Z61: =IFERROR(AB61/X61,"0") -> 0 | AA61: =IFERROR(Z61/Z59,0) -> 0 | AB61: =CH39 -> 0 | AC61: =IFERROR(AB61/AB74,0) -> 0 | AD61: =CI39 -> 0 | AE61: =IFERROR(AD61/AD74,0) -> 0 | AF61: =IFERROR(AH61/AD61,"0") -> 0 | AG61: =IFERROR(AF61/AF59,0) -> 0 | AH61: =CJ39 -> 0 | AI61: =IFERROR(AH61/AH74,0) -> 0 | AJ61: =CK39 -> 0 | AK61: =IFERROR(AJ61/AJ74,0) -> 0 | AL61: =IFERROR(AN61/AJ61,"0") -> 0 | AM61: =IFERROR(AL61/AL59,0) -> 0 | AN61: =CL39 -> 0 | AO61: =IFERROR(AN61/AN74,0) -> 0 | AP61: =CM39 -> 0 | AQ61: =IFERROR(AP61/AP74,0) -> 0 | AR61: =IFERROR(AT61/AP61,"0") -> 0 | AS61: =IFERROR(AR61/AR59,0) -> 0 | AT61: =CN39 -> 0 | AU61: =IFERROR(AT61/AT74,0) -> 0 | AV61: =IFERROR(L61-F61,0) -> -38 | AW61: =IFERROR(AV61/F61,0) -> -1 | AX61: =IFERROR(N61-H61,0) -> -283.12038 | AY61: =IFERROR(AX61/H61,0) -> -1 | AZ61: =IFERROR(P61-J61,0) -> -10758.574 | BA61: =IFERROR(AZ61/J61,0) -> -1 | BB61: =IFERROR(L61-R61,0) -> 0 | BC61: =IFERROR(BB61/R61,0) -> 0 | BD61: =IFERROR(N61-T61,0) -> 0 | BE61: =IFERROR(BD61/T61,0) -> 0 | BF61: =IFERROR(P61-V61,0) -> 0 | BG61: =IFERROR(BF61/V61,0) -> 0 | BH61: =IFERROR(L61-X61,0) -> 0 | BI61: =IFERROR(BH61/X61,0) -> 0 | BJ61: =IFERROR(N61-Z61,0) -> 0 | BK61: =IFERROR(BJ61/Z61,0) -> 0 | BL61: =IFERROR(P61-AB61,0) -> 0 | BM61: =IFERROR(BL61/AB61,0) -> 0 | BN61: =IFERROR(L61-AP61,0) -> 0 | BO61: =IFERROR(BN61/AP61,0) -> 0 | BP61: =IFERROR(N61-AR61,0) -> 0 | BQ61: =IFERROR(BP61/AR61,0) -> 0 | BR61: =IFERROR(P61-AT61,0) -> 0 | BS61: =IFERROR(BR61/AT61,0) -> 0 | BY61: COMP | CA61: =ROUND(기존구분!$H$44*(SUM('파나크 영덕:소노문해운대'!L97)/SUM('파나크 영덕:소노문해운대'!$L$96,'파나크 영덕:소노문해운대'!$L$97)),0)-1 -> 40
E62: Total | F62: =SUM(F58:F61) -> 873 | G62: =IFERROR(F62/F74,0) -> 0.3962778 | H62: =IFERROR(J62/F62,"0") -> 199.12476 | I62: =IFERROR(H62/H59,0) -> 0.70811326 | J62: =SUM(J58:J61) -> 173835.91 | K62: =IFERROR(J62/J74,0) -> 0.28612153 | L62: =SUM(L58:L61) -> 0 | M62: =IFERROR(L62/L74,0) -> 0 | N62: =IFERROR(P62/L62,"0") -> 0 | O62: =IFERROR(N62/N59,0) -> 0 | P62: =SUM(P58:P61) -> 0 | Q62: =IFERROR(P62/P74,0) -> 0 | R62: =SUM(R58:R61) -> 0 | S62: =IFERROR(R62/R74,0) -> 0 | T62: =IFERROR(V62/R62,"0") -> 0 | U62: =IFERROR(T62/T59,0) -> 0 | V62: =SUM(V58:V61) -> 0 | W62: =IFERROR(V62/V74,0) -> 0 | X62: =SUM(X58:X61) -> 0 | Y62: =IFERROR(X62/X74,0) -> 0 | Z62: =IFERROR(AB62/X62,"0") -> 0 | AA62: =IFERROR(Z62/Z59,0) -> 0 | AB62: =SUM(AB58:AB61) -> 0 | AC62: =IFERROR(AB62/AB74,0) -> 0 | AD62: =SUM(AD58:AD61) -> 0 | AE62: =IFERROR(AD62/AD74,0) -> 0 | AF62: =IFERROR(AH62/AD62,"0") -> 0 | AG62: =IFERROR(AF62/AF59,0) -> 0 | AH62: =SUM(AH58:AH61) -> 0 | AI62: =IFERROR(AH62/AH74,0) -> 0 | AJ62: =SUM(AJ58:AJ61) -> 0 | AK62: =IFERROR(AJ62/AJ74,0) -> 0 | AL62: =IFERROR(AN62/AJ62,"0") -> 0 | AM62: =IFERROR(AL62/AL59,0) -> 0 | AN62: =SUM(AN58:AN61) -> 0 | AO62: =IFERROR(AN62/AN74,0) -> 0 | AP62: =SUM(AP58:AP61) -> 0 | AQ62: =IFERROR(AP62/AP74,0) -> 0 | AR62: =IFERROR(AT62/AP62,"0") -> 0 | AS62: =IFERROR(AR62/AR59,0) -> 0 | AT62: =SUM(AT58:AT61) -> 0 | AU62: =IFERROR(AT62/AT74,0) -> 0 | AV62: =IFERROR(L62-F62,0) -> -873 | AW62: =IFERROR(AV62/F62,0) -> -1 | AX62: =IFERROR(N62-H62,0) -> -199.12476 | AY62: =IFERROR(AX62/H62,0) -> -1 | AZ62: =IFERROR(P62-J62,0) -> -173835.91 | BA62: =IFERROR(AZ62/J62,0) -> -1 | BB62: =IFERROR(L62-R62,0) -> 0 | BC62: =IFERROR(BB62/R62,0) -> 0 | BD62: =IFERROR(N62-T62,0) -> 0 | BE62: =IFERROR(BD62/T62,0) -> 0 | BF62: =IFERROR(P62-V62,0) -> 0 | BG62: =IFERROR(BF62/V62,0) -> 0 | BH62: =IFERROR(L62-X62,0) -> 0 | BI62: =IFERROR(BH62/X62,0) -> 0 | BJ62: =IFERROR(N62-Z62,0) -> 0 | BK62: =IFERROR(BJ62/Z62,0) -> 0 | BL62: =IFERROR(P62-AB62,0) -> 0 | BM62: =IFERROR(BL62/AB62,0) -> 0 | BN62: =IFERROR(L62-AP62,0) -> 0 | BO62: =IFERROR(BN62/AP62,0) -> 0 | BP62: =IFERROR(N62-AR62,0) -> 0 | BQ62: =IFERROR(BP62/AR62,0) -> 0 | BR62: =IFERROR(P62-AT62,0) -> 0 | BS62: =IFERROR(BR62/AT62,0) -> 0 | BX62: 5월 | BY62: 회 원 | BZ62: 기 명 | CA62: =기존구분!$I$46 -> 311
D63: Group | E63: G-Mice | F63: =CA40 -> 0 | G63: =IFERROR(F63/F74,0) -> 0 | H63: =IFERROR(J63/F63,"0") -> 0 | I63: =IFERROR(H63/H59,0) -> 0 | J63: =CB40 -> 0 | K63: =IFERROR(J63/J74,0) -> 0 | L63: =CC40 -> 0 | M63: =IFERROR(L63/L74,0) -> 0 | N63: =IFERROR(P63/L63,"0") -> 0 | O63: =IFERROR(N63/N59,0) -> 0 | P63: =CD40 -> 0 | Q63: =IFERROR(P63/P74,0) -> 0 | R63: =CE40 -> 0 | S63: =IFERROR(R63/R74,0) -> 0 | T63: =IFERROR(V63/R63,"0") -> 0 | U63: =IFERROR(T63/T59,0) -> 0 | V63: =CF40 -> 0 | W63: =IFERROR(V63/V74,0) -> 0 | X63: =CG40 -> 0 | Y63: =IFERROR(X63/X74,0) -> 0 | Z63: =IFERROR(AB63/X63,"0") -> 0 | AA63: =IFERROR(Z63/Z59,0) -> 0 | AB63: =CH40 -> 0 | AC63: =IFERROR(AB63/AB74,0) -> 0 | AD63: =CI40 -> 0 | AE63: =IFERROR(AD63/AD74,0) -> 0 | AF63: =IFERROR(AH63/AD63,"0") -> 0 | AG63: =IFERROR(AF63/AF59,0) -> 0 | AH63: =CJ40 -> 0 | AI63: =IFERROR(AH63/AH74,0) -> 0 | AJ63: =CK40 -> 0 | AK63: =IFERROR(AJ63/AJ74,0) -> 0 | AL63: =IFERROR(AN63/AJ63,"0") -> 0 | AM63: =IFERROR(AL63/AL59,0) -> 0 | AN63: =CL40 -> 0 | AO63: =IFERROR(AN63/AN74,0) -> 0 | AP63: =CM40 -> 0 | AQ63: =IFERROR(AP63/AP74,0) -> 0 | AR63: =IFERROR(AT63/AP63,"0") -> 0 | AS63: =IFERROR(AR63/AR59,0) -> 0 | AT63: =CN40 -> 0 | AU63: =IFERROR(AT63/AT74,0) -> 0 | AV63: =IFERROR(L63-F63,0) -> 0 | AW63: =IFERROR(AV63/F63,0) -> 0 | AX63: =IFERROR(N63-H63,0) -> 0 | AY63: =IFERROR(AX63/H63,0) -> 0 | AZ63: =IFERROR(P63-J63,0) -> 0 | BA63: =IFERROR(AZ63/J63,0) -> 0 | BB63: =IFERROR(L63-R63,0) -> 0 | BC63: =IFERROR(BB63/R63,0) -> 0 | BD63: =IFERROR(N63-T63,0) -> 0 | BE63: =IFERROR(BD63/T63,0) -> 0 | BF63: =IFERROR(P63-V63,0) -> 0 | BG63: =IFERROR(BF63/V63,0) -> 0 | BH63: =IFERROR(L63-X63,0) -> 0 | BI63: =IFERROR(BH63/X63,0) -> 0 | BJ63: =IFERROR(N63-Z63,0) -> 0 | BK63: =IFERROR(BJ63/Z63,0) -> 0 | BL63: =IFERROR(P63-AB63,0) -> 0 | BM63: =IFERROR(BL63/AB63,0) -> 0 | BN63: =IFERROR(L63-AP63,0) -> 0 | BO63: =IFERROR(BN63/AP63,0) -> 0 | BP63: =IFERROR(N63-AR63,0) -> 0 | BQ63: =IFERROR(BP63/AR63,0) -> 0 | BR63: =IFERROR(P63-AT63,0) -> 0 | BS63: =IFERROR(BR63/AT63,0) -> 0 | BZ63: 무기명 | CA63: =ROUND(기존구분!$I$45*(SUM('파나크 영덕'!L107,소노문해운대!L106:L107)/SUM('파나크 영덕'!L107:L109,소노문해운대!L106:L109)),0) -> 672 | CB63: =CA63*기존구분!$I$53-1000 -> 189256.89
E64: E-Mice | F64: =CA41 -> 0 | G64: =IFERROR(F64/F74,0) -> 0 | H64: =IFERROR(J64/F64,"0") -> 0 | I64: =IFERROR(H64/H59,0) -> 0 | J64: =CB41 -> 0 | K64: =IFERROR(J64/J74,0) -> 0 | L64: =CC41 -> 0 | M64: =IFERROR(L64/L74,0) -> 0 | N64: =IFERROR(P64/L64,"0") -> 0 | O64: =IFERROR(N64/N59,0) -> 0 | P64: =CD41 -> 0 | Q64: =IFERROR(P64/P74,0) -> 0 | R64: =CE41 -> 0 | S64: =IFERROR(R64/R74,0) -> 0 | T64: =IFERROR(V64/R64,"0") -> 0 | U64: =IFERROR(T64/T59,0) -> 0 | V64: =CF41 -> 0 | W64: =IFERROR(V64/V74,0) -> 0 | X64: =CG41 -> 0 | Y64: =IFERROR(X64/X74,0) -> 0 | Z64: =IFERROR(AB64/X64,"0") -> 0 | AA64: =IFERROR(Z64/Z59,0) -> 0 | AB64: =CH41 -> 0 | AC64: =IFERROR(AB64/AB74,0) -> 0 | AD64: =CI41 -> 0 | AE64: =IFERROR(AD64/AD74,0) -> 0 | AF64: =IFERROR(AH64/AD64,"0") -> 0 | AG64: =IFERROR(AF64/AF59,0) -> 0 | AH64: =CJ41 -> 0 | AI64: =IFERROR(AH64/AH74,0) -> 0 | AJ64: =CK41 -> 0 | AK64: =IFERROR(AJ64/AJ74,0) -> 0 | AL64: =IFERROR(AN64/AJ64,"0") -> 0 | AM64: =IFERROR(AL64/AL59,0) -> 0 | AN64: =CL41 -> 0 | AO64: =IFERROR(AN64/AN74,0) -> 0 | AP64: =CM41 -> 0 | AQ64: =IFERROR(AP64/AP74,0) -> 0 | AR64: =IFERROR(AT64/AP64,"0") -> 0 | AS64: =IFERROR(AR64/AR59,0) -> 0 | AT64: =CN41 -> 0 | AU64: =IFERROR(AT64/AT74,0) -> 0 | AV64: =IFERROR(L64-F64,0) -> 0 | AW64: =IFERROR(AV64/F64,0) -> 0 | AX64: =IFERROR(N64-H64,0) -> 0 | AY64: =IFERROR(AX64/H64,0) -> 0 | AZ64: =IFERROR(P64-J64,0) -> 0 | BA64: =IFERROR(AZ64/J64,0) -> 0 | BB64: =IFERROR(L64-R64,0) -> 0 | BC64: =IFERROR(BB64/R64,0) -> 0 | BD64: =IFERROR(N64-T64,0) -> 0 | BE64: =IFERROR(BD64/T64,0) -> 0 | BF64: =IFERROR(P64-V64,0) -> 0 | BG64: =IFERROR(BF64/V64,0) -> 0 | BH64: =IFERROR(L64-X64,0) -> 0 | BI64: =IFERROR(BH64/X64,0) -> 0 | BJ64: =IFERROR(N64-Z64,0) -> 0 | BK64: =IFERROR(BJ64/Z64,0) -> 0 | BL64: =IFERROR(P64-AB64,0) -> 0 | BM64: =IFERROR(BL64/AB64,0) -> 0 | BN64: =IFERROR(L64-AP64,0) -> 0 | BO64: =IFERROR(BN64/AP64,0) -> 0 | BP64: =IFERROR(N64-AR64,0) -> 0 | BQ64: =IFERROR(BP64/AR64,0) -> 0 | BR64: =IFERROR(P64-AT64,0) -> 0 | BS64: =IFERROR(BR64/AT64,0) -> 0 | BZ64: 직 원 | CA64: =ROUND(기존구분!$I$45*(SUM('파나크 영덕:소노문해운대'!L108)/SUM('파나크 영덕'!L107:L109,소노문해운대!L106:L109)),0) -> 53 | CB64: =CA64*기존구분!$I$53+1000 -> 16005.38
E65: Inbound | F65: =CA42 -> 0 | G65: =IFERROR(F65/F74,0) -> 0 | H65: =IFERROR(J65/F65,"0") -> 0 | I65: =IFERROR(H65/H59,0) -> 0 | J65: =CB42 -> 0 | K65: =IFERROR(J65/J74,0) -> 0 | L65: =CC42 -> 0 | M65: =IFERROR(L65/L74,0) -> 0 | N65: =IFERROR(P65/L65,"0") -> 0 | O65: =IFERROR(N65/N59,0) -> 0 | P65: =CD42 -> 0 | Q65: =IFERROR(P65/P74,0) -> 0 | R65: =CE42 -> 0 | S65: =IFERROR(R65/R74,0) -> 0 | T65: =IFERROR(V65/R65,"0") -> 0 | U65: =IFERROR(T65/T59,0) -> 0 | V65: =CF42 -> 0 | W65: =IFERROR(V65/V74,0) -> 0 | X65: =CG42 -> 0 | Y65: =IFERROR(X65/X74,0) -> 0 | Z65: =IFERROR(AB65/X65,"0") -> 0 | AA65: =IFERROR(Z65/Z59,0) -> 0 | AB65: =CH42 -> 0 | AC65: =IFERROR(AB65/AB74,0) -> 0 | AD65: =CI42 -> 0 | AE65: =IFERROR(AD65/AD74,0) -> 0 | AF65: =IFERROR(AH65/AD65,"0") -> 0 | AG65: =IFERROR(AF65/AF59,0) -> 0 | AH65: =CJ42 -> 0 | AI65: =IFERROR(AH65/AH74,0) -> 0 | AJ65: =CK42 -> 0 | AK65: =IFERROR(AJ65/AJ74,0) -> 0 | AL65: =IFERROR(AN65/AJ65,"0") -> 0 | AM65: =IFERROR(AL65/AL59,0) -> 0 | AN65: =CL42 -> 0 | AO65: =IFERROR(AN65/AN74,0) -> 0 | AP65: =CM42 -> 0 | AQ65: =IFERROR(AP65/AP74,0) -> 0 | AR65: =IFERROR(AT65/AP65,"0") -> 0 | AS65: =IFERROR(AR65/AR59,0) -> 0 | AT65: =CN42 -> 0 | AU65: =IFERROR(AT65/AT74,0) -> 0 | AV65: =IFERROR(L65-F65,0) -> 0 | AW65: =IFERROR(AV65/F65,0) -> 0 | AX65: =IFERROR(N65-H65,0) -> 0 | AY65: =IFERROR(AX65/H65,0) -> 0 | AZ65: =IFERROR(P65-J65,0) -> 0 | BA65: =IFERROR(AZ65/J65,0) -> 0 | BB65: =IFERROR(L65-R65,0) -> 0 | BC65: =IFERROR(BB65/R65,0) -> 0 | BD65: =IFERROR(N65-T65,0) -> 0 | BE65: =IFERROR(BD65/T65,0) -> 0 | BF65: =IFERROR(P65-V65,0) -> 0 | BG65: =IFERROR(BF65/V65,0) -> 0 | BH65: =IFERROR(L65-X65,0) -> 0 | BI65: =IFERROR(BH65/X65,0) -> 0 | BJ65: =IFERROR(N65-Z65,0) -> 0 | BK65: =IFERROR(BJ65/Z65,0) -> 0 | BL65: =IFERROR(P65-AB65,0) -> 0 | BM65: =IFERROR(BL65/AB65,0) -> 0 | BN65: =IFERROR(L65-AP65,0) -> 0 | BO65: =IFERROR(BN65/AP65,0) -> 0 | BP65: =IFERROR(N65-AR65,0) -> 0 | BQ65: =IFERROR(BP65/AR65,0) -> 0 | BR65: =IFERROR(P65-AT65,0) -> 0 | BS65: =IFERROR(BR65/AT65,0) -> 0 | BZ65: 기 타 | CA65: =ROUND(기존구분!$I$45*(SUM('파나크 영덕:소노문해운대'!L109)/SUM('파나크 영덕'!L107:L109,소노문해운대!L106:L109)),0) -> 14 | CB65: =CA65*기존구분!$I$53 -> 3963.6853
E66: Total | F66: =SUM(F63:F65) -> 0 | G66: =IFERROR(F66/F74,0) -> 0 | H66: =IFERROR(J66/F66,"0") -> 0 | I66: =IFERROR(H66/H59,0) -> 0 | J66: =SUM(J63:J65) -> 0 | K66: =IFERROR(J66/J74,0) -> 0 | L66: =SUM(L63:L65) -> 0 | M66: =IFERROR(L66/L74,0) -> 0 | N66: =IFERROR(P66/L66,"0") -> 0 | O66: =IFERROR(N66/N59,0) -> 0 | P66: =SUM(P63:P65) -> 0 | Q66: =IFERROR(P66/P74,0) -> 0 | R66: =SUM(R63:R65) -> 0 | S66: =IFERROR(R66/R74,0) -> 0 | T66: =IFERROR(V66/R66,"0") -> 0 | U66: =IFERROR(T66/T59,0) -> 0 | V66: =SUM(V63:V65) -> 0 | W66: =IFERROR(V66/V74,0) -> 0 | X66: =SUM(X63:X65) -> 0 | Y66: =IFERROR(X66/X74,0) -> 0 | Z66: =IFERROR(AB66/X66,"0") -> 0 | AA66: =IFERROR(Z66/Z59,0) -> 0 | AB66: =SUM(AB63:AB65) -> 0 | AC66: =IFERROR(AB66/AB74,0) -> 0 | AD66: =SUM(AD63:AD65) -> 0 | AE66: =IFERROR(AD66/AD74,0) -> 0 | AF66: =IFERROR(AH66/AD66,"0") -> 0 | AG66: =IFERROR(AF66/AF59,0) -> 0 | AH66: =SUM(AH63:AH65) -> 0 | AI66: =IFERROR(AH66/AH74,0) -> 0 | AJ66: =SUM(AJ63:AJ65) -> 0 | AK66: =IFERROR(AJ66/AJ74,0) -> 0 | AL66: =IFERROR(AN66/AJ66,"0") -> 0 | AM66: =IFERROR(AL66/AL59,0) -> 0 | AN66: =SUM(AN63:AN65) -> 0 | AO66: =IFERROR(AN66/AN74,0) -> 0 | AP66: =SUM(AP63:AP65) -> 0 | AQ66: =IFERROR(AP66/AP74,0) -> 0 | AR66: =IFERROR(AT66/AP66,"0") -> 0 | AS66: =IFERROR(AR66/AR59,0) -> 0 | AT66: =SUM(AT63:AT65) -> 0 | AU66: =IFERROR(AT66/AT74,0) -> 0 | AV66: =IFERROR(L66-F66,0) -> 0 | AW66: =IFERROR(AV66/F66,0) -> 0 | AX66: =IFERROR(N66-H66,0) -> 0 | AY66: =IFERROR(AX66/H66,0) -> 0 | AZ66: =IFERROR(P66-J66,0) -> 0 | BA66: =IFERROR(AZ66/J66,0) -> 0 | BB66: =IFERROR(L66-R66,0) -> 0 | BC66: =IFERROR(BB66/R66,0) -> 0 | BD66: =IFERROR(N66-T66,0) -> 0 | BE66: =IFERROR(BD66/T66,0) -> 0 | BF66: =IFERROR(P66-V66,0) -> 0 | BG66: =IFERROR(BF66/V66,0) -> 0 | BH66: =IFERROR(L66-X66,0) -> 0 | BI66: =IFERROR(BH66/X66,0) -> 0 | BJ66: =IFERROR(N66-Z66,0) -> 0 | BK66: =IFERROR(BJ66/Z66,0) -> 0 | BL66: =IFERROR(P66-AB66,0) -> 0 | BM66: =IFERROR(BL66/AB66,0) -> 0 | BN66: =IFERROR(L66-AP66,0) -> 0 | BO66: =IFERROR(BN66/AP66,0) -> 0 | BP66: =IFERROR(N66-AR66,0) -> 0 | BQ66: =IFERROR(BP66/AR66,0) -> 0 | BR66: =IFERROR(P66-AT66,0) -> 0 | BS66: =IFERROR(BR66/AT66,0) -> 0 | BY66: 단 체 | BZ66: 일 반
D67: FIT | E67: Homepage | F67: =CA43 -> 126 | G67: =IFERROR(F67/F74,0) -> 0.057194734 | H67: =IFERROR(J67/F67,"0") -> 345.94924 | I67: =IFERROR(H67/H59,0) -> 1.23024 | J67: =CB43 -> 43589.605 | K67: =IFERROR(J67/J74,0) -> 0.071745384 | L67: =CC43 -> 0 | M67: =IFERROR(L67/L74,0) -> 0 | N67: =IFERROR(P67/L67,"0") -> 0 | O67: =IFERROR(N67/N59,0) -> 0 | P67: =CD43 -> 0 | Q67: =IFERROR(P67/P74,0) -> 0 | R67: =CE43 -> 0 | S67: =IFERROR(R67/R74,0) -> 0 | T67: =IFERROR(V67/R67,"0") -> 0 | U67: =IFERROR(T67/T59,0) -> 0 | V67: =CF43 -> 0 | W67: =IFERROR(V67/V74,0) -> 0 | X67: =CG43 -> 0 | Y67: =IFERROR(X67/X74,0) -> 0 | Z67: =IFERROR(AB67/X67,"0") -> 0 | AA67: =IFERROR(Z67/Z59,0) -> 0 | AB67: =CH43 -> 0 | AC67: =IFERROR(AB67/AB74,0) -> 0 | AD67: =CI43 -> 0 | AE67: =IFERROR(AD67/AD74,0) -> 0 | AF67: =IFERROR(AH67/AD67,"0") -> 0 | AG67: =IFERROR(AF67/AF59,0) -> 0 | AH67: =CJ43 -> 0 | AI67: =IFERROR(AH67/AH74,0) -> 0 | AJ67: =CK43 -> 0 | AK67: =IFERROR(AJ67/AJ74,0) -> 0 | AL67: =IFERROR(AN67/AJ67,"0") -> 0 | AM67: =IFERROR(AL67/AL59,0) -> 0 | AN67: =CL43 -> 0 | AO67: =IFERROR(AN67/AN74,0) -> 0 | AP67: =CM43 -> 0 | AQ67: =IFERROR(AP67/AP74,0) -> 0 | AR67: =IFERROR(AT67/AP67,"0") -> 0 | AS67: =IFERROR(AR67/AR59,0) -> 0 | AT67: =CN43 -> 0 | AU67: =IFERROR(AT67/AT74,0) -> 0 | AV67: =IFERROR(L67-F67,0) -> -126 | AW67: =IFERROR(AV67/F67,0) -> -1 | AX67: =IFERROR(N67-H67,0) -> -345.94924 | AY67: =IFERROR(AX67/H67,0) -> -1 | AZ67: =IFERROR(P67-J67,0) -> -43589.605 | BA67: =IFERROR(AZ67/J67,0) -> -1 | BB67: =IFERROR(L67-R67,0) -> 0 | BC67: =IFERROR(BB67/R67,0) -> 0 | BD67: =IFERROR(N67-T67,0) -> 0 | BE67: =IFERROR(BD67/T67,0) -> 0 | BF67: =IFERROR(P67-V67,0) -> 0 | BG67: =IFERROR(BF67/V67,0) -> 0 | BH67: =IFERROR(L67-X67,0) -> 0 | BI67: =IFERROR(BH67/X67,0) -> 0 | BJ67: =IFERROR(N67-Z67,0) -> 0 | BK67: =IFERROR(BJ67/Z67,0) -> 0 | BL67: =IFERROR(P67-AB67,0) -> 0 | BM67: =IFERROR(BL67/AB67,0) -> 0 | BN67: =IFERROR(L67-AP67,0) -> 0 | BO67: =IFERROR(BN67/AP67,0) -> 0 | BP67: =IFERROR(N67-AR67,0) -> 0 | BQ67: =IFERROR(BP67/AR67,0) -> 0 | BR67: =IFERROR(P67-AT67,0) -> 0 | BS67: =IFERROR(BR67/AT67,0) -> 0 | BZ67: 학 생
E68: OTA | F68: =CA44 -> 626 | G68: =IFERROR(F68/F74,0) -> 0.28415797 | H68: =IFERROR(J68/F68,"0") -> 330.90031 | I68: =IFERROR(H68/H59,0) -> 1.1767241 | J68: =CB44 -> 207143.59 | K68: =IFERROR(J68/J74,0) -> 0.3409436 | L68: =CC44 -> 0 | M68: =IFERROR(L68/L74,0) -> 0 | N68: =IFERROR(P68/L68,"0") -> 0 | O68: =IFERROR(N68/N59,0) -> 0 | P68: =CD44 -> 0 | Q68: =IFERROR(P68/P74,0) -> 0 | R68: =CE44 -> 0 | S68: =IFERROR(R68/R74,0) -> 0 | T68: =IFERROR(V68/R68,"0") -> 0 | U68: =IFERROR(T68/T59,0) -> 0 | V68: =CF44 -> 0 | W68: =IFERROR(V68/V74,0) -> 0 | X68: =CG44 -> 0 | Y68: =IFERROR(X68/X74,0) -> 0 | Z68: =IFERROR(AB68/X68,"0") -> 0 | AA68: =IFERROR(Z68/Z59,0) -> 0 | AB68: =CH44 -> 0 | AC68: =IFERROR(AB68/AB74,0) -> 0 | AD68: =CI44 -> 0 | AE68: =IFERROR(AD68/AD74,0) -> 0 | AF68: =IFERROR(AH68/AD68,"0") -> 0 | AG68: =IFERROR(AF68/AF59,0) -> 0 | AH68: =CJ44 -> 0 | AI68: =IFERROR(AH68/AH74,0) -> 0 | AJ68: =CK44 -> 0 | AK68: =IFERROR(AJ68/AJ74,0) -> 0 | AL68: =IFERROR(AN68/AJ68,"0") -> 0 | AM68: =IFERROR(AL68/AL59,0) -> 0 | AN68: =CL44 -> 0 | AO68: =IFERROR(AN68/AN74,0) -> 0 | AP68: =CM44 -> 0 | AQ68: =IFERROR(AP68/AP74,0) -> 0 | AR68: =IFERROR(AT68/AP68,"0") -> 0 | AS68: =IFERROR(AR68/AR59,0) -> 0 | AT68: =CN44 -> 0 | AU68: =IFERROR(AT68/AT74,0) -> 0 | AV68: =IFERROR(L68-F68,0) -> -626 | AW68: =IFERROR(AV68/F68,0) -> -1 | AX68: =IFERROR(N68-H68,0) -> -330.90031 | AY68: =IFERROR(AX68/H68,0) -> -1 | AZ68: =IFERROR(P68-J68,0) -> -207143.59 | BA68: =IFERROR(AZ68/J68,0) -> -1 | BB68: =IFERROR(L68-R68,0) -> 0 | BC68: =IFERROR(BB68/R68,0) -> 0 | BD68: =IFERROR(N68-T68,0) -> 0 | BE68: =IFERROR(BD68/T68,0) -> 0 | BF68: =IFERROR(P68-V68,0) -> 0 | BG68: =IFERROR(BF68/V68,0) -> 0 | BH68: =IFERROR(L68-X68,0) -> 0 | BI68: =IFERROR(BH68/X68,0) -> 0 | BJ68: =IFERROR(N68-Z68,0) -> 0 | BK68: =IFERROR(BJ68/Z68,0) -> 0 | BL68: =IFERROR(P68-AB68,0) -> 0 | BM68: =IFERROR(BL68/AB68,0) -> 0 | BN68: =IFERROR(L68-AP68,0) -> 0 | BO68: =IFERROR(BN68/AP68,0) -> 0 | BP68: =IFERROR(N68-AR68,0) -> 0 | BQ68: =IFERROR(BP68/AR68,0) -> 0 | BR68: =IFERROR(P68-AT68,0) -> 0 | BS68: =IFERROR(BR68/AT68,0) -> 0 | BZ68: 인바운드
E69: G-OTA | F69: =CA45 -> 516 | G69: =IFERROR(F69/F74,0) -> 0.23422606 | H69: =IFERROR(J69/F69,"0") -> 331.68743 | I69: =IFERROR(H69/H59,0) -> 1.1795232 | J69: =CB45 -> 171150.71 | K69: =IFERROR(J69/J74,0) -> 0.28170188 | L69: =CC45 -> 0 | M69: =IFERROR(L69/L74,0) -> 0 | N69: =IFERROR(P69/L69,"0") -> 0 | O69: =IFERROR(N69/N59,0) -> 0 | P69: =CD45 -> 0 | Q69: =IFERROR(P69/P74,0) -> 0 | R69: =CE45 -> 0 | S69: =IFERROR(R69/R74,0) -> 0 | T69: =IFERROR(V69/R69,"0") -> 0 | U69: =IFERROR(T69/T59,0) -> 0 | V69: =CF45 -> 0 | W69: =IFERROR(V69/V74,0) -> 0 | X69: =CG45 -> 0 | Y69: =IFERROR(X69/X74,0) -> 0 | Z69: =IFERROR(AB69/X69,"0") -> 0 | AA69: =IFERROR(Z69/Z59,0) -> 0 | AB69: =CH45 -> 0 | AC69: =IFERROR(AB69/AB74,0) -> 0 | AD69: =CI45 -> 0 | AE69: =IFERROR(AD69/AD74,0) -> 0 | AF69: =IFERROR(AH69/AD69,"0") -> 0 | AG69: =IFERROR(AF69/AF59,0) -> 0 | AH69: =CJ45 -> 0 | AI69: =IFERROR(AH69/AH74,0) -> 0 | AJ69: =CK45 -> 0 | AK69: =IFERROR(AJ69/AJ74,0) -> 0 | AL69: =IFERROR(AN69/AJ69,"0") -> 0 | AM69: =IFERROR(AL69/AL59,0) -> 0 | AN69: =CL45 -> 0 | AO69: =IFERROR(AN69/AN74,0) -> 0 | AP69: =CM45 -> 0 | AQ69: =IFERROR(AP69/AP74,0) -> 0 | AR69: =IFERROR(AT69/AP69,"0") -> 0 | AS69: =IFERROR(AR69/AR59,0) -> 0 | AT69: =CN45 -> 0 | AU69: =IFERROR(AT69/AT74,0) -> 0 | AV69: =IFERROR(L69-F69,0) -> -516 | AW69: =IFERROR(AV69/F69,0) -> -1 | AX69: =IFERROR(N69-H69,0) -> -331.68743 | AY69: =IFERROR(AX69/H69,0) -> -1 | AZ69: =IFERROR(P69-J69,0) -> -171150.71 | BA69: =IFERROR(AZ69/J69,0) -> -1 | BB69: =IFERROR(L69-R69,0) -> 0 | BC69: =IFERROR(BB69/R69,0) -> 0 | BD69: =IFERROR(N69-T69,0) -> 0 | BE69: =IFERROR(BD69/T69,0) -> 0 | BF69: =IFERROR(P69-V69,0) -> 0 | BG69: =IFERROR(BF69/V69,0) -> 0 | BH69: =IFERROR(L69-X69,0) -> 0 | BI69: =IFERROR(BH69/X69,0) -> 0 | BJ69: =IFERROR(N69-Z69,0) -> 0 | BK69: =IFERROR(BJ69/Z69,0) -> 0 | BL69: =IFERROR(P69-AB69,0) -> 0 | BM69: =IFERROR(BL69/AB69,0) -> 0 | BN69: =IFERROR(L69-AP69,0) -> 0 | BO69: =IFERROR(BN69/AP69,0) -> 0 | BP69: =IFERROR(N69-AR69,0) -> 0 | BQ69: =IFERROR(BP69/AR69,0) -> 0 | BR69: =IFERROR(P69-AT69,0) -> 0 | BS69: =IFERROR(BR69/AT69,0) -> 0 | BY69: 일 반 | BZ69: 홈페이지 | CA69: =ROUND(기존구분!$I$44*(SUM('파나크 영덕:소노문해운대'!L115)/SUM('파나크 영덕:소노문해운대'!$L$120,'파나크 영덕:소노문해운대'!$L$121)),0) -> 156 | CB69: =CA69*기존구분!$I$52+4000-326 -> 54546.844
E70: Affiliate | F70: =CA46 -> 2 | G70: =IFERROR(F70/F74,0) -> 0.00090785293 | H70: =IFERROR(J70/F70,"0") -> 376.10797 | I70: =IFERROR(H70/H59,0) -> 1.3374884 | J70: =CB46 -> 752.21595 | K70: =IFERROR(J70/J74,0) -> 0.0012380939 | L70: =CC46 -> 0 | M70: =IFERROR(L70/L74,0) -> 0 | N70: =IFERROR(P70/L70,"0") -> 0 | O70: =IFERROR(N70/N59,0) -> 0 | P70: =CD46 -> 0 | Q70: =IFERROR(P70/P74,0) -> 0 | R70: =CE46 -> 0 | S70: =IFERROR(R70/R74,0) -> 0 | T70: =IFERROR(V70/R70,"0") -> 0 | U70: =IFERROR(T70/T59,0) -> 0 | V70: =CF46 -> 0 | W70: =IFERROR(V70/V74,0) -> 0 | X70: =CG46 -> 0 | Y70: =IFERROR(X70/X74,0) -> 0 | Z70: =IFERROR(AB70/X70,"0") -> 0 | AA70: =IFERROR(Z70/Z59,0) -> 0 | AB70: =CH46 -> 0 | AC70: =IFERROR(AB70/AB74,0) -> 0 | AD70: =CI46 -> 0 | AE70: =IFERROR(AD70/AD74,0) -> 0 | AF70: =IFERROR(AH70/AD70,"0") -> 0 | AG70: =IFERROR(AF70/AF59,0) -> 0 | AH70: =CJ46 -> 0 | AI70: =IFERROR(AH70/AH74,0) -> 0 | AJ70: =CK46 -> 0 | AK70: =IFERROR(AJ70/AJ74,0) -> 0 | AL70: =IFERROR(AN70/AJ70,"0") -> 0 | AM70: =IFERROR(AL70/AL59,0) -> 0 | AN70: =CL46 -> 0 | AO70: =IFERROR(AN70/AN74,0) -> 0 | AP70: =CM46 -> 0 | AQ70: =IFERROR(AP70/AP74,0) -> 0 | AR70: =IFERROR(AT70/AP70,"0") -> 0 | AS70: =IFERROR(AR70/AR59,0) -> 0 | AT70: =CN46 -> 0 | AU70: =IFERROR(AT70/AT74,0) -> 0 | AV70: =IFERROR(L70-F70,0) -> -2 | AW70: =IFERROR(AV70/F70,0) -> -1 | AX70: =IFERROR(N70-H70,0) -> -376.10797 | AY70: =IFERROR(AX70/H70,0) -> -1 | AZ70: =IFERROR(P70-J70,0) -> -752.21595 | BA70: =IFERROR(AZ70/J70,0) -> -1 | BB70: =IFERROR(L70-R70,0) -> 0 | BC70: =IFERROR(BB70/R70,0) -> 0 | BD70: =IFERROR(N70-T70,0) -> 0 | BE70: =IFERROR(BD70/T70,0) -> 0 | BF70: =IFERROR(P70-V70,0) -> 0 | BG70: =IFERROR(BF70/V70,0) -> 0 | BH70: =IFERROR(L70-X70,0) -> 0 | BI70: =IFERROR(BH70/X70,0) -> 0 | BJ70: =IFERROR(N70-Z70,0) -> 0 | BK70: =IFERROR(BJ70/Z70,0) -> 0 | BL70: =IFERROR(P70-AB70,0) -> 0 | BM70: =IFERROR(BL70/AB70,0) -> 0 | BN70: =IFERROR(L70-AP70,0) -> 0 | BO70: =IFERROR(BN70/AP70,0) -> 0 | BP70: =IFERROR(N70-AR70,0) -> 0 | BQ70: =IFERROR(BP70/AR70,0) -> 0 | BR70: =IFERROR(P70-AT70,0) -> 0 | BS70: =IFERROR(BR70/AT70,0) -> 0 | BZ70: OTA | CA70: =ROUND(기존구분!$I$44*(SUM('파나크 영덕:소노문해운대'!L116)/SUM('파나크 영덕:소노문해운대'!$L$120,'파나크 영덕:소노문해운대'!$L$121)),0) -> 704 | CB70: =CA70*기존구분!$I$52+4500 -> 234080.01
E71: Other | F71: =CA47 -> 34 | G71: =IFERROR(F71/F74,0) -> 0.0154335 | H71: =IFERROR(J71/F71,"0") -> 326.10797 | I71: =IFERROR(H71/H59,0) -> 1.1596819 | J71: =CB47 -> 11087.671 | K71: =IFERROR(J71/J74,0) -> 0.018249517 | L71: =CC47 -> 0 | M71: =IFERROR(L71/L74,0) -> 0 | N71: =IFERROR(P71/L71,"0") -> 0 | O71: =IFERROR(N71/N59,0) -> 0 | P71: =CD47 -> 0 | Q71: =IFERROR(P71/P74,0) -> 0 | R71: =CE47 -> 0 | S71: =IFERROR(R71/R74,0) -> 0 | T71: =IFERROR(V71/R71,"0") -> 0 | U71: =IFERROR(T71/T59,0) -> 0 | V71: =CF47 -> 0 | W71: =IFERROR(V71/V74,0) -> 0 | X71: =CG47 -> 0 | Y71: =IFERROR(X71/X74,0) -> 0 | Z71: =IFERROR(AB71/X71,"0") -> 0 | AA71: =IFERROR(Z71/Z59,0) -> 0 | AB71: =CH47 -> 0 | AC71: =IFERROR(AB71/AB74,0) -> 0 | AD71: =CI47 -> 0 | AE71: =IFERROR(AD71/AD74,0) -> 0 | AF71: =IFERROR(AH71/AD71,"0") -> 0 | AG71: =IFERROR(AF71/AF59,0) -> 0 | AH71: =CJ47 -> 0 | AI71: =IFERROR(AH71/AH74,0) -> 0 | AJ71: =CK47 -> 0 | AK71: =IFERROR(AJ71/AJ74,0) -> 0 | AL71: =IFERROR(AN71/AJ71,"0") -> 0 | AM71: =IFERROR(AL71/AL59,0) -> 0 | AN71: =CL47 -> 0 | AO71: =IFERROR(AN71/AN74,0) -> 0 | AP71: =CM47 -> 0 | AQ71: =IFERROR(AP71/AP74,0) -> 0 | AR71: =IFERROR(AT71/AP71,"0") -> 0 | AS71: =IFERROR(AR71/AR59,0) -> 0 | AT71: =CN47 -> 0 | AU71: =IFERROR(AT71/AT74,0) -> 0 | AV71: =IFERROR(L71-F71,0) -> -34 | AW71: =IFERROR(AV71/F71,0) -> -1 | AX71: =IFERROR(N71-H71,0) -> -326.10797 | AY71: =IFERROR(AX71/H71,0) -> -1 | AZ71: =IFERROR(P71-J71,0) -> -11087.671 | BA71: =IFERROR(AZ71/J71,0) -> -1 | BB71: =IFERROR(L71-R71,0) -> 0 | BC71: =IFERROR(BB71/R71,0) -> 0 | BD71: =IFERROR(N71-T71,0) -> 0 | BE71: =IFERROR(BD71/T71,0) -> 0 | BF71: =IFERROR(P71-V71,0) -> 0 | BG71: =IFERROR(BF71/V71,0) -> 0 | BH71: =IFERROR(L71-X71,0) -> 0 | BI71: =IFERROR(BH71/X71,0) -> 0 | BJ71: =IFERROR(N71-Z71,0) -> 0 | BK71: =IFERROR(BJ71/Z71,0) -> 0 | BL71: =IFERROR(P71-AB71,0) -> 0 | BM71: =IFERROR(BL71/AB71,0) -> 0 | BN71: =IFERROR(L71-AP71,0) -> 0 | BO71: =IFERROR(BN71/AP71,0) -> 0 | BP71: =IFERROR(N71-AR71,0) -> 0 | BQ71: =IFERROR(BP71/AR71,0) -> 0 | BR71: =IFERROR(P71-AT71,0) -> 0 | BS71: =IFERROR(BR71/AT71,0) -> 0 | BZ71: G-OTA | CA71: =ROUND(기존구분!$I$44*(SUM('파나크 영덕:소노문해운대'!L117)/SUM('파나크 영덕:소노문해운대'!$L$120,'파나크 영덕:소노문해운대'!$L$121)),0) -> 811 | CB71: =CA71*기존구분!$I$52+4500 -> 268973.57
E72: Total | F72: =SUM(F67:F71) -> 1304 | G72: =IFERROR(F72/F74,0) -> 0.59192011 | H72: =IFERROR(J72/F72,"0") -> 332.61028 | I72: =IFERROR(H72/H59,0) -> 1.182805 | J72: =SUM(J67:J71) -> 433723.8 | K72: =IFERROR(J72/J74,0) -> 0.71387847 | L72: =SUM(L67:L71) -> 0 | M72: =IFERROR(L72/L74,0) -> 0 | N72: =IFERROR(P72/L72,"0") -> 0 | O72: =IFERROR(N72/N59,0) -> 0 | P72: =SUM(P67:P71) -> 0 | Q72: =IFERROR(P72/P74,0) -> 0 | R72: =SUM(R67:R71) -> 0 | S72: =IFERROR(R72/R74,0) -> 0 | T72: =IFERROR(V72/R72,"0") -> 0 | U72: =IFERROR(T72/T59,0) -> 0 | V72: =SUM(V67:V71) -> 0 | W72: =IFERROR(V72/V74,0) -> 0 | X72: =SUM(X67:X71) -> 0 | Y72: =IFERROR(X72/X74,0) -> 0 | Z72: =IFERROR(AB72/X72,"0") -> 0 | AA72: =IFERROR(Z72/Z59,0) -> 0 | AB72: =SUM(AB67:AB71) -> 0 | AC72: =IFERROR(AB72/AB74,0) -> 0 | AD72: =SUM(AD67:AD71) -> 0 | AE72: =IFERROR(AD72/AD74,0) -> 0 | AF72: =IFERROR(AH72/AD72,"0") -> 0 | AG72: =IFERROR(AF72/AF59,0) -> 0 | AH72: =SUM(AH67:AH71) -> 0 | AI72: =IFERROR(AH72/AH74,0) -> 0 | AJ72: =SUM(AJ67:AJ71) -> 0 | AK72: =IFERROR(AJ72/AJ74,0) -> 0 | AL72: =IFERROR(AN72/AJ72,"0") -> 0 | AM72: =IFERROR(AL72/AL59,0) -> 0 | AN72: =SUM(AN67:AN71) -> 0 | AO72: =IFERROR(AN72/AN74,0) -> 0 | AP72: =SUM(AP67:AP71) -> 0 | AQ72: =IFERROR(AP72/AP74,0) -> 0 | AR72: =IFERROR(AT72/AP72,"0") -> 0 | AS72: =IFERROR(AR72/AR59,0) -> 0 | AT72: =SUM(AT67:AT71) -> 0 | AU72: =IFERROR(AT72/AT74,0) -> 0 | AV72: =IFERROR(L72-F72,0) -> -1304 | AW72: =IFERROR(AV72/F72,0) -> -1 | AX72: =IFERROR(N72-H72,0) -> -332.61028 | AY72: =IFERROR(AX72/H72,0) -> -1 | AZ72: =IFERROR(P72-J72,0) -> -433723.8 | BA72: =IFERROR(AZ72/J72,0) -> -1 | BB72: =IFERROR(L72-R72,0) -> 0 | BC72: =IFERROR(BB72/R72,0) -> 0 | BD72: =IFERROR(N72-T72,0) -> 0 | BE72: =IFERROR(BD72/T72,0) -> 0 | BF72: =IFERROR(P72-V72,0) -> 0 | BG72: =IFERROR(BF72/V72,0) -> 0 | BH72: =IFERROR(L72-X72,0) -> 0 | BI72: =IFERROR(BH72/X72,0) -> 0 | BJ72: =IFERROR(N72-Z72,0) -> 0 | BK72: =IFERROR(BJ72/Z72,0) -> 0 | BL72: =IFERROR(P72-AB72,0) -> 0 | BM72: =IFERROR(BL72/AB72,0) -> 0 | BN72: =IFERROR(L72-AP72,0) -> 0 | BO72: =IFERROR(BN72/AP72,0) -> 0 | BP72: =IFERROR(N72-AR72,0) -> 0 | BQ72: =IFERROR(BP72/AR72,0) -> 0 | BR72: =IFERROR(P72-AT72,0) -> 0 | BS72: =IFERROR(BR72/AT72,0) -> 0 | BZ72: 제휴사 | CA72: =ROUND(기존구분!$I$44*(SUM('파나크 영덕:소노문해운대'!L118)/SUM('파나크 영덕:소노문해운대'!$L$120,'파나크 영덕:소노문해운대'!$L$121)),0) -> 1 | CB72: =CA72*기존구분!$I$52+50-6 -> 370.10797
D73: COMP | F73: =CA48 -> 26 | G73: =IFERROR(F73/F74,0) -> 0.011802088 | H73: =IFERROR(J73/F73,"0") -> 0 | I73: =IFERROR(H73/H59,0) -> 0 | J73: =CB48 -> 0 | K73: =IFERROR(J73/J74,0) -> 0 | L73: =CC48 -> 0 | M73: =IFERROR(L73/L74,0) -> 0 | N73: =IFERROR(P73/L73,"0") -> 0 | O73: =IFERROR(N73/N59,0) -> 0 | P73: =CD48 -> 0 | Q73: =IFERROR(P73/P74,0) -> 0 | R73: =CE48 -> 0 | S73: =IFERROR(R73/R74,0) -> 0 | T73: =IFERROR(V73/R73,"0") -> 0 | U73: =IFERROR(T73/T59,0) -> 0 | V73: =CF48 -> 0 | W73: =IFERROR(V73/V74,0) -> 0 | X73: =CG48 -> 0 | Y73: =IFERROR(X73/X74,0) -> 0 | Z73: =IFERROR(AB73/X73,"0") -> 0 | AA73: =IFERROR(Z73/Z59,0) -> 0 | AB73: =CH48 -> 0 | AC73: =IFERROR(AB73/AB74,0) -> 0 | AD73: =CI48 -> 0 | AE73: =IFERROR(AD73/AD74,0) -> 0 | AF73: =IFERROR(AH73/AD73,"0") -> 0 | AG73: =IFERROR(AF73/AF59,0) -> 0 | AH73: =CJ48 -> 0 | AI73: =IFERROR(AH73/AH74,0) -> 0 | AJ73: =CK48 -> 0 | AK73: =IFERROR(AJ73/AJ74,0) -> 0 | AL73: =IFERROR(AN73/AJ73,"0") -> 0 | AM73: =IFERROR(AL73/AL59,0) -> 0 | AN73: =CL48 -> 0 | AO73: =IFERROR(AN73/AN74,0) -> 0 | AP73: =CM48 -> 0 | AQ73: =IFERROR(AP73/AP74,0) -> 0 | AR73: =IFERROR(AT73/AP73,"0") -> 0 | AS73: =IFERROR(AR73/AR59,0) -> 0 | AT73: =CN48 -> 0 | AU73: =IFERROR(AT73/AT74,0) -> 0 | AV73: =IFERROR(L73-F73,0) -> -26 | AW73: =IFERROR(AV73/F73,0) -> -1 | AX73: =IFERROR(N73-H73,0) -> 0 | AY73: =IFERROR(AX73/H73,0) -> 0 | AZ73: =IFERROR(P73-J73,0) -> 0 | BA73: =IFERROR(AZ73/J73,0) -> 0 | BB73: =IFERROR(L73-R73,0) -> 0 | BC73: =IFERROR(BB73/R73,0) -> 0 | BD73: =IFERROR(N73-T73,0) -> 0 | BE73: =IFERROR(BD73/T73,0) -> 0 | BF73: =IFERROR(P73-V73,0) -> 0 | BG73: =IFERROR(BF73/V73,0) -> 0 | BH73: =IFERROR(L73-X73,0) -> 0 | BI73: =IFERROR(BH73/X73,0) -> 0 | BJ73: =IFERROR(N73-Z73,0) -> 0 | BK73: =IFERROR(BJ73/Z73,0) -> 0 | BL73: =IFERROR(P73-AB73,0) -> 0 | BM73: =IFERROR(BL73/AB73,0) -> 0 | BN73: =IFERROR(L73-AP73,0) -> 0 | BO73: =IFERROR(BN73/AP73,0) -> 0 | BP73: =IFERROR(N73-AR73,0) -> 0 | BQ73: =IFERROR(BP73/AR73,0) -> 0 | BR73: =IFERROR(P73-AT73,0) -> 0 | BS73: =IFERROR(BR73/AT73,0) -> 0 | BZ73: 기 타 | CA73: =ROUND(기존구분!$I$44*(SUM('파나크 영덕:소노문해운대'!L119)/SUM('파나크 영덕:소노문해운대'!$L$120,'파나크 영덕:소노문해운대'!$L$121)),0) -> 51 | CB73: =CA73*기존구분!$I$52 -> 16631.507
D74: Grand Total | F74: =SUM(F62,F66,F72,F73) -> 2203 | G74: =IFERROR(F74/F74,0) -> 1 | H74: =IFERROR(J74/F74,"0") -> 275.78743 | I74: =IFERROR(H74/H59,0) -> 0.98073561 | J74: =SUM(J62,J66,J72,J73) -> 607559.71 | K74: =IFERROR(J74/J74,0) -> 1 | L74: =SUM(L62,L66,L72,L73) -> 0 | M74: =IFERROR(L74/L74,0) -> 0 | N74: =IFERROR(P74/L74,"0") -> 0 | O74: =IFERROR(N74/N59,0) -> 0 | P74: =SUM(P62,P66,P72,P73) -> 0 | Q74: =IFERROR(P74/P74,0) -> 0 | R74: =SUM(R62,R66,R72,R73) -> 0 | S74: =IFERROR(R74/R74,0) -> 0 | T74: =IFERROR(V74/R74,"0") -> 0 | U74: =IFERROR(T74/T59,0) -> 0 | V74: =SUM(V62,V66,V72,V73) -> 0 | W74: =IFERROR(V74/V74,0) -> 0 | X74: =SUM(X62,X66,X72,X73) -> 0 | Y74: =IFERROR(X74/X74,0) -> 0 | Z74: =IFERROR(AB74/X74,"0") -> 0 | AA74: =IFERROR(Z74/Z59,0) -> 0 | AB74: =SUM(AB62,AB66,AB72,AB73) -> 0 | AC74: =IFERROR(AB74/AB74,0) -> 0 | AD74: =SUM(AD62,AD66,AD72,AD73) -> 0 | AE74: =IFERROR(AD74/AD74,0) -> 0 | AF74: =IFERROR(AH74/AD74,"0") -> 0 | AG74: =IFERROR(AF74/AF59,0) -> 0 | AH74: =SUM(AH62,AH66,AH72,AH73) -> 0 | AI74: =IFERROR(AH74/AH74,0) -> 0 | AJ74: =SUM(AJ62,AJ66,AJ72,AJ73) -> 0 | AK74: =IFERROR(AJ74/AJ74,0) -> 0 | AL74: =IFERROR(AN74/AJ74,"0") -> 0 | AM74: =IFERROR(AL74/AL59,0) -> 0 | AN74: =SUM(AN62,AN66,AN72,AN73) -> 0 | AO74: =IFERROR(AN74/AN74,0) -> 0 | AP74: =SUM(AP62,AP66,AP72,AP73) -> 0 | AQ74: =IFERROR(AP74/AP74,0) -> 0 | AR74: =IFERROR(AT74/AP74,"0") -> 0 | AS74: =IFERROR(AR74/AR59,0) -> 0 | AT74: =SUM(AT62,AT66,AT72,AT73) -> 0 | AU74: =IFERROR(AT74/AT74,0) -> 0 | AV74: =IFERROR(L74-F74,0) -> -2203 | AW74: =IFERROR(AV74/F74,0) -> -1 | AX74: =IFERROR(N74-H74,0) -> -275.78743 | AY74: =IFERROR(AX74/H74,0) -> -1 | AZ74: =IFERROR(P74-J74,0) -> -607559.71 | BA74: =IFERROR(AZ74/J74,0) -> -1 | BB74: =IFERROR(L74-R74,0) -> 0 | BC74: =IFERROR(BB74/R74,0) -> 0 | BD74: =IFERROR(N74-T74,0) -> 0 | BE74: =IFERROR(BD74/T74,0) -> 0 | BF74: =IFERROR(P74-V74,0) -> 0 | BG74: =IFERROR(BF74/V74,0) -> 0 | BH74: =IFERROR(L74-X74,0) -> 0 | BI74: =IFERROR(BH74/X74,0) -> 0 | BJ74: =IFERROR(N74-Z74,0) -> 0 | BK74: =IFERROR(BJ74/Z74,0) -> 0 | BL74: =IFERROR(P74-AB74,0) -> 0 | BM74: =IFERROR(BL74/AB74,0) -> 0 | BN74: =IFERROR(L74-AP74,0) -> 0 | BO74: =IFERROR(BN74/AP74,0) -> 0 | BP74: =IFERROR(N74-AR74,0) -> 0 | BQ74: =IFERROR(BP74/AR74,0) -> 0 | BR74: =IFERROR(P74-AT74,0) -> 0 | BS74: =IFERROR(BR74/AT74,0) -> 0 | BY74: COMP | CA74: =ROUND(기존구분!$I$44*(SUM('파나크 영덕:소노문해운대'!L121)/SUM('파나크 영덕:소노문해운대'!$L$120,'파나크 영덕:소노문해운대'!$L$121)),0) -> 39
D75: OCC | F75: =F74/F54 -> 0.66415436 | L75: =L74/L54 -> #DIV/0! | R75: =R74/R54 -> #DIV/0! | X75: =X74/X54 -> #DIV/0! | AD75: =AD74/AD54 -> #DIV/0! | AJ75: =AJ74/AJ54 -> #DIV/0! | AP75: =AP74/AP54 -> #DIV/0! | AV75: =IFERROR(L75-F75,0) -> 0 | BB75: =IFERROR(L75-R75,0) -> 0 | BH75: =IFERROR(L75-X75,0) -> 0 | BN75: =IFERROR(L75-AP75,0) -> 0 | BX75: 6월 | BY75: 회 원 | BZ75: 기 명 | CA75: =기존구분!$J$46 -> 290
BZ76: 무기명 | CA76: =ROUND(기존구분!$J$45*(SUM('파나크 영덕'!L131,소노문해운대!L130:L131)/SUM('파나크 영덕'!L131:L133,소노문해운대!L130:L133)),0) -> 614 | CB76: =CA76*기존구분!$J$53-1000 -> 172835.91
BZ77: 직 원 | CA77: =ROUND(기존구분!$J$45*(SUM('파나크 영덕:소노문해운대'!L132)/SUM('파나크 영덕'!L131:L133,소노문해운대!L130:L133)),0) -> 51 | CB77: =CA77*기존구분!$J$53+1000 -> 15439.139
F78: =CD169 -> 3210 | L78: =CD170 -> 0 | R78: =CD171 -> 0 | X78: =CD172 -> 0 | AD78: =CD173 -> 0 | AJ78: =CD174 -> 0 | AP78: =CD175 -> 0 | BM78: [ 단위 : RN_실, ADR_천원, Revenue_천원 / VAT제외 ] | BS78: [ 단위 : RN_실, ADR_천원, Revenue_천원 / VAT제외 ] | BZ78: 기 타 | CA78: =ROUND(기존구분!$J$45*(SUM('파나크 영덕:소노문해운대'!L133)/SUM('파나크 영덕'!L131:L133,소노문해운대!L130:L133)),0) -> 25 | CB78: =CA78*기존구분!$J$53 -> 7078.0094
C79: Segment | F79: =$F$7 -> 2026 Budget | L79: =$L$7 -> 2026 Actual | R79: =$R$7 -> 2025 Actual | X79: =$X$7 -> 2023 Actual | AD79: =$AD$7 -> 2022 Actual | AJ79: =$AJ$7 -> 2021 Actual | AP79: =$AP$7 -> 2020 Actual | AV79: =$AV$7 -> 2026 Actual vs. 2026 Budget | BB79: =$BB$7 -> 2026 Actual vs. 2025 Actual | BH79: =$BH$7 -> 2026 Actual vs. 2024 Actual | BN79: =$BN$7 -> 2025 Actual vs. 2020 Actual | BY79: 단 체 | BZ79: 일 반
F80: RN | H80: ADR | J80: Revenue | L80: RN | N80: ADR | P80: Revenue | R80: RN | T80: ADR | V80: Revenue | X80: RN | Z80: ADR | AB80: Revenue | AD80: RN | AF80: ADR | AH80: 매 출 | AJ80: RN | AL80: ADR | AN80: 매 출 | AP80: RN | AR80: ADR | AT80: 매 출 | AV80: RN | AX80: ADR | AZ80: Revenue | BB80: RN | BD80: ADR | BF80: Revenue | BH80: RN | BJ80: ADR | BL80: Revenue | BN80: RN | BP80: ADR | BR80: Revenue | BZ80: 학 생
G81: % | I81: 지 수 | K81: % | M81: % | O81: 지 수 | Q81: % | S81: % | U81: 지 수 | W81: % | Y81: % | AA81: 지 수 | AC81: % | AE81: % | AG81: 지 수 | AI81: % | AK81: % | AM81: 지 수 | AO81: % | AQ81: % | AS81: 지 수 | AU81: % | AW81: 증감율 | AY81: 증감율 | BA81: 증감율 | BC81: 증감율 | BE81: 증감율 | BG81: 증감율 | BI81: 증감율 | BK81: 증감율 | BM81: 증감율 | BO81: 증감율 | BQ81: 증감율 | BS81: 증감율 | BZ81: 인바운드
C82: 4월 | D82: Membership | E82: 기 명 | F82: =CA49 -> 284 | G82: =IFERROR(F82/F98,0) -> 0.11672832 | H82: =IFERROR(J82/F82,"0") -> 0 | I82: =IFERROR(H82/H83,0) -> 0 | J82: =CB49 -> 0 | K82: =IFERROR(J82/J98,0) -> 0 | L82: =CC49 -> 0 | M82: =IFERROR(L82/L98,0) -> 0 | N82: =IFERROR(P82/L82,"0") -> 0 | O82: =IFERROR(N82/N83,0) -> 0 | P82: =CD49 -> 0 | Q82: =IFERROR(P82/P98,0) -> 0 | R82: =CE49 -> 0 | S82: =IFERROR(R82/R98,0) -> 0 | T82: =IFERROR(V82/R82,"0") -> 0 | U82: =IFERROR(T82/T83,0) -> 0 | V82: =CF49 -> 0 | W82: =IFERROR(V82/V98,0) -> 0 | X82: =CG49 -> 0 | Y82: =IFERROR(X82/X98,0) -> 0 | Z82: =IFERROR(AB82/X82,"0") -> 0 | AA82: =IFERROR(Z82/Z83,0) -> 0 | AB82: =CH49 -> 0 | AC82: =IFERROR(AB82/AB98,0) -> 0 | AD82: =CI49 -> 0 | AE82: =IFERROR(AD82/AD98,0) -> 0 | AF82: =IFERROR(AH82/AD82,"0") -> 0 | AG82: =IFERROR(AF82/AF83,0) -> 0 | AH82: =CJ49 -> 0 | AI82: =IFERROR(AH82/AH98,0) -> 0 | AJ82: =CK49 -> 0 | AK82: =IFERROR(AJ82/AJ98,0) -> 0 | AL82: =IFERROR(AN82/AJ82,"0") -> 0 | AM82: =IFERROR(AL82/AL83,0) -> 0 | AN82: =CL49 -> 0 | AO82: =IFERROR(AN82/AN98,0) -> 0 | AP82: =CM49 -> 0 | AQ82: =IFERROR(AP82/AP98,0) -> 0 | AR82: =IFERROR(AT82/AP82,"0") -> 0 | AS82: =IFERROR(AR82/AR83,0) -> 0 | AT82: =CN49 -> 0 | AU82: =IFERROR(AT82/AT98,0) -> 0 | AV82: =IFERROR(L82-F82,0) -> -284 | AW82: =IFERROR(AV82/F82,0) -> -1 | AX82: =IFERROR(N82-H82,0) -> 0 | AY82: =IFERROR(AX82/H82,0) -> 0 | AZ82: =IFERROR(P82-J82,0) -> 0 | BA82: =IFERROR(AZ82/J82,0) -> 0 | BB82: =IFERROR(L82-R82,0) -> 0 | BC82: =IFERROR(BB82/R82,0) -> 0 | BD82: =IFERROR(N82-T82,0) -> 0 | BE82: =IFERROR(BD82/T82,0) -> 0 | BF82: =IFERROR(P82-V82,0) -> 0 | BG82: =IFERROR(BF82/V82,0) -> 0 | BH82: =IFERROR(L82-X82,0) -> 0 | BI82: =IFERROR(BH82/X82,0) -> 0 | BJ82: =IFERROR(N82-Z82,0) -> 0 | BK82: =IFERROR(BJ82/Z82,0) -> 0 | BL82: =IFERROR(P82-AB82,0) -> 0 | BM82: =IFERROR(BL82/AB82,0) -> 0 | BN82: =IFERROR(L82-AP82,0) -> 0 | BO82: =IFERROR(BN82/AP82,0) -> 0 | BP82: =IFERROR(N82-AR82,0) -> 0 | BQ82: =IFERROR(BP82/AR82,0) -> 0 | BR82: =IFERROR(P82-AT82,0) -> 0 | BS82: =IFERROR(BR82/AT82,0) -> 0 | BY82: 일 반 | BZ82: 홈페이지 | CA82: =ROUND(기존구분!$J$44*(SUM('파나크 영덕:소노문해운대'!L139)/SUM('파나크 영덕:소노문해운대'!$L$144,'파나크 영덕:소노문해운대'!$L$145)),0) -> 154 | CB82: =CA82*기존구분!$J$52+5000 -> 55220.628
E83: 무기명 | F83: =CA50 -> 579 | G83: =IFERROR(F83/F98,0) -> 0.23797781 | H83: =IFERROR(J83/F83,"0") -> 281.39326 | I83: =IFERROR(H83/H83,0) -> 1 | J83: =CB50 -> 162926.7 | K83: =IFERROR(J83/J98,0) -> 0.2425262 | L83: =CC50 -> 0 | M83: =IFERROR(L83/L98,0) -> 0 | N83: =IFERROR(P83/L83,"0") -> 0 | O83: =IFERROR(N83/N83,0) -> 0 | P83: =CD50 -> 0 | Q83: =IFERROR(P83/P98,0) -> 0 | R83: =CE50 -> 0 | S83: =IFERROR(R83/R98,0) -> 0 | T83: =IFERROR(V83/R83,"0") -> 0 | U83: =IFERROR(T83/T83,0) -> 0 | V83: =CF50 -> 0 | W83: =IFERROR(V83/V98,0) -> 0 | X83: =CG50 -> 0 | Y83: =IFERROR(X83/X98,0) -> 0 | Z83: =IFERROR(AB83/X83,"0") -> 0 | AA83: =IFERROR(Z83/Z83,0) -> 0 | AB83: =CH50 -> 0 | AC83: =IFERROR(AB83/AB98,0) -> 0 | AD83: =CI50 -> 0 | AE83: =IFERROR(AD83/AD98,0) -> 0 | AF83: =IFERROR(AH83/AD83,"0") -> 0 | AG83: =IFERROR(AF83/AF83,0) -> 0 | AH83: =CJ50 -> 0 | AI83: =IFERROR(AH83/AH98,0) -> 0 | AJ83: =CK50 -> 0 | AK83: =IFERROR(AJ83/AJ98,0) -> 0 | AL83: =IFERROR(AN83/AJ83,"0") -> 0 | AM83: =IFERROR(AL83/AL83,0) -> 0 | AN83: =CL50 -> 0 | AO83: =IFERROR(AN83/AN98,0) -> 0 | AP83: =CM50 -> 0 | AQ83: =IFERROR(AP83/AP98,0) -> 0 | AR83: =IFERROR(AT83/AP83,"0") -> 0 | AS83: =IFERROR(AR83/AR83,0) -> 0 | AT83: =CN50 -> 0 | AU83: =IFERROR(AT83/AT98,0) -> 0 | AV83: =IFERROR(L83-F83,0) -> -579 | AW83: =IFERROR(AV83/F83,0) -> -1 | AX83: =IFERROR(N83-H83,0) -> -281.39326 | AY83: =IFERROR(AX83/H83,0) -> -1 | AZ83: =IFERROR(P83-J83,0) -> -162926.7 | BA83: =IFERROR(AZ83/J83,0) -> -1 | BB83: =IFERROR(L83-R83,0) -> 0 | BC83: =IFERROR(BB83/R83,0) -> 0 | BD83: =IFERROR(N83-T83,0) -> 0 | BE83: =IFERROR(BD83/T83,0) -> 0 | BF83: =IFERROR(P83-V83,0) -> 0 | BG83: =IFERROR(BF83/V83,0) -> 0 | BH83: =IFERROR(L83-X83,0) -> 0 | BI83: =IFERROR(BH83/X83,0) -> 0 | BJ83: =IFERROR(N83-Z83,0) -> 0 | BK83: =IFERROR(BJ83/Z83,0) -> 0 | BL83: =IFERROR(P83-AB83,0) -> 0 | BM83: =IFERROR(BL83/AB83,0) -> 0 | BN83: =IFERROR(L83-AP83,0) -> 0 | BO83: =IFERROR(BN83/AP83,0) -> 0 | BP83: =IFERROR(N83-AR83,0) -> 0 | BQ83: =IFERROR(BP83/AR83,0) -> 0 | BR83: =IFERROR(P83-AT83,0) -> 0 | BS83: =IFERROR(BR83/AT83,0) -> 0 | BZ83: OTA | CA83: =ROUND(기존구분!$J$44*(SUM('파나크 영덕:소노문해운대'!L140)/SUM('파나크 영덕:소노문해운대'!$L$144,'파나크 영덕:소노문해운대'!$L$145)),0) -> 925 | CB83: =CA83*기존구분!$J$52+6836 -> 308485.88
E84: Staff | F84: =CA51 -> 54 | G84: =IFERROR(F84/F98,0) -> 0.022194821 | H84: =IFERROR(J84/F84,"0") -> 301.6389 | I84: =IFERROR(H84/H83,0) -> 1.0719478 | J84: =CB51 -> 16288.5 | K84: =IFERROR(J84/J98,0) -> 0.024246414 | L84: =CC51 -> 0 | M84: =IFERROR(L84/L98,0) -> 0 | N84: =IFERROR(P84/L84,"0") -> 0 | O84: =IFERROR(N84/N83,0) -> 0 | P84: =CD51 -> 0 | Q84: =IFERROR(P84/P98,0) -> 0 | R84: =CE51 -> 0 | S84: =IFERROR(R84/R98,0) -> 0 | T84: =IFERROR(V84/R84,"0") -> 0 | U84: =IFERROR(T84/T83,0) -> 0 | V84: =CF51 -> 0 | W84: =IFERROR(V84/V98,0) -> 0 | X84: =CG51 -> 0 | Y84: =IFERROR(X84/X98,0) -> 0 | Z84: =IFERROR(AB84/X84,"0") -> 0 | AA84: =IFERROR(Z84/Z83,0) -> 0 | AB84: =CH51 -> 0 | AC84: =IFERROR(AB84/AB98,0) -> 0 | AD84: =CI51 -> 0 | AE84: =IFERROR(AD84/AD98,0) -> 0 | AF84: =IFERROR(AH84/AD84,"0") -> 0 | AG84: =IFERROR(AF84/AF83,0) -> 0 | AH84: =CJ51 -> 0 | AI84: =IFERROR(AH84/AH98,0) -> 0 | AJ84: =CK51 -> 0 | AK84: =IFERROR(AJ84/AJ98,0) -> 0 | AL84: =IFERROR(AN84/AJ84,"0") -> 0 | AM84: =IFERROR(AL84/AL83,0) -> 0 | AN84: =CL51 -> 0 | AO84: =IFERROR(AN84/AN98,0) -> 0 | AP84: =CM51 -> 0 | AQ84: =IFERROR(AP84/AP98,0) -> 0 | AR84: =IFERROR(AT84/AP84,"0") -> 0 | AS84: =IFERROR(AR84/AR83,0) -> 0 | AT84: =CN51 -> 0 | AU84: =IFERROR(AT84/AT98,0) -> 0 | AV84: =IFERROR(L84-F84,0) -> -54 | AW84: =IFERROR(AV84/F84,0) -> -1 | AX84: =IFERROR(N84-H84,0) -> -301.6389 | AY84: =IFERROR(AX84/H84,0) -> -1 | AZ84: =IFERROR(P84-J84,0) -> -16288.5 | BA84: =IFERROR(AZ84/J84,0) -> -1 | BB84: =IFERROR(L84-R84,0) -> 0 | BC84: =IFERROR(BB84/R84,0) -> 0 | BD84: =IFERROR(N84-T84,0) -> 0 | BE84: =IFERROR(BD84/T84,0) -> 0 | BF84: =IFERROR(P84-V84,0) -> 0 | BG84: =IFERROR(BF84/V84,0) -> 0 | BH84: =IFERROR(L84-X84,0) -> 0 | BI84: =IFERROR(BH84/X84,0) -> 0 | BJ84: =IFERROR(N84-Z84,0) -> 0 | BK84: =IFERROR(BJ84/Z84,0) -> 0 | BL84: =IFERROR(P84-AB84,0) -> 0 | BM84: =IFERROR(BL84/AB84,0) -> 0 | BN84: =IFERROR(L84-AP84,0) -> 0 | BO84: =IFERROR(BN84/AP84,0) -> 0 | BP84: =IFERROR(N84-AR84,0) -> 0 | BQ84: =IFERROR(BP84/AR84,0) -> 0 | BR84: =IFERROR(P84-AT84,0) -> 0 | BS84: =IFERROR(BR84/AT84,0) -> 0 | BZ84: G-OTA | CA84: =ROUND(기존구분!$J$44*(SUM('파나크 영덕:소노문해운대'!L141)/SUM('파나크 영덕:소노문해운대'!$L$144,'파나크 영덕:소노문해운대'!$L$145)),0) -> 646 | CB84: =CA84*기존구분!$J$52+6000 -> 216665.75
E85: Other | F85: =CA52 -> 42 | G85: =IFERROR(F85/F98,0) -> 0.017262639 | H85: =IFERROR(J85/F85,"0") -> 283.12038 | I85: =IFERROR(H85/H83,0) -> 1.0061377 | J85: =CB52 -> 11891.056 | K85: =IFERROR(J85/J98,0) -> 0.017700553 | L85: =CC52 -> 0 | M85: =IFERROR(L85/L98,0) -> 0 | N85: =IFERROR(P85/L85,"0") -> 0 | O85: =IFERROR(N85/N83,0) -> 0 | P85: =CD52 -> 0 | Q85: =IFERROR(P85/P98,0) -> 0 | R85: =CE52 -> 0 | S85: =IFERROR(R85/R98,0) -> 0 | T85: =IFERROR(V85/R85,"0") -> 0 | U85: =IFERROR(T85/T83,0) -> 0 | V85: =CF52 -> 0 | W85: =IFERROR(V85/V98,0) -> 0 | X85: =CG52 -> 0 | Y85: =IFERROR(X85/X98,0) -> 0 | Z85: =IFERROR(AB85/X85,"0") -> 0 | AA85: =IFERROR(Z85/Z83,0) -> 0 | AB85: =CH52 -> 0 | AC85: =IFERROR(AB85/AB98,0) -> 0 | AD85: =CI52 -> 0 | AE85: =IFERROR(AD85/AD98,0) -> 0 | AF85: =IFERROR(AH85/AD85,"0") -> 0 | AG85: =IFERROR(AF85/AF83,0) -> 0 | AH85: =CJ52 -> 0 | AI85: =IFERROR(AH85/AH98,0) -> 0 | AJ85: =CK52 -> 0 | AK85: =IFERROR(AJ85/AJ98,0) -> 0 | AL85: =IFERROR(AN85/AJ85,"0") -> 0 | AM85: =IFERROR(AL85/AL83,0) -> 0 | AN85: =CL52 -> 0 | AO85: =IFERROR(AN85/AN98,0) -> 0 | AP85: =CM52 -> 0 | AQ85: =IFERROR(AP85/AP98,0) -> 0 | AR85: =IFERROR(AT85/AP85,"0") -> 0 | AS85: =IFERROR(AR85/AR83,0) -> 0 | AT85: =CN52 -> 0 | AU85: =IFERROR(AT85/AT98,0) -> 0 | AV85: =IFERROR(L85-F85,0) -> -42 | AW85: =IFERROR(AV85/F85,0) -> -1 | AX85: =IFERROR(N85-H85,0) -> -283.12038 | AY85: =IFERROR(AX85/H85,0) -> -1 | AZ85: =IFERROR(P85-J85,0) -> -11891.056 | BA85: =IFERROR(AZ85/J85,0) -> -1 | BB85: =IFERROR(L85-R85,0) -> 0 | BC85: =IFERROR(BB85/R85,0) -> 0 | BD85: =IFERROR(N85-T85,0) -> 0 | BE85: =IFERROR(BD85/T85,0) -> 0 | BF85: =IFERROR(P85-V85,0) -> 0 | BG85: =IFERROR(BF85/V85,0) -> 0 | BH85: =IFERROR(L85-X85,0) -> 0 | BI85: =IFERROR(BH85/X85,0) -> 0 | BJ85: =IFERROR(N85-Z85,0) -> 0 | BK85: =IFERROR(BJ85/Z85,0) -> 0 | BL85: =IFERROR(P85-AB85,0) -> 0 | BM85: =IFERROR(BL85/AB85,0) -> 0 | BN85: =IFERROR(L85-AP85,0) -> 0 | BO85: =IFERROR(BN85/AP85,0) -> 0 | BP85: =IFERROR(N85-AR85,0) -> 0 | BQ85: =IFERROR(BP85/AR85,0) -> 0 | BR85: =IFERROR(P85-AT85,0) -> 0 | BS85: =IFERROR(BR85/AT85,0) -> 0 | BZ85: 제휴사 | CA85: =ROUND(기존구분!$J$44*(SUM('파나크 영덕:소노문해운대'!L142)/SUM('파나크 영덕:소노문해운대'!$L$144,'파나크 영덕:소노문해운대'!$L$145)),0) -> 2 | CB85: =CA85*기존구분!$J$52+100 -> 752.21595
E86: Total | F86: =SUM(F82:F85) -> 959 | G86: =IFERROR(F86/F98,0) -> 0.39416358 | H86: =IFERROR(J86/F86,"0") -> 199.2766 | I86: =IFERROR(H86/H83,0) -> 0.70817828 | J86: =SUM(J82:J85) -> 191106.26 | K86: =IFERROR(J86/J98,0) -> 0.28447317 | L86: =SUM(L82:L85) -> 0 | M86: =IFERROR(L86/L98,0) -> 0 | N86: =IFERROR(P86/L86,"0") -> 0 | O86: =IFERROR(N86/N83,0) -> 0 | P86: =SUM(P82:P85) -> 0 | Q86: =IFERROR(P86/P98,0) -> 0 | R86: =SUM(R82:R85) -> 0 | S86: =IFERROR(R86/R98,0) -> 0 | T86: =IFERROR(V86/R86,"0") -> 0 | U86: =IFERROR(T86/T83,0) -> 0 | V86: =SUM(V82:V85) -> 0 | W86: =IFERROR(V86/V98,0) -> 0 | X86: =SUM(X82:X85) -> 0 | Y86: =IFERROR(X86/X98,0) -> 0 | Z86: =IFERROR(AB86/X86,"0") -> 0 | AA86: =IFERROR(Z86/Z83,0) -> 0 | AB86: =SUM(AB82:AB85) -> 0 | AC86: =IFERROR(AB86/AB98,0) -> 0 | AD86: =SUM(AD82:AD85) -> 0 | AE86: =IFERROR(AD86/AD98,0) -> 0 | AF86: =IFERROR(AH86/AD86,"0") -> 0 | AG86: =IFERROR(AF86/AF83,0) -> 0 | AH86: =SUM(AH82:AH85) -> 0 | AI86: =IFERROR(AH86/AH98,0) -> 0 | AJ86: =SUM(AJ82:AJ85) -> 0 | AK86: =IFERROR(AJ86/AJ98,0) -> 0 | AL86: =IFERROR(AN86/AJ86,"0") -> 0 | AM86: =IFERROR(AL86/AL83,0) -> 0 | AN86: =SUM(AN82:AN85) -> 0 | AO86: =IFERROR(AN86/AN98,0) -> 0 | AP86: =SUM(AP82:AP85) -> 0 | AQ86: =IFERROR(AP86/AP98,0) -> 0 | AR86: =IFERROR(AT86/AP86,"0") -> 0 | AS86: =IFERROR(AR86/AR83,0) -> 0 | AT86: =SUM(AT82:AT85) -> 0 | AU86: =IFERROR(AT86/AT98,0) -> 0 | AV86: =IFERROR(L86-F86,0) -> -959 | AW86: =IFERROR(AV86/F86,0) -> -1 | AX86: =IFERROR(N86-H86,0) -> -199.2766 | AY86: =IFERROR(AX86/H86,0) -> -1 | AZ86: =IFERROR(P86-J86,0) -> -191106.26 | BA86: =IFERROR(AZ86/J86,0) -> -1 | BB86: =IFERROR(L86-R86,0) -> 0 | BC86: =IFERROR(BB86/R86,0) -> 0 | BD86: =IFERROR(N86-T86,0) -> 0 | BE86: =IFERROR(BD86/T86,0) -> 0 | BF86: =IFERROR(P86-V86,0) -> 0 | BG86: =IFERROR(BF86/V86,0) -> 0 | BH86: =IFERROR(L86-X86,0) -> 0 | BI86: =IFERROR(BH86/X86,0) -> 0 | BJ86: =IFERROR(N86-Z86,0) -> 0 | BK86: =IFERROR(BJ86/Z86,0) -> 0 | BL86: =IFERROR(P86-AB86,0) -> 0 | BM86: =IFERROR(BL86/AB86,0) -> 0 | BN86: =IFERROR(L86-AP86,0) -> 0 | BO86: =IFERROR(BN86/AP86,0) -> 0 | BP86: =IFERROR(N86-AR86,0) -> 0 | BQ86: =IFERROR(BP86/AR86,0) -> 0 | BR86: =IFERROR(P86-AT86,0) -> 0 | BS86: =IFERROR(BR86/AT86,0) -> 0 | BZ86: 기 타 | CA86: =ROUND(기존구분!$J$44*(SUM('파나크 영덕:소노문해운대'!L143)/SUM('파나크 영덕:소노문해운대'!$L$144,'파나크 영덕:소노문해운대'!$L$145)),0) -> 52 | CB86: =CA86*기존구분!$J$52 -> 16957.615
D87: Group | E87: G-Mice | F87: =CA53 -> 0 | G87: =IFERROR(F87/F98,0) -> 0 | H87: =IFERROR(J87/F87,"0") -> 0 | I87: =IFERROR(H87/H83,0) -> 0 | J87: =CB53 -> 0 | K87: =IFERROR(J87/J98,0) -> 0 | L87: =CC53 -> 0 | M87: =IFERROR(L87/L98,0) -> 0 | N87: =IFERROR(P87/L87,"0") -> 0 | O87: =IFERROR(N87/N83,0) -> 0 | P87: =CD53 -> 0 | Q87: =IFERROR(P87/P98,0) -> 0 | R87: =CE53 -> 0 | S87: =IFERROR(R87/R98,0) -> 0 | T87: =IFERROR(V87/R87,"0") -> 0 | U87: =IFERROR(T87/T83,0) -> 0 | V87: =CF53 -> 0 | W87: =IFERROR(V87/V98,0) -> 0 | X87: =CG53 -> 0 | Y87: =IFERROR(X87/X98,0) -> 0 | Z87: =IFERROR(AB87/X87,"0") -> 0 | AA87: =IFERROR(Z87/Z83,0) -> 0 | AB87: =CH53 -> 0 | AC87: =IFERROR(AB87/AB98,0) -> 0 | AD87: =CI53 -> 0 | AE87: =IFERROR(AD87/AD98,0) -> 0 | AF87: =IFERROR(AH87/AD87,"0") -> 0 | AG87: =IFERROR(AF87/AF83,0) -> 0 | AH87: =CJ53 -> 0 | AI87: =IFERROR(AH87/AH98,0) -> 0 | AJ87: =CK53 -> 0 | AK87: =IFERROR(AJ87/AJ98,0) -> 0 | AL87: =IFERROR(AN87/AJ87,"0") -> 0 | AM87: =IFERROR(AL87/AL83,0) -> 0 | AN87: =CL53 -> 0 | AO87: =IFERROR(AN87/AN98,0) -> 0 | AP87: =CM53 -> 0 | AQ87: =IFERROR(AP87/AP98,0) -> 0 | AR87: =IFERROR(AT87/AP87,"0") -> 0 | AS87: =IFERROR(AR87/AR83,0) -> 0 | AT87: =CN53 -> 0 | AU87: =IFERROR(AT87/AT98,0) -> 0 | AV87: =IFERROR(L87-F87,0) -> 0 | AW87: =IFERROR(AV87/F87,0) -> 0 | AX87: =IFERROR(N87-H87,0) -> 0 | AY87: =IFERROR(AX87/H87,0) -> 0 | AZ87: =IFERROR(P87-J87,0) -> 0 | BA87: =IFERROR(AZ87/J87,0) -> 0 | BB87: =IFERROR(L87-R87,0) -> 0 | BC87: =IFERROR(BB87/R87,0) -> 0 | BD87: =IFERROR(N87-T87,0) -> 0 | BE87: =IFERROR(BD87/T87,0) -> 0 | BF87: =IFERROR(P87-V87,0) -> 0 | BG87: =IFERROR(BF87/V87,0) -> 0 | BH87: =IFERROR(L87-X87,0) -> 0 | BI87: =IFERROR(BH87/X87,0) -> 0 | BJ87: =IFERROR(N87-Z87,0) -> 0 | BK87: =IFERROR(BJ87/Z87,0) -> 0 | BL87: =IFERROR(P87-AB87,0) -> 0 | BM87: =IFERROR(BL87/AB87,0) -> 0 | BN87: =IFERROR(L87-AP87,0) -> 0 | BO87: =IFERROR(BN87/AP87,0) -> 0 | BP87: =IFERROR(N87-AR87,0) -> 0 | BQ87: =IFERROR(BP87/AR87,0) -> 0 | BR87: =IFERROR(P87-AT87,0) -> 0 | BS87: =IFERROR(BR87/AT87,0) -> 0 | BY87: COMP | CA87: =ROUND(기존구분!$J$44*(SUM('파나크 영덕:소노문해운대'!L145)/SUM('파나크 영덕:소노문해운대'!$L$144,'파나크 영덕:소노문해운대'!$L$145)),0)+1 -> 55
E88: E-Mice | F88: =CA54 -> 0 | G88: =IFERROR(F88/F98,0) -> 0 | H88: =IFERROR(J88/F88,"0") -> 0 | I88: =IFERROR(H88/H83,0) -> 0 | J88: =CB54 -> 0 | K88: =IFERROR(J88/J98,0) -> 0 | L88: =CC54 -> 0 | M88: =IFERROR(L88/L98,0) -> 0 | N88: =IFERROR(P88/L88,"0") -> 0 | O88: =IFERROR(N88/N83,0) -> 0 | P88: =CD54 -> 0 | Q88: =IFERROR(P88/P98,0) -> 0 | R88: =CE54 -> 0 | S88: =IFERROR(R88/R98,0) -> 0 | T88: =IFERROR(V88/R88,"0") -> 0 | U88: =IFERROR(T88/T83,0) -> 0 | V88: =CF54 -> 0 | W88: =IFERROR(V88/V98,0) -> 0 | X88: =CG54 -> 0 | Y88: =IFERROR(X88/X98,0) -> 0 | Z88: =IFERROR(AB88/X88,"0") -> 0 | AA88: =IFERROR(Z88/Z83,0) -> 0 | AB88: =CH54 -> 0 | AC88: =IFERROR(AB88/AB98,0) -> 0 | AD88: =CI54 -> 0 | AE88: =IFERROR(AD88/AD98,0) -> 0 | AF88: =IFERROR(AH88/AD88,"0") -> 0 | AG88: =IFERROR(AF88/AF83,0) -> 0 | AH88: =CJ54 -> 0 | AI88: =IFERROR(AH88/AH98,0) -> 0 | AJ88: =CK54 -> 0 | AK88: =IFERROR(AJ88/AJ98,0) -> 0 | AL88: =IFERROR(AN88/AJ88,"0") -> 0 | AM88: =IFERROR(AL88/AL83,0) -> 0 | AN88: =CL54 -> 0 | AO88: =IFERROR(AN88/AN98,0) -> 0 | AP88: =CM54 -> 0 | AQ88: =IFERROR(AP88/AP98,0) -> 0 | AR88: =IFERROR(AT88/AP88,"0") -> 0 | AS88: =IFERROR(AR88/AR83,0) -> 0 | AT88: =CN54 -> 0 | AU88: =IFERROR(AT88/AT98,0) -> 0 | AV88: =IFERROR(L88-F88,0) -> 0 | AW88: =IFERROR(AV88/F88,0) -> 0 | AX88: =IFERROR(N88-H88,0) -> 0 | AY88: =IFERROR(AX88/H88,0) -> 0 | AZ88: =IFERROR(P88-J88,0) -> 0 | BA88: =IFERROR(AZ88/J88,0) -> 0 | BB88: =IFERROR(L88-R88,0) -> 0 | BC88: =IFERROR(BB88/R88,0) -> 0 | BD88: =IFERROR(N88-T88,0) -> 0 | BE88: =IFERROR(BD88/T88,0) -> 0 | BF88: =IFERROR(P88-V88,0) -> 0 | BG88: =IFERROR(BF88/V88,0) -> 0 | BH88: =IFERROR(L88-X88,0) -> 0 | BI88: =IFERROR(BH88/X88,0) -> 0 | BJ88: =IFERROR(N88-Z88,0) -> 0 | BK88: =IFERROR(BJ88/Z88,0) -> 0 | BL88: =IFERROR(P88-AB88,0) -> 0 | BM88: =IFERROR(BL88/AB88,0) -> 0 | BN88: =IFERROR(L88-AP88,0) -> 0 | BO88: =IFERROR(BN88/AP88,0) -> 0 | BP88: =IFERROR(N88-AR88,0) -> 0 | BQ88: =IFERROR(BP88/AR88,0) -> 0 | BR88: =IFERROR(P88-AT88,0) -> 0 | BS88: =IFERROR(BR88/AT88,0) -> 0 | BX88: 7월 | BY88: 회 원 | BZ88: 기 명 | CA88: =기존구분!$K$46 -> 379
E89: Inbound | F89: =CA55 -> 0 | G89: =IFERROR(F89/F98,0) -> 0 | H89: =IFERROR(J89/F89,"0") -> 0 | I89: =IFERROR(H89/H83,0) -> 0 | J89: =CB55 -> 0 | K89: =IFERROR(J89/J98,0) -> 0 | L89: =CC55 -> 0 | M89: =IFERROR(L89/L98,0) -> 0 | N89: =IFERROR(P89/L89,"0") -> 0 | O89: =IFERROR(N89/N83,0) -> 0 | P89: =CD55 -> 0 | Q89: =IFERROR(P89/P98,0) -> 0 | R89: =CE55 -> 0 | S89: =IFERROR(R89/R98,0) -> 0 | T89: =IFERROR(V89/R89,"0") -> 0 | U89: =IFERROR(T89/T83,0) -> 0 | V89: =CF55 -> 0 | W89: =IFERROR(V89/V98,0) -> 0 | X89: =CG55 -> 0 | Y89: =IFERROR(X89/X98,0) -> 0 | Z89: =IFERROR(AB89/X89,"0") -> 0 | AA89: =IFERROR(Z89/Z83,0) -> 0 | AB89: =CH55 -> 0 | AC89: =IFERROR(AB89/AB98,0) -> 0 | AD89: =CI55 -> 0 | AE89: =IFERROR(AD89/AD98,0) -> 0 | AF89: =IFERROR(AH89/AD89,"0") -> 0 | AG89: =IFERROR(AF89/AF83,0) -> 0 | AH89: =CJ55 -> 0 | AI89: =IFERROR(AH89/AH98,0) -> 0 | AJ89: =CK55 -> 0 | AK89: =IFERROR(AJ89/AJ98,0) -> 0 | AL89: =IFERROR(AN89/AJ89,"0") -> 0 | AM89: =IFERROR(AL89/AL83,0) -> 0 | AN89: =CL55 -> 0 | AO89: =IFERROR(AN89/AN98,0) -> 0 | AP89: =CM55 -> 0 | AQ89: =IFERROR(AP89/AP98,0) -> 0 | AR89: =IFERROR(AT89/AP89,"0") -> 0 | AS89: =IFERROR(AR89/AR83,0) -> 0 | AT89: =CN55 -> 0 | AU89: =IFERROR(AT89/AT98,0) -> 0 | AV89: =IFERROR(L89-F89,0) -> 0 | AW89: =IFERROR(AV89/F89,0) -> 0 | AX89: =IFERROR(N89-H89,0) -> 0 | AY89: =IFERROR(AX89/H89,0) -> 0 | AZ89: =IFERROR(P89-J89,0) -> 0 | BA89: =IFERROR(AZ89/J89,0) -> 0 | BB89: =IFERROR(L89-R89,0) -> 0 | BC89: =IFERROR(BB89/R89,0) -> 0 | BD89: =IFERROR(N89-T89,0) -> 0 | BE89: =IFERROR(BD89/T89,0) -> 0 | BF89: =IFERROR(P89-V89,0) -> 0 | BG89: =IFERROR(BF89/V89,0) -> 0 | BH89: =IFERROR(L89-X89,0) -> 0 | BI89: =IFERROR(BH89/X89,0) -> 0 | BJ89: =IFERROR(N89-Z89,0) -> 0 | BK89: =IFERROR(BJ89/Z89,0) -> 0 | BL89: =IFERROR(P89-AB89,0) -> 0 | BM89: =IFERROR(BL89/AB89,0) -> 0 | BN89: =IFERROR(L89-AP89,0) -> 0 | BO89: =IFERROR(BN89/AP89,0) -> 0 | BP89: =IFERROR(N89-AR89,0) -> 0 | BQ89: =IFERROR(BP89/AR89,0) -> 0 | BR89: =IFERROR(P89-AT89,0) -> 0 | BS89: =IFERROR(BR89/AT89,0) -> 0 | BZ89: 무기명 | CA89: =ROUND(기존구분!$K$45*(SUM('파나크 영덕'!L155,소노문해운대!L154:L155)/SUM('파나크 영덕'!L155:L157,소노문해운대!L154:L157)),0) -> 1403 | CB89: =CA89*기존구분!$K$53-1000 -> 416078.78
E90: Total | F90: =SUM(F87:F89) -> 0 | G90: =IFERROR(F90/F98,0) -> 0 | H90: =IFERROR(J90/F90,"0") -> 0 | I90: =IFERROR(H90/H83,0) -> 0 | J90: =SUM(J87:J89) -> 0 | K90: =IFERROR(J90/J98,0) -> 0 | L90: =SUM(L87:L89) -> 0 | M90: =IFERROR(L90/L98,0) -> 0 | N90: =IFERROR(P90/L90,"0") -> 0 | O90: =IFERROR(N90/N83,0) -> 0 | P90: =SUM(P87:P89) -> 0 | Q90: =IFERROR(P90/P98,0) -> 0 | R90: =SUM(R87:R89) -> 0 | S90: =IFERROR(R90/R98,0) -> 0 | T90: =IFERROR(V90/R90,"0") -> 0 | U90: =IFERROR(T90/T83,0) -> 0 | V90: =SUM(V87:V89) -> 0 | W90: =IFERROR(V90/V98,0) -> 0 | X90: =SUM(X87:X89) -> 0 | Y90: =IFERROR(X90/X98,0) -> 0 | Z90: =IFERROR(AB90/X90,"0") -> 0 | AA90: =IFERROR(Z90/Z83,0) -> 0 | AB90: =SUM(AB87:AB89) -> 0 | AC90: =IFERROR(AB90/AB98,0) -> 0 | AD90: =SUM(AD87:AD89) -> 0 | AE90: =IFERROR(AD90/AD98,0) -> 0 | AF90: =IFERROR(AH90/AD90,"0") -> 0 | AG90: =IFERROR(AF90/AF83,0) -> 0 | AH90: =SUM(AH87:AH89) -> 0 | AI90: =IFERROR(AH90/AH98,0) -> 0 | AJ90: =SUM(AJ87:AJ89) -> 0 | AK90: =IFERROR(AJ90/AJ98,0) -> 0 | AL90: =IFERROR(AN90/AJ90,"0") -> 0 | AM90: =IFERROR(AL90/AL83,0) -> 0 | AN90: =SUM(AN87:AN89) -> 0 | AO90: =IFERROR(AN90/AN98,0) -> 0 | AP90: =SUM(AP87:AP89) -> 0 | AQ90: =IFERROR(AP90/AP98,0) -> 0 | AR90: =IFERROR(AT90/AP90,"0") -> 0 | AS90: =IFERROR(AR90/AR83,0) -> 0 | AT90: =SUM(AT87:AT89) -> 0 | AU90: =IFERROR(AT90/AT98,0) -> 0 | AV90: =IFERROR(L90-F90,0) -> 0 | AW90: =IFERROR(AV90/F90,0) -> 0 | AX90: =IFERROR(N90-H90,0) -> 0 | AY90: =IFERROR(AX90/H90,0) -> 0 | AZ90: =IFERROR(P90-J90,0) -> 0 | BA90: =IFERROR(AZ90/J90,0) -> 0 | BB90: =IFERROR(L90-R90,0) -> 0 | BC90: =IFERROR(BB90/R90,0) -> 0 | BD90: =IFERROR(N90-T90,0) -> 0 | BE90: =IFERROR(BD90/T90,0) -> 0 | BF90: =IFERROR(P90-V90,0) -> 0 | BG90: =IFERROR(BF90/V90,0) -> 0 | BH90: =IFERROR(L90-X90,0) -> 0 | BI90: =IFERROR(BH90/X90,0) -> 0 | BJ90: =IFERROR(N90-Z90,0) -> 0 | BK90: =IFERROR(BJ90/Z90,0) -> 0 | BL90: =IFERROR(P90-AB90,0) -> 0 | BM90: =IFERROR(BL90/AB90,0) -> 0 | BN90: =IFERROR(L90-AP90,0) -> 0 | BO90: =IFERROR(BN90/AP90,0) -> 0 | BP90: =IFERROR(N90-AR90,0) -> 0 | BQ90: =IFERROR(BP90/AR90,0) -> 0 | BR90: =IFERROR(P90-AT90,0) -> 0 | BS90: =IFERROR(BR90/AT90,0) -> 0 | BZ90: 직 원 | CA90: =ROUND(기존구분!$K$45*(SUM('파나크 영덕:소노문해운대'!L156)/SUM('파나크 영덕'!L155:L157,소노문해운대!L154:L157)),0) -> 79 | CB90: =CA90*기존구분!$K$53+1000 -> 24484.835
D91: FIT | E91: Homepage | F91: =CA56 -> 122 | G91: =IFERROR(F91/F98,0) -> 0.050143855 | H91: =IFERROR(J91/F91,"0") -> 358.89486 | I91: =IFERROR(H91/H83,0) -> 1.2754209 | J91: =CB56 -> 43785.173 | K91: =IFERROR(J91/J98,0) -> 0.065176866 | L91: =CC56 -> 0 | M91: =IFERROR(L91/L98,0) -> 0 | N91: =IFERROR(P91/L91,"0") -> 0 | O91: =IFERROR(N91/N83,0) -> 0 | P91: =CD56 -> 0 | Q91: =IFERROR(P91/P98,0) -> 0 | R91: =CE56 -> 0 | S91: =IFERROR(R91/R98,0) -> 0 | T91: =IFERROR(V91/R91,"0") -> 0 | U91: =IFERROR(T91/T83,0) -> 0 | V91: =CF56 -> 0 | W91: =IFERROR(V91/V98,0) -> 0 | X91: =CG56 -> 0 | Y91: =IFERROR(X91/X98,0) -> 0 | Z91: =IFERROR(AB91/X91,"0") -> 0 | AA91: =IFERROR(Z91/Z83,0) -> 0 | AB91: =CH56 -> 0 | AC91: =IFERROR(AB91/AB98,0) -> 0 | AD91: =CI56 -> 0 | AE91: =IFERROR(AD91/AD98,0) -> 0 | AF91: =IFERROR(AH91/AD91,"0") -> 0 | AG91: =IFERROR(AF91/AF83,0) -> 0 | AH91: =CJ56 -> 0 | AI91: =IFERROR(AH91/AH98,0) -> 0 | AJ91: =CK56 -> 0 | AK91: =IFERROR(AJ91/AJ98,0) -> 0 | AL91: =IFERROR(AN91/AJ91,"0") -> 0 | AM91: =IFERROR(AL91/AL83,0) -> 0 | AN91: =CL56 -> 0 | AO91: =IFERROR(AN91/AN98,0) -> 0 | AP91: =CM56 -> 0 | AQ91: =IFERROR(AP91/AP98,0) -> 0 | AR91: =IFERROR(AT91/AP91,"0") -> 0 | AS91: =IFERROR(AR91/AR83,0) -> 0 | AT91: =CN56 -> 0 | AU91: =IFERROR(AT91/AT98,0) -> 0 | AV91: =IFERROR(L91-F91,0) -> -122 | AW91: =IFERROR(AV91/F91,0) -> -1 | AX91: =IFERROR(N91-H91,0) -> -358.89486 | AY91: =IFERROR(AX91/H91,0) -> -1 | AZ91: =IFERROR(P91-J91,0) -> -43785.173 | BA91: =IFERROR(AZ91/J91,0) -> -1 | BB91: =IFERROR(L91-R91,0) -> 0 | BC91: =IFERROR(BB91/R91,0) -> 0 | BD91: =IFERROR(N91-T91,0) -> 0 | BE91: =IFERROR(BD91/T91,0) -> 0 | BF91: =IFERROR(P91-V91,0) -> 0 | BG91: =IFERROR(BF91/V91,0) -> 0 | BH91: =IFERROR(L91-X91,0) -> 0 | BI91: =IFERROR(BH91/X91,0) -> 0 | BJ91: =IFERROR(N91-Z91,0) -> 0 | BK91: =IFERROR(BJ91/Z91,0) -> 0 | BL91: =IFERROR(P91-AB91,0) -> 0 | BM91: =IFERROR(BL91/AB91,0) -> 0 | BN91: =IFERROR(L91-AP91,0) -> 0 | BO91: =IFERROR(BN91/AP91,0) -> 0 | BP91: =IFERROR(N91-AR91,0) -> 0 | BQ91: =IFERROR(BP91/AR91,0) -> 0 | BR91: =IFERROR(P91-AT91,0) -> 0 | BS91: =IFERROR(BR91/AT91,0) -> 0 | BZ91: 기 타 | CA91: =ROUND(기존구분!$K$45*(SUM('파나크 영덕:소노문해운대'!L157)/SUM('파나크 영덕'!L155:L157,소노문해운대!L154:L157)),0) -> 48 | CB91: =CA91*기존구분!$K$53 -> 14269.267
E92: OTA | F92: =CA57 -> 608 | G92: =IFERROR(F92/F98,0) -> 0.24989725 | H92: =IFERROR(J92/F92,"0") -> 333.50929 | I92: =IFERROR(H92/H83,0) -> 1.1852071 | J92: =CB57 -> 202773.65 | K92: =IFERROR(J92/J98,0) -> 0.30184079 | L92: =CC57 -> 0 | M92: =IFERROR(L92/L98,0) -> 0 | N92: =IFERROR(P92/L92,"0") -> 0 | O92: =IFERROR(N92/N83,0) -> 0 | P92: =CD57 -> 0 | Q92: =IFERROR(P92/P98,0) -> 0 | R92: =CE57 -> 0 | S92: =IFERROR(R92/R98,0) -> 0 | T92: =IFERROR(V92/R92,"0") -> 0 | U92: =IFERROR(T92/T83,0) -> 0 | V92: =CF57 -> 0 | W92: =IFERROR(V92/V98,0) -> 0 | X92: =CG57 -> 0 | Y92: =IFERROR(X92/X98,0) -> 0 | Z92: =IFERROR(AB92/X92,"0") -> 0 | AA92: =IFERROR(Z92/Z83,0) -> 0 | AB92: =CH57 -> 0 | AC92: =IFERROR(AB92/AB98,0) -> 0 | AD92: =CI57 -> 0 | AE92: =IFERROR(AD92/AD98,0) -> 0 | AF92: =IFERROR(AH92/AD92,"0") -> 0 | AG92: =IFERROR(AF92/AF83,0) -> 0 | AH92: =CJ57 -> 0 | AI92: =IFERROR(AH92/AH98,0) -> 0 | AJ92: =CK57 -> 0 | AK92: =IFERROR(AJ92/AJ98,0) -> 0 | AL92: =IFERROR(AN92/AJ92,"0") -> 0 | AM92: =IFERROR(AL92/AL83,0) -> 0 | AN92: =CL57 -> 0 | AO92: =IFERROR(AN92/AN98,0) -> 0 | AP92: =CM57 -> 0 | AQ92: =IFERROR(AP92/AP98,0) -> 0 | AR92: =IFERROR(AT92/AP92,"0") -> 0 | AS92: =IFERROR(AR92/AR83,0) -> 0 | AT92: =CN57 -> 0 | AU92: =IFERROR(AT92/AT98,0) -> 0 | AV92: =IFERROR(L92-F92,0) -> -608 | AW92: =IFERROR(AV92/F92,0) -> -1 | AX92: =IFERROR(N92-H92,0) -> -333.50929 | AY92: =IFERROR(AX92/H92,0) -> -1 | AZ92: =IFERROR(P92-J92,0) -> -202773.65 | BA92: =IFERROR(AZ92/J92,0) -> -1 | BB92: =IFERROR(L92-R92,0) -> 0 | BC92: =IFERROR(BB92/R92,0) -> 0 | BD92: =IFERROR(N92-T92,0) -> 0 | BE92: =IFERROR(BD92/T92,0) -> 0 | BF92: =IFERROR(P92-V92,0) -> 0 | BG92: =IFERROR(BF92/V92,0) -> 0 | BH92: =IFERROR(L92-X92,0) -> 0 | BI92: =IFERROR(BH92/X92,0) -> 0 | BJ92: =IFERROR(N92-Z92,0) -> 0 | BK92: =IFERROR(BJ92/Z92,0) -> 0 | BL92: =IFERROR(P92-AB92,0) -> 0 | BM92: =IFERROR(BL92/AB92,0) -> 0 | BN92: =IFERROR(L92-AP92,0) -> 0 | BO92: =IFERROR(BN92/AP92,0) -> 0 | BP92: =IFERROR(N92-AR92,0) -> 0 | BQ92: =IFERROR(BP92/AR92,0) -> 0 | BR92: =IFERROR(P92-AT92,0) -> 0 | BS92: =IFERROR(BR92/AT92,0) -> 0 | BY92: 단 체 | BZ92: 일 반 | CA92: =ROUND(기존구분!$K$44*(SUM('파나크 영덕:소노문해운대'!L159)/SUM('파나크 영덕:소노문해운대'!$L$162,'파나크 영덕:소노문해운대'!$L$168,'파나크 영덕:소노문해운대'!$L$169)),0) -> 409 | CB92: =CA92*기존구분!$K$52-30000 -> 110047.07
E93: G-OTA | F93: =CA58 -> 637 | G93: =IFERROR(F93/F98,0) -> 0.26181669 | H93: =IFERROR(J93/F93,"0") -> 333.17234 | I93: =IFERROR(H93/H83,0) -> 1.1840097 | J93: =CB58 -> 212230.78 | K93: =IFERROR(J93/J98,0) -> 0.31591829 | L93: =CC58 -> 0 | M93: =IFERROR(L93/L98,0) -> 0 | N93: =IFERROR(P93/L93,"0") -> 0 | O93: =IFERROR(N93/N83,0) -> 0 | P93: =CD58 -> 0 | Q93: =IFERROR(P93/P98,0) -> 0 | R93: =CE58 -> 0 | S93: =IFERROR(R93/R98,0) -> 0 | T93: =IFERROR(V93/R93,"0") -> 0 | U93: =IFERROR(T93/T83,0) -> 0 | V93: =CF58 -> 0 | W93: =IFERROR(V93/V98,0) -> 0 | X93: =CG58 -> 0 | Y93: =IFERROR(X93/X98,0) -> 0 | Z93: =IFERROR(AB93/X93,"0") -> 0 | AA93: =IFERROR(Z93/Z83,0) -> 0 | AB93: =CH58 -> 0 | AC93: =IFERROR(AB93/AB98,0) -> 0 | AD93: =CI58 -> 0 | AE93: =IFERROR(AD93/AD98,0) -> 0 | AF93: =IFERROR(AH93/AD93,"0") -> 0 | AG93: =IFERROR(AF93/AF83,0) -> 0 | AH93: =CJ58 -> 0 | AI93: =IFERROR(AH93/AH98,0) -> 0 | AJ93: =CK58 -> 0 | AK93: =IFERROR(AJ93/AJ98,0) -> 0 | AL93: =IFERROR(AN93/AJ93,"0") -> 0 | AM93: =IFERROR(AL93/AL83,0) -> 0 | AN93: =CL58 -> 0 | AO93: =IFERROR(AN93/AN98,0) -> 0 | AP93: =CM58 -> 0 | AQ93: =IFERROR(AP93/AP98,0) -> 0 | AR93: =IFERROR(AT93/AP93,"0") -> 0 | AS93: =IFERROR(AR93/AR83,0) -> 0 | AT93: =CN58 -> 0 | AU93: =IFERROR(AT93/AT98,0) -> 0 | AV93: =IFERROR(L93-F93,0) -> -637 | AW93: =IFERROR(AV93/F93,0) -> -1 | AX93: =IFERROR(N93-H93,0) -> -333.17234 | AY93: =IFERROR(AX93/H93,0) -> -1 | AZ93: =IFERROR(P93-J93,0) -> -212230.78 | BA93: =IFERROR(AZ93/J93,0) -> -1 | BB93: =IFERROR(L93-R93,0) -> 0 | BC93: =IFERROR(BB93/R93,0) -> 0 | BD93: =IFERROR(N93-T93,0) -> 0 | BE93: =IFERROR(BD93/T93,0) -> 0 | BF93: =IFERROR(P93-V93,0) -> 0 | BG93: =IFERROR(BF93/V93,0) -> 0 | BH93: =IFERROR(L93-X93,0) -> 0 | BI93: =IFERROR(BH93/X93,0) -> 0 | BJ93: =IFERROR(N93-Z93,0) -> 0 | BK93: =IFERROR(BJ93/Z93,0) -> 0 | BL93: =IFERROR(P93-AB93,0) -> 0 | BM93: =IFERROR(BL93/AB93,0) -> 0 | BN93: =IFERROR(L93-AP93,0) -> 0 | BO93: =IFERROR(BN93/AP93,0) -> 0 | BP93: =IFERROR(N93-AR93,0) -> 0 | BQ93: =IFERROR(BP93/AR93,0) -> 0 | BR93: =IFERROR(P93-AT93,0) -> 0 | BS93: =IFERROR(BR93/AT93,0) -> 0 | BZ93: 학 생 | CA93: =ROUND(기존구분!$K$44*(SUM('파나크 영덕:소노문해운대'!L160)/SUM('파나크 영덕:소노문해운대'!$L$162,'파나크 영덕:소노문해운대'!$L$168,'파나크 영덕:소노문해운대'!$L$169)),0) -> 0 | CB93: =CA93*기존구분!$K$52 -> 0
E94: Affiliate | F94: =CA59 -> 1 | G94: =IFERROR(F94/F98,0) -> 0.00041101521 | H94: =IFERROR(J94/F94,"0") -> 371.10797 | I94: =IFERROR(H94/H83,0) -> 1.3188232 | J94: =CB59 -> 371.10797 | K94: =IFERROR(J94/J98,0) -> 0.00055241657 | L94: =CC59 -> 0 | M94: =IFERROR(L94/L98,0) -> 0 | N94: =IFERROR(P94/L94,"0") -> 0 | O94: =IFERROR(N94/N83,0) -> 0 | P94: =CD59 -> 0 | Q94: =IFERROR(P94/P98,0) -> 0 | R94: =CE59 -> 0 | S94: =IFERROR(R94/R98,0) -> 0 | T94: =IFERROR(V94/R94,"0") -> 0 | U94: =IFERROR(T94/T83,0) -> 0 | V94: =CF59 -> 0 | W94: =IFERROR(V94/V98,0) -> 0 | X94: =CG59 -> 0 | Y94: =IFERROR(X94/X98,0) -> 0 | Z94: =IFERROR(AB94/X94,"0") -> 0 | AA94: =IFERROR(Z94/Z83,0) -> 0 | AB94: =CH59 -> 0 | AC94: =IFERROR(AB94/AB98,0) -> 0 | AD94: =CI59 -> 0 | AE94: =IFERROR(AD94/AD98,0) -> 0 | AF94: =IFERROR(AH94/AD94,"0") -> 0 | AG94: =IFERROR(AF94/AF83,0) -> 0 | AH94: =CJ59 -> 0 | AI94: =IFERROR(AH94/AH98,0) -> 0 | AJ94: =CK59 -> 0 | AK94: =IFERROR(AJ94/AJ98,0) -> 0 | AL94: =IFERROR(AN94/AJ94,"0") -> 0 | AM94: =IFERROR(AL94/AL83,0) -> 0 | AN94: =CL59 -> 0 | AO94: =IFERROR(AN94/AN98,0) -> 0 | AP94: =CM59 -> 0 | AQ94: =IFERROR(AP94/AP98,0) -> 0 | AR94: =IFERROR(AT94/AP94,"0") -> 0 | AS94: =IFERROR(AR94/AR83,0) -> 0 | AT94: =CN59 -> 0 | AU94: =IFERROR(AT94/AT98,0) -> 0 | AV94: =IFERROR(L94-F94,0) -> -1 | AW94: =IFERROR(AV94/F94,0) -> -1 | AX94: =IFERROR(N94-H94,0) -> -371.10797 | AY94: =IFERROR(AX94/H94,0) -> -1 | AZ94: =IFERROR(P94-J94,0) -> -371.10797 | BA94: =IFERROR(AZ94/J94,0) -> -1 | BB94: =IFERROR(L94-R94,0) -> 0 | BC94: =IFERROR(BB94/R94,0) -> 0 | BD94: =IFERROR(N94-T94,0) -> 0 | BE94: =IFERROR(BD94/T94,0) -> 0 | BF94: =IFERROR(P94-V94,0) -> 0 | BG94: =IFERROR(BF94/V94,0) -> 0 | BH94: =IFERROR(L94-X94,0) -> 0 | BI94: =IFERROR(BH94/X94,0) -> 0 | BJ94: =IFERROR(N94-Z94,0) -> 0 | BK94: =IFERROR(BJ94/Z94,0) -> 0 | BL94: =IFERROR(P94-AB94,0) -> 0 | BM94: =IFERROR(BL94/AB94,0) -> 0 | BN94: =IFERROR(L94-AP94,0) -> 0 | BO94: =IFERROR(BN94/AP94,0) -> 0 | BP94: =IFERROR(N94-AR94,0) -> 0 | BQ94: =IFERROR(BP94/AR94,0) -> 0 | BR94: =IFERROR(P94-AT94,0) -> 0 | BS94: =IFERROR(BR94/AT94,0) -> 0 | BZ94: 인바운드 | CA94: =ROUND(기존구분!$K$44*(SUM('파나크 영덕:소노문해운대'!L161)/SUM('파나크 영덕:소노문해운대'!$L$162,'파나크 영덕:소노문해운대'!$L$168,'파나크 영덕:소노문해운대'!$L$169)),0) -> 299 | CB94: =CA94*기존구분!$K$52-20000 -> 82381.599
E95: Other | F95: =CA60 -> 66 | G95: =IFERROR(F95/F98,0) -> 0.027127004 | H95: =IFERROR(J95/F95,"0") -> 326.10797 | I95: =IFERROR(H95/H83,0) -> 1.1589047 | J95: =CB60 -> 21523.126 | K95: =IFERROR(J95/J98,0) -> 0.032038469 | L95: =CC60 -> 0 | M95: =IFERROR(L95/L98,0) -> 0 | N95: =IFERROR(P95/L95,"0") -> 0 | O95: =IFERROR(N95/N83,0) -> 0 | P95: =CD60 -> 0 | Q95: =IFERROR(P95/P98,0) -> 0 | R95: =CE60 -> 0 | S95: =IFERROR(R95/R98,0) -> 0 | T95: =IFERROR(V95/R95,"0") -> 0 | U95: =IFERROR(T95/T83,0) -> 0 | V95: =CF60 -> 0 | W95: =IFERROR(V95/V98,0) -> 0 | X95: =CG60 -> 0 | Y95: =IFERROR(X95/X98,0) -> 0 | Z95: =IFERROR(AB95/X95,"0") -> 0 | AA95: =IFERROR(Z95/Z83,0) -> 0 | AB95: =CH60 -> 0 | AC95: =IFERROR(AB95/AB98,0) -> 0 | AD95: =CI60 -> 0 | AE95: =IFERROR(AD95/AD98,0) -> 0 | AF95: =IFERROR(AH95/AD95,"0") -> 0 | AG95: =IFERROR(AF95/AF83,0) -> 0 | AH95: =CJ60 -> 0 | AI95: =IFERROR(AH95/AH98,0) -> 0 | AJ95: =CK60 -> 0 | AK95: =IFERROR(AJ95/AJ98,0) -> 0 | AL95: =IFERROR(AN95/AJ95,"0") -> 0 | AM95: =IFERROR(AL95/AL83,0) -> 0 | AN95: =CL60 -> 0 | AO95: =IFERROR(AN95/AN98,0) -> 0 | AP95: =CM60 -> 0 | AQ95: =IFERROR(AP95/AP98,0) -> 0 | AR95: =IFERROR(AT95/AP95,"0") -> 0 | AS95: =IFERROR(AR95/AR83,0) -> 0 | AT95: =CN60 -> 0 | AU95: =IFERROR(AT95/AT98,0) -> 0 | AV95: =IFERROR(L95-F95,0) -> -66 | AW95: =IFERROR(AV95/F95,0) -> -1 | AX95: =IFERROR(N95-H95,0) -> -326.10797 | AY95: =IFERROR(AX95/H95,0) -> -1 | AZ95: =IFERROR(P95-J95,0) -> -21523.126 | BA95: =IFERROR(AZ95/J95,0) -> -1 | BB95: =IFERROR(L95-R95,0) -> 0 | BC95: =IFERROR(BB95/R95,0) -> 0 | BD95: =IFERROR(N95-T95,0) -> 0 | BE95: =IFERROR(BD95/T95,0) -> 0 | BF95: =IFERROR(P95-V95,0) -> 0 | BG95: =IFERROR(BF95/V95,0) -> 0 | BH95: =IFERROR(L95-X95,0) -> 0 | BI95: =IFERROR(BH95/X95,0) -> 0 | BJ95: =IFERROR(N95-Z95,0) -> 0 | BK95: =IFERROR(BJ95/Z95,0) -> 0 | BL95: =IFERROR(P95-AB95,0) -> 0 | BM95: =IFERROR(BL95/AB95,0) -> 0 | BN95: =IFERROR(L95-AP95,0) -> 0 | BO95: =IFERROR(BN95/AP95,0) -> 0 | BP95: =IFERROR(N95-AR95,0) -> 0 | BQ95: =IFERROR(BP95/AR95,0) -> 0 | BR95: =IFERROR(P95-AT95,0) -> 0 | BS95: =IFERROR(BR95/AT95,0) -> 0 | BY95: 일 반 | BZ95: 홈페이지 | CA95: =ROUND(기존구분!$K$44*(SUM('파나크 영덕:소노문해운대'!L163)/SUM('파나크 영덕:소노문해운대'!$L$162,'파나크 영덕:소노문해운대'!$L$168,'파나크 영덕:소노문해운대'!$L$169)),0) -> 280 | CB95: =CA95*기존구분!$K$52+5000+10087 -> 110962.74
E96: Total | F96: =SUM(F91:F95) -> 1434 | G96: =IFERROR(F96/F98,0) -> 0.58939581 | H96: =IFERROR(J96/F96,"0") -> 335.20491 | I96: =IFERROR(H96/H83,0) -> 1.1912329 | J96: =SUM(J91:J95) -> 480683.84 | K96: =IFERROR(J96/J98,0) -> 0.71552683 | L96: =SUM(L91:L95) -> 0 | M96: =IFERROR(L96/L98,0) -> 0 | N96: =IFERROR(P96/L96,"0") -> 0 | O96: =IFERROR(N96/N83,0) -> 0 | P96: =SUM(P91:P95) -> 0 | Q96: =IFERROR(P96/P98,0) -> 0 | R96: =SUM(R91:R95) -> 0 | S96: =IFERROR(R96/R98,0) -> 0 | T96: =IFERROR(V96/R96,"0") -> 0 | U96: =IFERROR(T96/T83,0) -> 0 | V96: =SUM(V91:V95) -> 0 | W96: =IFERROR(V96/V98,0) -> 0 | X96: =SUM(X91:X95) -> 0 | Y96: =IFERROR(X96/X98,0) -> 0 | Z96: =IFERROR(AB96/X96,"0") -> 0 | AA96: =IFERROR(Z96/Z83,0) -> 0 | AB96: =SUM(AB91:AB95) -> 0 | AC96: =IFERROR(AB96/AB98,0) -> 0 | AD96: =SUM(AD91:AD95) -> 0 | AE96: =IFERROR(AD96/AD98,0) -> 0 | AF96: =IFERROR(AH96/AD96,"0") -> 0 | AG96: =IFERROR(AF96/AF83,0) -> 0 | AH96: =SUM(AH91:AH95) -> 0 | AI96: =IFERROR(AH96/AH98,0) -> 0 | AJ96: =SUM(AJ91:AJ95) -> 0 | AK96: =IFERROR(AJ96/AJ98,0) -> 0 | AL96: =IFERROR(AN96/AJ96,"0") -> 0 | AM96: =IFERROR(AL96/AL83,0) -> 0 | AN96: =SUM(AN91:AN95) -> 0 | AO96: =IFERROR(AN96/AN98,0) -> 0 | AP96: =SUM(AP91:AP95) -> 0 | AQ96: =IFERROR(AP96/AP98,0) -> 0 | AR96: =IFERROR(AT96/AP96,"0") -> 0 | AS96: =IFERROR(AR96/AR83,0) -> 0 | AT96: =SUM(AT91:AT95) -> 0 | AU96: =IFERROR(AT96/AT98,0) -> 0 | AV96: =IFERROR(L96-F96,0) -> -1434 | AW96: =IFERROR(AV96/F96,0) -> -1 | AX96: =IFERROR(N96-H96,0) -> -335.20491 | AY96: =IFERROR(AX96/H96,0) -> -1 | AZ96: =IFERROR(P96-J96,0) -> -480683.84 | BA96: =IFERROR(AZ96/J96,0) -> -1 | BB96: =IFERROR(L96-R96,0) -> 0 | BC96: =IFERROR(BB96/R96,0) -> 0 | BD96: =IFERROR(N96-T96,0) -> 0 | BE96: =IFERROR(BD96/T96,0) -> 0 | BF96: =IFERROR(P96-V96,0) -> 0 | BG96: =IFERROR(BF96/V96,0) -> 0 | BH96: =IFERROR(L96-X96,0) -> 0 | BI96: =IFERROR(BH96/X96,0) -> 0 | BJ96: =IFERROR(N96-Z96,0) -> 0 | BK96: =IFERROR(BJ96/Z96,0) -> 0 | BL96: =IFERROR(P96-AB96,0) -> 0 | BM96: =IFERROR(BL96/AB96,0) -> 0 | BN96: =IFERROR(L96-AP96,0) -> 0 | BO96: =IFERROR(BN96/AP96,0) -> 0 | BP96: =IFERROR(N96-AR96,0) -> 0 | BQ96: =IFERROR(BP96/AR96,0) -> 0 | BR96: =IFERROR(P96-AT96,0) -> 0 | BS96: =IFERROR(BR96/AT96,0) -> 0 | BZ96: OTA | CA96: =ROUND(기존구분!$K$44*(SUM('파나크 영덕:소노문해운대'!L164)/SUM('파나크 영덕:소노문해운대'!$L$162,'파나크 영덕:소노문해운대'!$L$168,'파나크 영덕:소노문해운대'!$L$169)),0) -> 1245 | CB96: =CA96*기존구분!$K$52+25000+2952 -> 454256.65
D97: COMP | F97: =CA61 -> 40 | G97: =IFERROR(F97/F98,0) -> 0.016440608 | H97: =IFERROR(J97/F97,"0") -> 0 | I97: =IFERROR(H97/H83,0) -> 0 | J97: =CB61 -> 0 | K97: =IFERROR(J97/J98,0) -> 0 | L97: =CC61 -> 0 | M97: =IFERROR(L97/L98,0) -> 0 | N97: =IFERROR(P97/L97,"0") -> 0 | O97: =IFERROR(N97/N83,0) -> 0 | P97: =CD61 -> 0 | Q97: =IFERROR(P97/P98,0) -> 0 | R97: =CE61 -> 0 | S97: =IFERROR(R97/R98,0) -> 0 | T97: =IFERROR(V97/R97,"0") -> 0 | U97: =IFERROR(T97/T83,0) -> 0 | V97: =CF61 -> 0 | W97: =IFERROR(V97/V98,0) -> 0 | X97: =CG61 -> 0 | Y97: =IFERROR(X97/X98,0) -> 0 | Z97: =IFERROR(AB97/X97,"0") -> 0 | AA97: =IFERROR(Z97/Z83,0) -> 0 | AB97: =CH61 -> 0 | AC97: =IFERROR(AB97/AB98,0) -> 0 | AD97: =CI61 -> 0 | AE97: =IFERROR(AD97/AD98,0) -> 0 | AF97: =IFERROR(AH97/AD97,"0") -> 0 | AG97: =IFERROR(AF97/AF83,0) -> 0 | AH97: =CJ61 -> 0 | AI97: =IFERROR(AH97/AH98,0) -> 0 | AJ97: =CK61 -> 0 | AK97: =IFERROR(AJ97/AJ98,0) -> 0 | AL97: =IFERROR(AN97/AJ97,"0") -> 0 | AM97: =IFERROR(AL97/AL83,0) -> 0 | AN97: =CL61 -> 0 | AO97: =IFERROR(AN97/AN98,0) -> 0 | AP97: =CM61 -> 0 | AQ97: =IFERROR(AP97/AP98,0) -> 0 | AR97: =IFERROR(AT97/AP97,"0") -> 0 | AS97: =IFERROR(AR97/AR83,0) -> 0 | AT97: =CN61 -> 0 | AU97: =IFERROR(AT97/AT98,0) -> 0 | AV97: =IFERROR(L97-F97,0) -> -40 | AW97: =IFERROR(AV97/F97,0) -> -1 | AX97: =IFERROR(N97-H97,0) -> 0 | AY97: =IFERROR(AX97/H97,0) -> 0 | AZ97: =IFERROR(P97-J97,0) -> 0 | BA97: =IFERROR(AZ97/J97,0) -> 0 | BB97: =IFERROR(L97-R97,0) -> 0 | BC97: =IFERROR(BB97/R97,0) -> 0 | BD97: =IFERROR(N97-T97,0) -> 0 | BE97: =IFERROR(BD97/T97,0) -> 0 | BF97: =IFERROR(P97-V97,0) -> 0 | BG97: =IFERROR(BF97/V97,0) -> 0 | BH97: =IFERROR(L97-X97,0) -> 0 | BI97: =IFERROR(BH97/X97,0) -> 0 | BJ97: =IFERROR(N97-Z97,0) -> 0 | BK97: =IFERROR(BJ97/Z97,0) -> 0 | BL97: =IFERROR(P97-AB97,0) -> 0 | BM97: =IFERROR(BL97/AB97,0) -> 0 | BN97: =IFERROR(L97-AP97,0) -> 0 | BO97: =IFERROR(BN97/AP97,0) -> 0 | BP97: =IFERROR(N97-AR97,0) -> 0 | BQ97: =IFERROR(BP97/AR97,0) -> 0 | BR97: =IFERROR(P97-AT97,0) -> 0 | BS97: =IFERROR(BR97/AT97,0) -> 0 | BZ97: G-OTA | CA97: =ROUND(기존구분!$K$44*(SUM('파나크 영덕:소노문해운대'!L165)/SUM('파나크 영덕:소노문해운대'!$L$162,'파나크 영덕:소노문해운대'!$L$168,'파나크 영덕:소노문해운대'!$L$169)),0) -> 939 | CB97: =CA97*기존구분!$K$52+20000 -> 341526.16
D98: Grand Total | F98: =SUM(F86,F90,F96,F97) -> 2433 | G98: =IFERROR(F98/F98,0) -> 1 | H98: =IFERROR(J98/F98,"0") -> 276.11594 | I98: =IFERROR(H98/H83,0) -> 0.98124575 | J98: =SUM(J86,J90,J96,J97) -> 671790.09 | K98: =IFERROR(J98/J98,0) -> 1 | L98: =SUM(L86,L90,L96,L97) -> 0 | M98: =IFERROR(L98/L98,0) -> 0 | N98: =IFERROR(P98/L98,"0") -> 0 | O98: =IFERROR(N98/N83,0) -> 0 | P98: =SUM(P86,P90,P96,P97) -> 0 | Q98: =IFERROR(P98/P98,0) -> 0 | R98: =SUM(R86,R90,R96,R97) -> 0 | S98: =IFERROR(R98/R98,0) -> 0 | T98: =IFERROR(V98/R98,"0") -> 0 | U98: =IFERROR(T98/T83,0) -> 0 | V98: =SUM(V86,V90,V96,V97) -> 0 | W98: =IFERROR(V98/V98,0) -> 0 | X98: =SUM(X86,X90,X96,X97) -> 0 | Y98: =IFERROR(X98/X98,0) -> 0 | Z98: =IFERROR(AB98/X98,"0") -> 0 | AA98: =IFERROR(Z98/Z83,0) -> 0 | AB98: =SUM(AB86,AB90,AB96,AB97) -> 0 | AC98: =IFERROR(AB98/AB98,0) -> 0 | AD98: =SUM(AD86,AD90,AD96,AD97) -> 0 | AE98: =IFERROR(AD98/AD98,0) -> 0 | AF98: =IFERROR(AH98/AD98,"0") -> 0 | AG98: =IFERROR(AF98/AF83,0) -> 0 | AH98: =SUM(AH86,AH90,AH96,AH97) -> 0 | AI98: =IFERROR(AH98/AH98,0) -> 0 | AJ98: =SUM(AJ86,AJ90,AJ96,AJ97) -> 0 | AK98: =IFERROR(AJ98/AJ98,0) -> 0 | AL98: =IFERROR(AN98/AJ98,"0") -> 0 | AM98: =IFERROR(AL98/AL83,0) -> 0 | AN98: =SUM(AN86,AN90,AN96,AN97) -> 0 | AO98: =IFERROR(AN98/AN98,0) -> 0 | AP98: =SUM(AP86,AP90,AP96,AP97) -> 0 | AQ98: =IFERROR(AP98/AP98,0) -> 0 | AR98: =IFERROR(AT98/AP98,"0") -> 0 | AS98: =IFERROR(AR98/AR83,0) -> 0 | AT98: =SUM(AT86,AT90,AT96,AT97) -> 0 | AU98: =IFERROR(AT98/AT98,0) -> 0 | AV98: =IFERROR(L98-F98,0) -> -2433 | AW98: =IFERROR(AV98/F98,0) -> -1 | AX98: =IFERROR(N98-H98,0) -> -276.11594 | AY98: =IFERROR(AX98/H98,0) -> -1 | AZ98: =IFERROR(P98-J98,0) -> -671790.09 | BA98: =IFERROR(AZ98/J98,0) -> -1 | BB98: =IFERROR(L98-R98,0) -> 0 | BC98: =IFERROR(BB98/R98,0) -> 0 | BD98: =IFERROR(N98-T98,0) -> 0 | BE98: =IFERROR(BD98/T98,0) -> 0 | BF98: =IFERROR(P98-V98,0) -> 0 | BG98: =IFERROR(BF98/V98,0) -> 0 | BH98: =IFERROR(L98-X98,0) -> 0 | BI98: =IFERROR(BH98/X98,0) -> 0 | BJ98: =IFERROR(N98-Z98,0) -> 0 | BK98: =IFERROR(BJ98/Z98,0) -> 0 | BL98: =IFERROR(P98-AB98,0) -> 0 | BM98: =IFERROR(BL98/AB98,0) -> 0 | BN98: =IFERROR(L98-AP98,0) -> 0 | BO98: =IFERROR(BN98/AP98,0) -> 0 | BP98: =IFERROR(N98-AR98,0) -> 0 | BQ98: =IFERROR(BP98/AR98,0) -> 0 | BR98: =IFERROR(P98-AT98,0) -> 0 | BS98: =IFERROR(BR98/AT98,0) -> 0 | BZ98: 제휴사 | CA98: =ROUND(기존구분!$K$44*(SUM('파나크 영덕:소노문해운대'!L166)/SUM('파나크 영덕:소노문해운대'!$L$162,'파나크 영덕:소노문해운대'!$L$168,'파나크 영덕:소노문해운대'!$L$169)),0) -> 0 | CB98: =CA98*기존구분!$K$52 -> 0
D99: OCC | F99: =F98/F78 -> 0.75794393 | L99: =L98/L78 -> #DIV/0! | R99: =R98/R78 -> #DIV/0! | X99: =X98/X78 -> #DIV/0! | AD99: =AD98/AD78 -> #DIV/0! | AJ99: =AJ98/AJ78 -> #DIV/0! | AP99: =AP98/AP78 -> #DIV/0! | AV99: =IFERROR(L99-F99,0) -> 0 | BB99: =IFERROR(L99-R99,0) -> 0 | BH99: =IFERROR(L99-X99,0) -> 0 | BN99: =IFERROR(L99-AP99,0) -> 0 | BZ99: 기 타 | CA99: =ROUND(기존구분!$K$44*(SUM('파나크 영덕:소노문해운대'!L167)/SUM('파나크 영덕:소노문해운대'!$L$162,'파나크 영덕:소노문해운대'!$L$168,'파나크 영덕:소노문해운대'!$L$169)),0) -> 85 | CB99: =CA99*기존구분!$K$52+1000 -> 30105.137
BY100: COMP | CA100: =ROUND(기존구분!$K$44*(SUM('파나크 영덕:소노문해운대'!L169)/SUM('파나크 영덕:소노문해운대'!$L$162,'파나크 영덕:소노문해운대'!$L$168,'파나크 영덕:소노문해운대'!$L$169)),0) -> 41
BX101: 8월 | BY101: 회 원 | BZ101: 기 명 | CA101: =기존구분!$L$46 -> 403
F102: =CE169 -> 3317 | L102: =CE170 -> 0 | R102: =CE171 -> 0 | X102: =CE172 -> 0 | AD102: =CE173 -> 0 | AJ102: =CE174 -> 0 | AP102: =CE175 -> 0 | BM102: [ 단위 : RN_실, ADR_천원, Revenue_천원 / VAT제외 ] | BS102: [ 단위 : RN_실, ADR_천원, Revenue_천원 / VAT제외 ] | BZ102: 무기명 | CA102: =ROUND(기존구분!$L$45*(SUM('파나크 영덕'!L179,소노문해운대!L178:L179)/SUM('파나크 영덕'!L179:L181,소노문해운대!L178:L181)),0) -> 1487 | CB102: =CA102*기존구분!$L$53-1000 -> 441050
C103: Segment | F103: =$F$7 -> 2026 Budget | L103: =$L$7 -> 2026 Actual | R103: =$R$7 -> 2025 Actual | X103: =$X$7 -> 2023 Actual | AD103: =$AD$7 -> 2022 Actual | AJ103: =$AJ$7 -> 2021 Actual | AP103: =$AP$7 -> 2020 Actual | AV103: =$AV$7 -> 2026 Actual vs. 2026 Budget | BB103: =$BB$7 -> 2026 Actual vs. 2025 Actual | BH103: =$BH$7 -> 2026 Actual vs. 2024 Actual | BN103: =$BN$7 -> 2025 Actual vs. 2020 Actual | BZ103: 직 원 | CA103: =ROUND(기존구분!$L$45*(SUM('파나크 영덕:소노문해운대'!L180)/SUM('파나크 영덕'!L179:L181,소노문해운대!L178:L181)),0) -> 81 | CB103: =CA103*기존구분!$L$53+1000 -> 25079.388
F104: RN | H104: ADR | J104: Revenue | L104: RN | N104: ADR | P104: Revenue | R104: RN | T104: ADR | V104: Revenue | X104: RN | Z104: ADR | AB104: Revenue | AD104: RN | AF104: ADR | AH104: 매 출 | AJ104: RN | AL104: ADR | AN104: 매 출 | AP104: RN | AR104: ADR | AT104: 매 출 | AV104: RN | AX104: ADR | AZ104: Revenue | BB104: RN | BD104: ADR | BF104: Revenue | BH104: RN | BJ104: ADR | BL104: Revenue | BN104: RN | BP104: ADR | BR104: Revenue | BZ104: 기 타 | CA104: =ROUND(기존구분!$L$45*(SUM('파나크 영덕:소노문해운대'!L181)/SUM('파나크 영덕'!L179:L181,소노문해운대!L178:L181)),0)-1 -> 61 | CB104: =CA104*기존구분!$L$53 -> 18133.86
...

Sheet 파나크 영덕
C2: 사업장별 실적 현황 [파나크 영덕]
F6: =CA169 -> 8122 | L6: =CA170 -> 8122 | R6: =CA171 -> 0 | X6: =CA172 -> 0 | AD6: =CA173 -> 0 | AJ6: =CA174 -> 0 | AP6: =CA175 -> 0 | BM6: [ 단위 : RN_실, ADR_천원, Revenue_천원 / VAT제외 ] | BS6: [ 단위 : RN_실, ADR_천원, Revenue_천원 / VAT제외 ]
C7: Segment | F7: 2025 Budget | L7: 2025 Actual | R7: 2024 Actual | X7: 2023 Actual | AD7: 2022 Actual | AJ7: 2021 Actual | AP7: 2020 Actual | AV7: 2025 Actual vs. 2025 Budget | BB7: 2025 Actual vs. 2024 Actual | BH7: 2025 Actual vs. 2023 Actual | BN7: 2024 Actual vs. 2019 Actual | BX7: ※ 실적 입력 | CA7: =SUM(CA10:CA165) -> 51903.197 | CC7: =SUM(CC10:CC165) -> 46225 | CE7: =SUM(CE10:CE165) -> 674 | CG7: =SUM(CG10:CG165) -> 0 | CI7: =SUM(CI10:CI165) -> 0 | CK7: =SUM(CK10:CK165) -> 0 | CM7: =SUM(CM10:CM165) -> 0
F8: RN | H8: ADR | J8: Revenue | L8: RN | N8: ADR | P8: Revenue | R8: RN | T8: ADR | V8: Revenue | X8: RN | Z8: ADR | AB8: Revenue | AD8: RN | AF8: ADR | AH8: 매 출 | AJ8: RN | AL8: ADR | AN8: 매 출 | AP8: RN | AR8: ADR | AT8: 매 출 | AV8: RN | AX8: ADR | AZ8: Revenue | BB8: RN | BD8: ADR | BF8: Revenue | BH8: RN | BJ8: ADR | BL8: Revenue | BN8: RN | BP8: ADR | BR8: Revenue | BX8: 구 분 | CA8: 2025년 목표 | CC8: 2025년 실적 | CE8: 2024년 실적 | CG8: 2023년 실적 | CI8: 2022년 실적 | CK8: 2021년 실적 | CM8: 2020년 실적
G9: % | I9: 지 수 | K9: % | M9: % | O9: 지 수 | Q9: % | S9: % | U9: 지 수 | W9: % | Y9: % | AA9: 지 수 | AC9: % | AE9: % | AG9: 지 수 | AI9: % | AK9: % | AM9: 지 수 | AO9: % | AQ9: % | AS9: 지 수 | AU9: % | AW9: 증감율 | AY9: 증감율 | BA9: 증감율 | BC9: 증감율 | BE9: 증감율 | BG9: 증감율 | BI9: 증감율 | BK9: 증감율 | BM9: 증감율 | BO9: 증감율 | BQ9: 증감율 | BS9: 증감율 | CA9: 객실수 | CB9: 매 출 | CC9: 객실수 | CD9: 매 출 | CE9: 객실수 | CF9: 매 출 | CG9: 객실수 | CH9: 매 출 | CI9: 객실수 | CJ9: 매 출 | CK9: 객실수 | CL9: 매 출 | CM9: 객실수 | CN9: 매 출
C10: 1월 | D10: Membership | E10: 기 명 | F10: =CA10 -> 0 | G10: =IFERROR(F10/F26,0) -> 0 | H10: =IFERROR(J10/F10,"0") -> 0 | I10: =IFERROR(H10/H11,0) -> 0 | J10: =CB10 -> 0 | K10: =IFERROR(J10/J26,0) -> 0 | L10: =CC10 -> 4 | M10: =IFERROR(L10/L26,0) -> 0.0013898541 | N10: =IFERROR(P10/L10,"0") -> 47.0455 | O10: =IFERROR(N10/N11,0) -> 0.18305562 | P10: =CD10 -> 188.182 | Q10: =IFERROR(P10/P26,0) -> 0.00029589952 | R10: =CE10 -> 0 | S10: =IFERROR(R10/R26,0) -> 0 | T10: =IFERROR(V10/R10,"0") -> 0 | U10: =IFERROR(T10/T11,0) -> 0 | V10: =CF10 -> 0 | W10: =IFERROR(V10/V26,0) -> 0 | X10: =CG10 -> 0 | Y10: =IFERROR(X10/X26,0) -> 0 | Z10: =IFERROR(AB10/X10,"0") -> 0 | AA10: =IFERROR(Z10/Z11,0) -> 0 | AB10: =CH10 -> 0 | AC10: =IFERROR(AB10/AB26,0) -> 0 | AD10: =CI10 -> 0 | AE10: =IFERROR(AD10/AD26,0) -> 0 | AF10: =IFERROR(AH10/AD10,"0") -> 0 | AG10: =IFERROR(AF10/AF11,0) -> 0 | AH10: =CJ10 -> 0 | AI10: =IFERROR(AH10/AH26,0) -> 0 | AJ10: =CK10 -> 0 | AK10: =IFERROR(AJ10/AJ26,0) -> 0 | AL10: =IFERROR(AN10/AJ10,"0") -> 0 | AM10: =IFERROR(AL10/AL11,0) -> 0 | AN10: =CL10 -> 0 | AO10: =IFERROR(AN10/AN26,0) -> 0 | AP10: =CM10 -> 0 | AQ10: =IFERROR(AP10/AP26,0) -> 0 | AR10: =IFERROR(AT10/AP10,"0") -> 0 | AS10: =IFERROR(AR10/AR11,0) -> 0 | AT10: =CN10 -> 0 | AU10: =IFERROR(AT10/AT26,0) -> 0 | AV10: =IFERROR(L10-F10,0) -> 4 | AW10: =IFERROR(AV10/F10,0) -> 0 | AX10: =IFERROR(N10-H10,0) -> 47.0455 | AY10: =IFERROR(AX10/H10,0) -> 0 | AZ10: =IFERROR(P10-J10,0) -> 188.182 | BA10: =IFERROR(AZ10/J10,0) -> 0 | BB10: =IFERROR(L10-R10,0) -> 4 | BC10: =IFERROR(BB10/R10,0) -> 0 | BD10: =IFERROR(N10-T10,0) -> 47.0455 | BE10: =IFERROR(BD10/T10,0) -> 0 | BF10: =IFERROR(P10-V10,0) -> 188.182 | BG10: =IFERROR(BF10/V10,0) -> 0 | BH10: =IFERROR(L10-X10,0) -> 4 | BI10: =IFERROR(BH10/X10,0) -> 0 | BJ10: =IFERROR(N10-Z10,0) -> 47.0455 | BK10: =IFERROR(BJ10/Z10,0) -> 0 | BL10: =IFERROR(P10-AB10,0) -> 188.182 | BM10: =IFERROR(BL10/AB10,0) -> 0 | BN10: =IFERROR(L10-AP10,0) -> 4 | BO10: =IFERROR(BN10/AP10,0) -> 0 | BP10: =IFERROR(N10-AR10,0) -> 47.0455 | BQ10: =IFERROR(BP10/AR10,0) -> 0 | BR10: =IFERROR(P10-AT10,0) -> 188.182 | BS10: =IFERROR(BR10/AT10,0) -> 0 | BX10: 1월 | BY10: 회 원 | BZ10: 기 명 | CA10: 0 | CB10: 0 | CC10: 4 | CD10: 188.182
E11: 무기명 | F11: =CA11 -> 2258 | G11: =IFERROR(F11/F26,0) -> 0.47603625 | H11: =IFERROR(J11/F11,"0") -> 255.75731 | I11: =IFERROR(H11/H11,0) -> 1 | J11: =CB11 -> 577500 | K11: =IFERROR(J11/J26,0) -> 0.48547566 | L11: =CC11 -> 1164 | M11: =IFERROR(L11/L26,0) -> 0.40444753 | N11: =IFERROR(P11/L11,"0") -> 257.00112 | O11: =IFERROR(N11/N11,0) -> 1 | P11: =CD11 -> 299149.3 | Q11: =IFERROR(P11/P26,0) -> 0.47038577 | R11: =CE11 -> 0 | S11: =IFERROR(R11/R26,0) -> 0 | T11: =IFERROR(V11/R11,"0") -> 0 | U11: =IFERROR(T11/T11,0) -> 0 | V11: =CF11 -> 0 | W11: =IFERROR(V11/V26,0) -> 0 | X11: =CG11 -> 0 | Y11: =IFERROR(X11/X26,0) -> 0 | Z11: =IFERROR(AB11/X11,"0") -> 0 | AA11: =IFERROR(Z11/Z11,0) -> 0 | AB11: =CH11 -> 0 | AC11: =IFERROR(AB11/AB26,0) -> 0 | AD11: =CI11 -> 0 | AE11: =IFERROR(AD11/AD26,0) -> 0 | AF11: =IFERROR(AH11/AD11,"0") -> 0 | AG11: =IFERROR(AF11/AF11,0) -> 0 | AH11: =CJ11 -> 0 | AI11: =IFERROR(AH11/AH26,0) -> 0 | AJ11: =CK11 -> 0 | AK11: =IFERROR(AJ11/AJ26,0) -> 0 | AL11: =IFERROR(AN11/AJ11,"0") -> 0 | AM11: =IFERROR(AL11/AL11,0) -> 0 | AN11: =CL11 -> 0 | AO11: =IFERROR(AN11/AN26,0) -> 0 | AP11: =CM11 -> 0 | AQ11: =IFERROR(AP11/AP26,0) -> 0 | AR11: =IFERROR(AT11/AP11,"0") -> 0 | AS11: =IFERROR(AR11/AR11,0) -> 0 | AT11: =CN11 -> 0 | AU11: =IFERROR(AT11/AT26,0) -> 0 | AV11: =IFERROR(L11-F11,0) -> -1094 | AW11: =IFERROR(AV11/F11,0) -> -0.48449956 | AX11: =IFERROR(N11-H11,0) -> 1.2438121 | AY11: =IFERROR(AX11/H11,0) -> 0.0048632513 | AZ11: =IFERROR(P11-J11,0) -> -278350.7 | BA11: =IFERROR(AZ11/J11,0) -> -0.48199255 | BB11: =IFERROR(L11-R11,0) -> 1164 | BC11: =IFERROR(BB11/R11,0) -> 0 | BD11: =IFERROR(N11-T11,0) -> 257.00112 | BE11: =IFERROR(BD11/T11,0) -> 0 | BF11: =IFERROR(P11-V11,0) -> 299149.3 | BG11: =IFERROR(BF11/V11,0) -> 0 | BH11: =IFERROR(L11-X11,0) -> 1164 | BI11: =IFERROR(BH11/X11,0) -> 0 | BJ11: =IFERROR(N11-Z11,0) -> 257.00112 | BK11: =IFERROR(BJ11/Z11,0) -> 0 | BL11: =IFERROR(P11-AB11,0) -> 299149.3 | BM11: =IFERROR(BL11/AB11,0) -> 0 | BN11: =IFERROR(L11-AP11,0) -> 1164 | BO11: =IFERROR(BN11/AP11,0) -> 0 | BP11: =IFERROR(N11-AR11,0) -> 257.00112 | BQ11: =IFERROR(BP11/AR11,0) -> 0 | BR11: =IFERROR(P11-AT11,0) -> 299149.3 | BS11: =IFERROR(BR11/AT11,0) -> 0 | BZ11: 무기명 | CA11: 2258 | CB11: 577500 | CC11: 1164 | CD11: 299149.3
E12: Staff | F12: =CA12 -> 75 | G12: =IFERROR(F12/F26,0) -> 0.015811656 | H12: =IFERROR(J12/F12,"0") -> 176.65333 | I12: =IFERROR(H12/H11,0) -> 0.69070689 | J12: =CB12 -> 13249 | K12: =IFERROR(J12/J26,0) -> 0.011137778 | L12: =CC12 -> 33 | M12: =IFERROR(L12/L26,0) -> 0.011466296 | N12: =IFERROR(P12/L12,"0") -> 191.73573 | O12: =IFERROR(N12/N11,0) -> 0.74605016 | P12: =CD12 -> 6327.279 | Q12: =IFERROR(P12/P26,0) -> 0.0099490855 | R12: =CE12 -> 0 | S12: =IFERROR(R12/R26,0) -> 0 | T12: =IFERROR(V12/R12,"0") -> 0 | U12: =IFERROR(T12/T11,0) -> 0 | V12: =CF12 -> 0 | W12: =IFERROR(V12/V26,0) -> 0 | X12: =CG12 -> 0 | Y12: =IFERROR(X12/X26,0) -> 0 | Z12: =IFERROR(AB12/X12,"0") -> 0 | AA12: =IFERROR(Z12/Z11,0) -> 0 | AB12: =CH12 -> 0 | AC12: =IFERROR(AB12/AB26,0) -> 0 | AD12: =CI12 -> 0 | AE12: =IFERROR(AD12/AD26,0) -> 0 | AF12: =IFERROR(AH12/AD12,"0") -> 0 | AG12: =IFERROR(AF12/AF11,0) -> 0 | AH12: =CJ12 -> 0 | AI12: =IFERROR(AH12/AH26,0) -> 0 | AJ12: =CK12 -> 0 | AK12: =IFERROR(AJ12/AJ26,0) -> 0 | AL12: =IFERROR(AN12/AJ12,"0") -> 0 | AM12: =IFERROR(AL12/AL11,0) -> 0 | AN12: =CL12 -> 0 | AO12: =IFERROR(AN12/AN26,0) -> 0 | AP12: =CM12 -> 0 | AQ12: =IFERROR(AP12/AP26,0) -> 0 | AR12: =IFERROR(AT12/AP12,"0") -> 0 | AS12: =IFERROR(AR12/AR11,0) -> 0 | AT12: =CN12 -> 0 | AU12: =IFERROR(AT12/AT26,0) -> 0 | AV12: =IFERROR(L12-F12,0) -> -42 | AW12: =IFERROR(AV12/F12,0) -> -0.56 | AX12: =IFERROR(N12-H12,0) -> 15.082394 | AY12: =IFERROR(AX12/H12,0) -> 0.085378485 | AZ12: =IFERROR(P12-J12,0) -> -6921.721 | BA12: =IFERROR(AZ12/J12,0) -> -0.52243347 | BB12: =IFERROR(L12-R12,0) -> 33 | BC12: =IFERROR(BB12/R12,0) -> 0 | BD12: =IFERROR(N12-T12,0) -> 191.73573 | BE12: =IFERROR(BD12/T12,0) -> 0 | BF12: =IFERROR(P12-V12,0) -> 6327.279 | BG12: =IFERROR(BF12/V12,0) -> 0 | BH12: =IFERROR(L12-X12,0) -> 33 | BI12: =IFERROR(BH12/X12,0) -> 0 | BJ12: =IFERROR(N12-Z12,0) -> 191.73573 | BK12: =IFERROR(BJ12/Z12,0) -> 0 | BL12: =IFERROR(P12-AB12,0) -> 6327.279 | BM12: =IFERROR(BL12/AB12,0) -> 0 | BN12: =IFERROR(L12-AP12,0) -> 33 | BO12: =IFERROR(BN12/AP12,0) -> 0 | BP12: =IFERROR(N12-AR12,0) -> 191.73573 | BQ12: =IFERROR(BP12/AR12,0) -> 0 | BR12: =IFERROR(P12-AT12,0) -> 6327.279 | BS12: =IFERROR(BR12/AT12,0) -> 0 | BZ12: 직 원 | CA12: 75 | CB12: 13249 | CC12: 33 | CD12: 6327.279
E13: Other | F13: =CA13 -> 45 | G13: =IFERROR(F13/F26,0) -> 0.0094869935 | H13: =IFERROR(J13/F13,"0") -> 590.84444 | I13: =IFERROR(H13/H11,0) -> 2.3101762 | J13: =CB13 -> 26588 | K13: =IFERROR(J13/J26,0) -> 0.022351215 | L13: =CC13 -> 0 | M13: =IFERROR(L13/L26,0) -> 0 | N13: =IFERROR(P13/L13,"0") -> 0 | O13: =IFERROR(N13/N11,0) -> 0 | P13: =CD13 -> 0 | Q13: =IFERROR(P13/P26,0) -> 0 | R13: =CE13 -> 0 | S13: =IFERROR(R13/R26,0) -> 0 | T13: =IFERROR(V13/R13,"0") -> 0 | U13: =IFERROR(T13/T11,0) -> 0 | V13: =CF13 -> 0 | W13: =IFERROR(V13/V26,0) -> 0 | X13: =CG13 -> 0 | Y13: =IFERROR(X13/X26,0) -> 0 | Z13: =IFERROR(AB13/X13,"0") -> 0 | AA13: =IFERROR(Z13/Z11,0) -> 0 | AB13: =CH13 -> 0 | AC13: =IFERROR(AB13/AB26,0) -> 0 | AD13: =CI13 -> 0 | AE13: =IFERROR(AD13/AD26,0) -> 0 | AF13: =IFERROR(AH13/AD13,"0") -> 0 | AG13: =IFERROR(AF13/AF11,0) -> 0 | AH13: =CJ13 -> 0 | AI13: =IFERROR(AH13/AH26,0) -> 0 | AJ13: =CK13 -> 0 | AK13: =IFERROR(AJ13/AJ26,0) -> 0 | AL13: =IFERROR(AN13/AJ13,"0") -> 0 | AM13: =IFERROR(AL13/AL11,0) -> 0 | AN13: =CL13 -> 0 | AO13: =IFERROR(AN13/AN26,0) -> 0 | AP13: =CM13 -> 0 | AQ13: =IFERROR(AP13/AP26,0) -> 0 | AR13: =IFERROR(AT13/AP13,"0") -> 0 | AS13: =IFERROR(AR13/AR11,0) -> 0 | AT13: =CN13 -> 0 | AU13: =IFERROR(AT13/AT26,0) -> 0 | AV13: =IFERROR(L13-F13,0) -> -45 | AW13: =IFERROR(AV13/F13,0) -> -1 | AX13: =IFERROR(N13-H13,0) -> -590.84444 | AY13: =IFERROR(AX13/H13,0) -> -1 | AZ13: =IFERROR(P13-J13,0) -> -26588 | BA13: =IFERROR(AZ13/J13,0) -> -1 | BB13: =IFERROR(L13-R13,0) -> 0 | BC13: =IFERROR(BB13/R13,0) -> 0 | BD13: =IFERROR(N13-T13,0) -> 0 | BE13: =IFERROR(BD13/T13,0) -> 0 | BF13: =IFERROR(P13-V13,0) -> 0 | BG13: =IFERROR(BF13/V13,0) -> 0 | BH13: =IFERROR(L13-X13,0) -> 0 | BI13: =IFERROR(BH13/X13,0) -> 0 | BJ13: =IFERROR(N13-Z13,0) -> 0 | BK13: =IFERROR(BJ13/Z13,0) -> 0 | BL13: =IFERROR(P13-AB13,0) -> 0 | BM13: =IFERROR(BL13/AB13,0) -> 0 | BN13: =IFERROR(L13-AP13,0) -> 0 | BO13: =IFERROR(BN13/AP13,0) -> 0 | BP13: =IFERROR(N13-AR13,0) -> 0 | BQ13: =IFERROR(BP13/AR13,0) -> 0 | BR13: =IFERROR(P13-AT13,0) -> 0 | BS13: =IFERROR(BR13/AT13,0) -> 0 | BZ13: 기 타 | CA13: 45 | CB13: 26588 | CC13: 0 | CD13: 0
E14: Total | F14: =SUM(F10:F13) -> 2378 | G14: =IFERROR(F14/F26,0) -> 0.5013349 | H14: =IFERROR(J14/F14,"0") -> 259.60345 | I14: =IFERROR(H14/H11,0) -> 1.0150382 | J14: =SUM(J10:J13) -> 617337 | K14: =IFERROR(J14/J26,0) -> 0.51896465 | L14: =SUM(L10:L13) -> 1201 | M14: =IFERROR(L14/L26,0) -> 0.41730368 | N14: =IFERROR(P14/L14,"0") -> 254.50855 | O14: =IFERROR(N14/N11,0) -> 0.99030131 | P14: =SUM(P10:P13) -> 305664.76 | Q14: =IFERROR(P14/P26,0) -> 0.48063075 | R14: =SUM(R10:R13) -> 0 | S14: =IFERROR(R14/R26,0) -> 0 | T14: =IFERROR(V14/R14,"0") -> 0 | U14: =IFERROR(T14/T11,0) -> 0 | V14: =SUM(V10:V13) -> 0 | W14: =IFERROR(V14/V26,0) -> 0 | X14: =SUM(X10:X13) -> 0 | Y14: =IFERROR(X14/X26,0) -> 0 | Z14: =IFERROR(AB14/X14,"0") -> 0 | AA14: =IFERROR(Z14/Z11,0) -> 0 | AB14: =SUM(AB10:AB13) -> 0 | AC14: =IFERROR(AB14/AB26,0) -> 0 | AD14: =SUM(AD10:AD13) -> 0 | AE14: =IFERROR(AD14/AD26,0) -> 0 | AF14: =IFERROR(AH14/AD14,"0") -> 0 | AG14: =IFERROR(AF14/AF11,0) -> 0 | AH14: =SUM(AH10:AH13) -> 0 | AI14: =IFERROR(AH14/AH26,0) -> 0 | AJ14: =SUM(AJ10:AJ13) -> 0 | AK14: =IFERROR(AJ14/AJ26,0) -> 0 | AL14: =IFERROR(AN14/AJ14,"0") -> 0 | AM14: =IFERROR(AL14/AL11,0) -> 0 | AN14: =SUM(AN10:AN13) -> 0 | AO14: =IFERROR(AN14/AN26,0) -> 0 | AP14: =SUM(AP10:AP13) -> 0 | AQ14: =IFERROR(AP14/AP26,0) -> 0 | AR14: =IFERROR(AT14/AP14,"0") -> 0 | AS14: =IFERROR(AR14/AR11,0) -> 0 | AT14: =SUM(AT10:AT13) -> 0 | AU14: =IFERROR(AT14/AT26,0) -> 0 | AV14: =IFERROR(L14-F14,0) -> -1177 | AW14: =IFERROR(AV14/F14,0) -> -0.49495374 | AX14: =IFERROR(N14-H14,0) -> -5.0949021 | AY14: =IFERROR(AX14/H14,0) -> -0.01962571 | AZ14: =IFERROR(P14-J14,0) -> -311672.24 | BA14: =IFERROR(AZ14/J14,0) -> -0.50486563 | BB14: =IFERROR(L14-R14,0) -> 1201 | BC14: =IFERROR(BB14/R14,0) -> 0 | BD14: =IFERROR(N14-T14,0) -> 254.50855 | BE14: =IFERROR(BD14/T14,0) -> 0 | BF14: =IFERROR(P14-V14,0) -> 305664.76 | BG14: =IFERROR(BF14/V14,0) -> 0 | BH14: =IFERROR(L14-X14,0) -> 1201 | BI14: =IFERROR(BH14/X14,0) -> 0 | BJ14: =IFERROR(N14-Z14,0) -> 254.50855 | BK14: =IFERROR(BJ14/Z14,0) -> 0 | BL14: =IFERROR(P14-AB14,0) -> 305664.76 | BM14: =IFERROR(BL14/AB14,0) -> 0 | BN14: =IFERROR(L14-AP14,0) -> 1201 | BO14: =IFERROR(BN14/AP14,0) -> 0 | BP14: =IFERROR(N14-AR14,0) -> 254.50855 | BQ14: =IFERROR(BP14/AR14,0) -> 0 | BR14: =IFERROR(P14-AT14,0) -> 305664.76 | BS14: =IFERROR(BR14/AT14,0) -> 0 | BY14: 단 체 | BZ14: 일 반 | CA14: 236.7464 | CB14: 57907 | CC14: 35 | CD14: 5054.55
D15: Group | E15: G-Mice | F15: =CA14 -> 236.7464 | G15: =IFERROR(F15/F26,0) -> 0.049911368 | H15: =IFERROR(J15/F15,"0") -> 244.59506 | I15: =IFERROR(H15/H11,0) -> 0.9563561 | J15: =CB14 -> 57907 | K15: =IFERROR(J15/J26,0) -> 0.048679548 | L15: =CC14 -> 35 | M15: =IFERROR(L15/L26,0) -> 0.012161223 | N15: =IFERROR(P15/L15,"0") -> 144.41571 | O15: =IFERROR(N15/N11,0) -> 0.5619264 | P15: =CD14 -> 5054.55 | Q15: =IFERROR(P15/P26,0) -> 0.0079478319 | R15: =CE14 -> 0 | S15: =IFERROR(R15/R26,0) -> 0 | T15: =IFERROR(V15/R15,"0") -> 0 | U15: =IFERROR(T15/T11,0) -> 0 | V15: =CF14 -> 0 | W15: =IFERROR(V15/V26,0) -> 0 | X15: =CG14 -> 0 | Y15: =IFERROR(X15/X26,0) -> 0 | Z15: =IFERROR(AB15/X15,"0") -> 0 | AA15: =IFERROR(Z15/Z11,0) -> 0 | AB15: =CH14 -> 0 | AC15: =IFERROR(AB15/AB26,0) -> 0 | AD15: =CI14 -> 0 | AE15: =IFERROR(AD15/AD26,0) -> 0 | AF15: =IFERROR(AH15/AD15,"0") -> 0 | AG15: =IFERROR(AF15/AF11,0) -> 0 | AH15: =CJ14 -> 0 | AI15: =IFERROR(AH15/AH26,0) -> 0 | AJ15: =CK14 -> 0 | AK15: =IFERROR(AJ15/AJ26,0) -> 0 | AL15: =IFERROR(AN15/AJ15,"0") -> 0 | AM15: =IFERROR(AL15/AL11,0) -> 0 | AN15: =CL14 -> 0 | AO15: =IFERROR(AN15/AN26,0) -> 0 | AP15: =CM14 -> 0 | AQ15: =IFERROR(AP15/AP26,0) -> 0 | AR15: =IFERROR(AT15/AP15,"0") -> 0 | AS15: =IFERROR(AR15/AR11,0) -> 0 | AT15: =CN14 -> 0 | AU15: =IFERROR(AT15/AT26,0) -> 0 | AV15: =IFERROR(L15-F15,0) -> -201.7464 | AW15: =IFERROR(AV15/F15,0) -> -0.85216248 | AX15: =IFERROR(N15-H15,0) -> -100.17935 | AY15: =IFERROR(AX15/H15,0) -> -0.40957224 | AZ15: =IFERROR(P15-J15,0) -> -52852.45 | BA15: =IFERROR(AZ15/J15,0) -> -0.91271263 | BB15: =IFERROR(L15-R15,0) -> 35 | BC15: =IFERROR(BB15/R15,0) -> 0 | BD15: =IFERROR(N15-T15,0) -> 144.41571 | BE15: =IFERROR(BD15/T15,0) -> 0 | BF15: =IFERROR(P15-V15,0) -> 5054.55 | BG15: =IFERROR(BF15/V15,0) -> 0 | BH15: =IFERROR(L15-X15,0) -> 35 | BI15: =IFERROR(BH15/X15,0) -> 0 | BJ15: =IFERROR(N15-Z15,0) -> 144.41571 | BK15: =IFERROR(BJ15/Z15,0) -> 0 | BL15: =IFERROR(P15-AB15,0) -> 5054.55 | BM15: =IFERROR(BL15/AB15,0) -> 0 | BN15: =IFERROR(L15-AP15,0) -> 35 | BO15: =IFERROR(BN15/AP15,0) -> 0 | BP15: =IFERROR(N15-AR15,0) -> 144.41571 | BQ15: =IFERROR(BP15/AR15,0) -> 0 | BR15: =IFERROR(P15-AT15,0) -> 5054.55 | BS15: =IFERROR(BR15/AT15,0) -> 0 | BZ15: 학 생 | CA15: 0 | CB15: 0 | CC15: 0 | CD15: 0
E16: E-Mice | F16: =CA15 -> 0 | G16: =IFERROR(F16/F26,0) -> 0 | H16: =IFERROR(J16/F16,"0") -> 0 | I16: =IFERROR(H16/H11,0) -> 0 | J16: =CB15 -> 0 | K16: =IFERROR(J16/J26,0) -> 0 | L16: =CC15 -> 0 | M16: =IFERROR(L16/L26,0) -> 0 | N16: =IFERROR(P16/L16,"0") -> 0 | O16: =IFERROR(N16/N11,0) -> 0 | P16: =CD15 -> 0 | Q16: =IFERROR(P16/P26,0) -> 0 | R16: =CE15 -> 0 | S16: =IFERROR(R16/R26,0) -> 0 | T16: =IFERROR(V16/R16,"0") -> 0 | U16: =IFERROR(T16/T11,0) -> 0 | V16: =CF15 -> 0 | W16: =IFERROR(V16/V26,0) -> 0 | X16: =CG15 -> 0 | Y16: =IFERROR(X16/X26,0) -> 0 | Z16: =IFERROR(AB16/X16,"0") -> 0 | AA16: =IFERROR(Z16/Z11,0) -> 0 | AB16: =CH15 -> 0 | AC16: =IFERROR(AB16/AB26,0) -> 0 | AD16: =CI15 -> 0 | AE16: =IFERROR(AD16/AD26,0) -> 0 | AF16: =IFERROR(AH16/AD16,"0") -> 0 | AG16: =IFERROR(AF16/AF11,0) -> 0 | AH16: =CJ15 -> 0 | AI16: =IFERROR(AH16/AH26,0) -> 0 | AJ16: =CK15 -> 0 | AK16: =IFERROR(AJ16/AJ26,0) -> 0 | AL16: =IFERROR(AN16/AJ16,"0") -> 0 | AM16: =IFERROR(AL16/AL11,0) -> 0 | AN16: =CL15 -> 0 | AO16: =IFERROR(AN16/AN26,0) -> 0 | AP16: =CM15 -> 0 | AQ16: =IFERROR(AP16/AP26,0) -> 0 | AR16: =IFERROR(AT16/AP16,"0") -> 0 | AS16: =IFERROR(AR16/AR11,0) -> 0 | AT16: =CN15 -> 0 | AU16: =IFERROR(AT16/AT26,0) -> 0 | AV16: =IFERROR(L16-F16,0) -> 0 | AW16: =IFERROR(AV16/F16,0) -> 0 | AX16: =IFERROR(N16-H16,0) -> 0 | AY16: =IFERROR(AX16/H16,0) -> 0 | AZ16: =IFERROR(P16-J16,0) -> 0 | BA16: =IFERROR(AZ16/J16,0) -> 0 | BB16: =IFERROR(L16-R16,0) -> 0 | BC16: =IFERROR(BB16/R16,0) -> 0 | BD16: =IFERROR(N16-T16,0) -> 0 | BE16: =IFERROR(BD16/T16,0) -> 0 | BF16: =IFERROR(P16-V16,0) -> 0 | BG16: =IFERROR(BF16/V16,0) -> 0 | BH16: =IFERROR(L16-X16,0) -> 0 | BI16: =IFERROR(BH16/X16,0) -> 0 | BJ16: =IFERROR(N16-Z16,0) -> 0 | BK16: =IFERROR(BJ16/Z16,0) -> 0 | BL16: =IFERROR(P16-AB16,0) -> 0 | BM16: =IFERROR(BL16/AB16,0) -> 0 | BN16: =IFERROR(L16-AP16,0) -> 0 | BO16: =IFERROR(BN16/AP16,0) -> 0 | BP16: =IFERROR(N16-AR16,0) -> 0 | BQ16: =IFERROR(BP16/AR16,0) -> 0 | BR16: =IFERROR(P16-AT16,0) -> 0 | BS16: =IFERROR(BR16/AT16,0) -> 0 | BZ16: 인바운드 | CA16: 0 | CB16: 0 | CC16: 81 | CD16: 14956.46
E17: Inbound | F17: =CA16 -> 0 | G17: =IFERROR(F17/F26,0) -> 0 | H17: =IFERROR(J17/F17,"0") -> 0 | I17: =IFERROR(H17/H11,0) -> 0 | J17: =CB16 -> 0 | K17: =IFERROR(J17/J26,0) -> 0 | L17: =CC16 -> 81 | M17: =IFERROR(L17/L26,0) -> 0.028144545 | N17: =IFERROR(P17/L17,"0") -> 184.64765 | O17: =IFERROR(N17/N11,0) -> 0.71847023 | P17: =CD16 -> 14956.46 | Q17: =IFERROR(P17/P26,0) -> 0.023517708 | R17: =CE16 -> 0 | S17: =IFERROR(R17/R26,0) -> 0 | T17: =IFERROR(V17/R17,"0") -> 0 | U17: =IFERROR(T17/T11,0) -> 0 | V17: =CF16 -> 0 | W17: =IFERROR(V17/V26,0) -> 0 | X17: =CG16 -> 0 | Y17: =IFERROR(X17/X26,0) -> 0 | Z17: =IFERROR(AB17/X17,"0") -> 0 | AA17: =IFERROR(Z17/Z11,0) -> 0 | AB17: =CH16 -> 0 | AC17: =IFERROR(AB17/AB26,0) -> 0 | AD17: =CI16 -> 0 | AE17: =IFERROR(AD17/AD26,0) -> 0 | AF17: =IFERROR(AH17/AD17,"0") -> 0 | AG17: =IFERROR(AF17/AF11,0) -> 0 | AH17: =CJ16 -> 0 | AI17: =IFERROR(AH17/AH26,0) -> 0 | AJ17: =CK16 -> 0 | AK17: =IFERROR(AJ17/AJ26,0) -> 0 | AL17: =IFERROR(AN17/AJ17,"0") -> 0 | AM17: =IFERROR(AL17/AL11,0) -> 0 | AN17: =CL16 -> 0 | AO17: =IFERROR(AN17/AN26,0) -> 0 | AP17: =CM16 -> 0 | AQ17: =IFERROR(AP17/AP26,0) -> 0 | AR17: =IFERROR(AT17/AP17,"0") -> 0 | AS17: =IFERROR(AR17/AR11,0) -> 0 | AT17: =CN16 -> 0 | AU17: =IFERROR(AT17/AT26,0) -> 0 | AV17: =IFERROR(L17-F17,0) -> 81 | AW17: =IFERROR(AV17/F17,0) -> 0 | AX17: =IFERROR(N17-H17,0) -> 184.64765 | AY17: =IFERROR(AX17/H17,0) -> 0 | AZ17: =IFERROR(P17-J17,0) -> 14956.46 | BA17: =IFERROR(AZ17/J17,0) -> 0 | BB17: =IFERROR(L17-R17,0) -> 81 | BC17: =IFERROR(BB17/R17,0) -> 0 | BD17: =IFERROR(N17-T17,0) -> 184.64765 | BE17: =IFERROR(BD17/T17,0) -> 0 | BF17: =IFERROR(P17-V17,0) -> 14956.46 | BG17: =IFERROR(BF17/V17,0) -> 0 | BH17: =IFERROR(L17-X17,0) -> 81 | BI17: =IFERROR(BH17/X17,0) -> 0 | BJ17: =IFERROR(N17-Z17,0) -> 184.64765 | BK17: =IFERROR(BJ17/Z17,0) -> 0 | BL17: =IFERROR(P17-AB17,0) -> 14956.46 | BM17: =IFERROR(BL17/AB17,0) -> 0 | BN17: =IFERROR(L17-AP17,0) -> 81 | BO17: =IFERROR(BN17/AP17,0) -> 0 | BP17: =IFERROR(N17-AR17,0) -> 184.64765 | BQ17: =IFERROR(BP17/AR17,0) -> 0 | BR17: =IFERROR(P17-AT17,0) -> 14956.46 | BS17: =IFERROR(BR17/AT17,0) -> 0 | BY17: 일 반 | BZ17: 홈페이지 | CA17: 334 | CB17: 84628 | CC17: 311 | CD17: 75077.376
E18: Total | F18: =SUM(F15:F17) -> 236.7464 | G18: =IFERROR(F18/F26,0) -> 0.049911368 | H18: =IFERROR(J18/F18,"0") -> 244.59506 | I18: =IFERROR(H18/H11,0) -> 0.9563561 | J18: =SUM(J15:J17) -> 57907 | K18: =IFERROR(J18/J26,0) -> 0.048679548 | L18: =SUM(L15:L17) -> 116 | M18: =IFERROR(L18/L26,0) -> 0.040305768 | N18: =IFERROR(P18/L18,"0") -> 172.50871 | O18: =IFERROR(N18/N11,0) -> 0.67123718 | P18: =SUM(P15:P17) -> 20011.01 | Q18: =IFERROR(P18/P26,0) -> 0.03146554 | R18: =SUM(R15:R17) -> 0 | S18: =IFERROR(R18/R26,0) -> 0 | T18: =IFERROR(V18/R18,"0") -> 0 | U18: =IFERROR(T18/T11,0) -> 0 | V18: =SUM(V15:V17) -> 0 | W18: =IFERROR(V18/V26,0) -> 0 | X18: =SUM(X15:X17) -> 0 | Y18: =IFERROR(X18/X26,0) -> 0 | Z18: =IFERROR(AB18/X18,"0") -> 0 | AA18: =IFERROR(Z18/Z11,0) -> 0 | AB18: =SUM(AB15:AB17) -> 0 | AC18: =IFERROR(AB18/AB26,0) -> 0 | AD18: =SUM(AD15:AD17) -> 0 | AE18: =IFERROR(AD18/AD26,0) -> 0 | AF18: =IFERROR(AH18/AD18,"0") -> 0 | AG18: =IFERROR(AF18/AF11,0) -> 0 | AH18: =SUM(AH15:AH17) -> 0 | AI18: =IFERROR(AH18/AH26,0) -> 0 | AJ18: =SUM(AJ15:AJ17) -> 0 | AK18: =IFERROR(AJ18/AJ26,0) -> 0 | AL18: =IFERROR(AN18/AJ18,"0") -> 0 | AM18: =IFERROR(AL18/AL11,0) -> 0 | AN18: =SUM(AN15:AN17) -> 0 | AO18: =IFERROR(AN18/AN26,0) -> 0 | AP18: =SUM(AP15:AP17) -> 0 | AQ18: =IFERROR(AP18/AP26,0) -> 0 | AR18: =IFERROR(AT18/AP18,"0") -> 0 | AS18: =IFERROR(AR18/AR11,0) -> 0 | AT18: =SUM(AT15:AT17) -> 0 | AU18: =IFERROR(AT18/AT26,0) -> 0 | AV18: =IFERROR(L18-F18,0) -> -120.7464 | AW18: =IFERROR(AV18/F18,0) -> -0.51002423 | AX18: =IFERROR(N18-H18,0) -> -72.086353 | AY18: =IFERROR(AX18/H18,0) -> -0.29471713 | AZ18: =IFERROR(P18-J18,0) -> -37895.99 | BA18: =IFERROR(AZ18/J18,0) -> -0.65442848 | BB18: =IFERROR(L18-R18,0) -> 116 | BC18: =IFERROR(BB18/R18,0) -> 0 | BD18: =IFERROR(N18-T18,0) -> 172.50871 | BE18: =IFERROR(BD18/T18,0) -> 0 | BF18: =IFERROR(P18-V18,0) -> 20011.01 | BG18: =IFERROR(BF18/V18,0) -> 0 | BH18: =IFERROR(L18-X18,0) -> 116 | BI18: =IFERROR(BH18/X18,0) -> 0 | BJ18: =IFERROR(N18-Z18,0) -> 172.50871 | BK18: =IFERROR(BJ18/Z18,0) -> 0 | BL18: =IFERROR(P18-AB18,0) -> 20011.01 | BM18: =IFERROR(BL18/AB18,0) -> 0 | BN18: =IFERROR(L18-AP18,0) -> 116 | BO18: =IFERROR(BN18/AP18,0) -> 0 | BP18: =IFERROR(N18-AR18,0) -> 172.50871 | BQ18: =IFERROR(BP18/AR18,0) -> 0 | BR18: =IFERROR(P18-AT18,0) -> 20011.01 | BS18: =IFERROR(BR18/AT18,0) -> 0 | BZ18: OTA | CA18: 1041 | CB18: 243909 | CC18: 806 | CD18: 153731.27
D19: FIT | E19: Homepage | F19: =CA17 -> 334 | G19: =IFERROR(F19/F26,0) -> 0.070414574 | H19: =IFERROR(J19/F19,"0") -> 253.37725 | I19: =IFERROR(H19/H11,0) -> 0.99069406 | J19: =CB17 -> 84628 | K19: =IFERROR(J19/J26,0) -> 0.07114257 | L19: =CC17 -> 311 | M19: =IFERROR(L19/L26,0) -> 0.10806115 | N19: =IFERROR(P19/L19,"0") -> 241.40635 | O19: =IFERROR(N19/N11,0) -> 0.93932024 | P19: =CD17 -> 75077.376 | Q19: =IFERROR(P19/P26,0) -> 0.11805252 | R19: =CE17 -> 0 | S19: =IFERROR(R19/R26,0) -> 0 | T19: =IFERROR(V19/R19,"0") -> 0 | U19: =IFERROR(T19/T11,0) -> 0 | V19: =CF17 -> 0 | W19: =IFERROR(V19/V26,0) -> 0 | X19: =CG17 -> 0 | Y19: =IFERROR(X19/X26,0) -> 0 | Z19: =IFERROR(AB19/X19,"0") -> 0 | AA19: =IFERROR(Z19/Z11,0) -> 0 | AB19: =CH17 -> 0 | AC19: =IFERROR(AB19/AB26,0) -> 0 | AD19: =CI17 -> 0 | AE19: =IFERROR(AD19/AD26,0) -> 0 | AF19: =IFERROR(AH19/AD19,"0") -> 0 | AG19: =IFERROR(AF19/AF11,0) -> 0 | AH19: =CJ17 -> 0 | AI19: =IFERROR(AH19/AH26,0) -> 0 | AJ19: =CK17 -> 0 | AK19: =IFERROR(AJ19/AJ26,0) -> 0 | AL19: =IFERROR(AN19/AJ19,"0") -> 0 | AM19: =IFERROR(AL19/AL11,0) -> 0 | AN19: =CL17 -> 0 | AO19: =IFERROR(AN19/AN26,0) -> 0 | AP19: =CM17 -> 0 | AQ19: =IFERROR(AP19/AP26,0) -> 0 | AR19: =IFERROR(AT19/AP19,"0") -> 0 | AS19: =IFERROR(AR19/AR11,0) -> 0 | AT19: =CN17 -> 0 | AU19: =IFERROR(AT19/AT26,0) -> 0 | AV19: =IFERROR(L19-F19,0) -> -23 | AW19: =IFERROR(AV19/F19,0) -> -0.068862275 | AX19: =IFERROR(N19-H19,0) -> -11.970892 | AY19: =IFERROR(AX19/H19,0) -> -0.047245331 | AZ19: =IFERROR(P19-J19,0) -> -9550.624 | BA19: =IFERROR(AZ19/J19,0) -> -0.11285419 | BB19: =IFERROR(L19-R19,0) -> 311 | BC19: =IFERROR(BB19/R19,0) -> 0 | BD19: =IFERROR(N19-T19,0) -> 241.40635 | BE19: =IFERROR(BD19/T19,0) -> 0 | BF19: =IFERROR(P19-V19,0) -> 75077.376 | BG19: =IFERROR(BF19/V19,0) -> 0 | BH19: =IFERROR(L19-X19,0) -> 311 | BI19: =IFERROR(BH19/X19,0) -> 0 | BJ19: =IFERROR(N19-Z19,0) -> 241.40635 | BK19: =IFERROR(BJ19/Z19,0) -> 0 | BL19: =IFERROR(P19-AB19,0) -> 75077.376 | BM19: =IFERROR(BL19/AB19,0) -> 0 | BN19: =IFERROR(L19-AP19,0) -> 311 | BO19: =IFERROR(BN19/AP19,0) -> 0 | BP19: =IFERROR(N19-AR19,0) -> 241.40635 | BQ19: =IFERROR(BP19/AR19,0) -> 0 | BR19: =IFERROR(P19-AT19,0) -> 75077.376 | BS19: =IFERROR(BR19/AT19,0) -> 0 | BZ19: G-OTA | CA19: 519 | CB19: 136244 | CC19: 392 | CD19: 73446.287
E20: OTA | F20: =CA18 -> 1041 | G20: =IFERROR(F20/F26,0) -> 0.21946578 | H20: =IFERROR(J20/F20,"0") -> 234.30259 | I20: =IFERROR(H20/H11,0) -> 0.916113 | J20: =CB18 -> 243909 | K20: =IFERROR(J20/J26,0) -> 0.20504222 | L20: =CC18 -> 806 | M20: =IFERROR(L20/L26,0) -> 0.28005559 | N20: =IFERROR(P20/L20,"0") -> 190.73359 | O20: =IFERROR(N20/N11,0) -> 0.7421508 | P20: =CD18 -> 153731.27 | Q20: =IFERROR(P20/P26,0) -> 0.2417288 | R20: =CE18 -> 0 | S20: =IFERROR(R20/R26,0) -> 0 | T20: =IFERROR(V20/R20,"0") -> 0 | U20: =IFERROR(T20/T11,0) -> 0 | V20: =CF18 -> 0 | W20: =IFERROR(V20/V26,0) -> 0 | X20: =CG18 -> 0 | Y20: =IFERROR(X20/X26,0) -> 0 | Z20: =IFERROR(AB20/X20,"0") -> 0 | AA20: =IFERROR(Z20/Z11,0) -> 0 | AB20: =CH18 -> 0 | AC20: =IFERROR(AB20/AB26,0) -> 0 | AD20: =CI18 -> 0 | AE20: =IFERROR(AD20/AD26,0) -> 0 | AF20: =IFERROR(AH20/AD20,"0") -> 0 | AG20: =IFERROR(AF20/AF11,0) -> 0 | AH20: =CJ18 -> 0 | AI20: =IFERROR(AH20/AH26,0) -> 0 | AJ20: =CK18 -> 0 | AK20: =IFERROR(AJ20/AJ26,0) -> 0 | AL20: =IFERROR(AN20/AJ20,"0") -> 0 | AM20: =IFERROR(AL20/AL11,0) -> 0 | AN20: =CL18 -> 0 | AO20: =IFERROR(AN20/AN26,0) -> 0 | AP20: =CM18 -> 0 | AQ20: =IFERROR(AP20/AP26,0) -> 0 | AR20: =IFERROR(AT20/AP20,"0") -> 0 | AS20: =IFERROR(AR20/AR11,0) -> 0 | AT20: =CN18 -> 0 | AU20: =IFERROR(AT20/AT26,0) -> 0 | AV20: =IFERROR(L20-F20,0) -> -235 | AW20: =IFERROR(AV20/F20,0) -> -0.22574448 | AX20: =IFERROR(N20-H20,0) -> -43.569008 | AY20: =IFERROR(AX20/H20,0) -> -0.18595188 | AZ20: =IFERROR(P20-J20,0) -> -90177.73 | BA20: =IFERROR(AZ20/J20,0) -> -0.36971875 | BB20: =IFERROR(L20-R20,0) -> 806 | BC20: =IFERROR(BB20/R20,0) -> 0 | BD20: =IFERROR(N20-T20,0) -> 190.73359 | BE20: =IFERROR(BD20/T20,0) -> 0 | BF20: =IFERROR(P20-V20,0) -> 153731.27 | BG20: =IFERROR(BF20/V20,0) -> 0 | BH20: =IFERROR(L20-X20,0) -> 806 | BI20: =IFERROR(BH20/X20,0) -> 0 | BJ20: =IFERROR(N20-Z20,0) -> 190.73359 | BK20: =IFERROR(BJ20/Z20,0) -> 0 | BL20: =IFERROR(P20-AB20,0) -> 153731.27 | BM20: =IFERROR(BL20/AB20,0) -> 0 | BN20: =IFERROR(L20-AP20,0) -> 806 | BO20: =IFERROR(BN20/AP20,0) -> 0 | BP20: =IFERROR(N20-AR20,0) -> 190.73359 | BQ20: =IFERROR(BP20/AR20,0) -> 0 | BR20: =IFERROR(P20-AT20,0) -> 153731.27 | BS20: =IFERROR(BR20/AT20,0) -> 0 | BZ20: 제휴사 | CA20: 82 | CB20: 20611 | CC20: 0 | CD20: 0
E21: G-OTA | F21: =CA19 -> 519 | G21: =IFERROR(F21/F26,0) -> 0.10941666 | H21: =IFERROR(J21/F21,"0") -> 262.51252 | I21: =IFERROR(H21/H11,0) -> 1.0264126 | J21: =CB19 -> 136244 | K21: =IFERROR(J21/J26,0) -> 0.11453359 | L21: =CC19 -> 392 | M21: =IFERROR(L21/L26,0) -> 0.1362057 | N21: =IFERROR(P21/L21,"0") -> 187.36298 | O21: =IFERROR(N21/N11,0) -> 0.72903565 | P21: =CD19 -> 73446.287 | Q21: =IFERROR(P21/P26,0) -> 0.11548778 | R21: =CE19 -> 0 | S21: =IFERROR(R21/R26,0) -> 0 | T21: =IFERROR(V21/R21,"0") -> 0 | U21: =IFERROR(T21/T11,0) -> 0 | V21: =CF19 -> 0 | W21: =IFERROR(V21/V26,0) -> 0 | X21: =CG19 -> 0 | Y21: =IFERROR(X21/X26,0) -> 0 | Z21: =IFERROR(AB21/X21,"0") -> 0 | AA21: =IFERROR(Z21/Z11,0) -> 0 | AB21: =CH19 -> 0 | AC21: =IFERROR(AB21/AB26,0) -> 0 | AD21: =CI19 -> 0 | AE21: =IFERROR(AD21/AD26,0) -> 0 | AF21: =IFERROR(AH21/AD21,"0") -> 0 | AG21: =IFERROR(AF21/AF11,0) -> 0 | AH21: =CJ19 -> 0 | AI21: =IFERROR(AH21/AH26,0) -> 0 | AJ21: =CK19 -> 0 | AK21: =IFERROR(AJ21/AJ26,0) -> 0 | AL21: =IFERROR(AN21/AJ21,"0") -> 0 | AM21: =IFERROR(AL21/AL11,0) -> 0 | AN21: =CL19 -> 0 | AO21: =IFERROR(AN21/AN26,0) -> 0 | AP21: =CM19 -> 0 | AQ21: =IFERROR(AP21/AP26,0) -> 0 | AR21: =IFERROR(AT21/AP21,"0") -> 0 | AS21: =IFERROR(AR21/AR11,0) -> 0 | AT21: =CN19 -> 0 | AU21: =IFERROR(AT21/AT26,0) -> 0 | AV21: =IFERROR(L21-F21,0) -> -127 | AW21: =IFERROR(AV21/F21,0) -> -0.24470135 | AX21: =IFERROR(N21-H21,0) -> -75.149547 | AY21: =IFERROR(AX21/H21,0) -> -0.28627033 | AZ21: =IFERROR(P21-J21,0) -> -62797.713 | BA21: =IFERROR(AZ21/J21,0) -> -0.46092094 | BB21: =IFERROR(L21-R21,0) -> 392 | BC21: =IFERROR(BB21/R21,0) -> 0 | BD21: =IFERROR(N21-T21,0) -> 187.36298 | BE21: =IFERROR(BD21/T21,0) -> 0 | BF21: =IFERROR(P21-V21,0) -> 73446.287 | BG21: =IFERROR(BF21/V21,0) -> 0 | BH21: =IFERROR(L21-X21,0) -> 392 | BI21: =IFERROR(BH21/X21,0) -> 0 | BJ21: =IFERROR(N21-Z21,0) -> 187.36298 | BK21: =IFERROR(BJ21/Z21,0) -> 0 | BL21: =IFERROR(P21-AB21,0) -> 73446.287 | BM21: =IFERROR(BL21/AB21,0) -> 0 | BN21: =IFERROR(L21-AP21,0) -> 392 | BO21: =IFERROR(BN21/AP21,0) -> 0 | BP21: =IFERROR(N21-AR21,0) -> 187.36298 | BQ21: =IFERROR(BP21/AR21,0) -> 0 | BR21: =IFERROR(P21-AT21,0) -> 73446.287 | BS21: =IFERROR(BR21/AT21,0) -> 0 | BZ21: 기 타 | CA21: 105 | CB21: 28919 | CC21: 33 | CD21: 7405.179
E22: Affiliate | F22: =CA20 -> 82 | G22: =IFERROR(F22/F26,0) -> 0.01728741 | H22: =IFERROR(J22/F22,"0") -> 251.35366 | I22: =IFERROR(H22/H11,0) -> 0.98278192 | J22: =CB20 -> 20611 | K22: =IFERROR(J22/J26,0) -> 0.017326647 | L22: =CC20 -> 0 | M22: =IFERROR(L22/L26,0) -> 0 | N22: =IFERROR(P22/L22,"0") -> 0 | O22: =IFERROR(N22/N11,0) -> 0 | P22: =CD20 -> 0 | Q22: =IFERROR(P22/P26,0) -> 0 | R22: =CE20 -> 0 | S22: =IFERROR(R22/R26,0) -> 0 | T22: =IFERROR(V22/R22,"0") -> 0 | U22: =IFERROR(T22/T11,0) -> 0 | V22: =CF20 -> 0 | W22: =IFERROR(V22/V26,0) -> 0 | X22: =CG20 -> 0 | Y22: =IFERROR(X22/X26,0) -> 0 | Z22: =IFERROR(AB22/X22,"0") -> 0 | AA22: =IFERROR(Z22/Z11,0) -> 0 | AB22: =CH20 -> 0 | AC22: =IFERROR(AB22/AB26,0) -> 0 | AD22: =CI20 -> 0 | AE22: =IFERROR(AD22/AD26,0) -> 0 | AF22: =IFERROR(AH22/AD22,"0") -> 0 | AG22: =IFERROR(AF22/AF11,0) -> 0 | AH22: =CJ20 -> 0 | AI22: =IFERROR(AH22/AH26,0) -> 0 | AJ22: =CK20 -> 0 | AK22: =IFERROR(AJ22/AJ26,0) -> 0 | AL22: =IFERROR(AN22/AJ22,"0") -> 0 | AM22: =IFERROR(AL22/AL11,0) -> 0 | AN22: =CL20 -> 0 | AO22: =IFERROR(AN22/AN26,0) -> 0 | AP22: =CM20 -> 0 | AQ22: =IFERROR(AP22/AP26,0) -> 0 | AR22: =IFERROR(AT22/AP22,"0") -> 0 | AS22: =IFERROR(AR22/AR11,0) -> 0 | AT22: =CN20 -> 0 | AU22: =IFERROR(AT22/AT26,0) -> 0 | AV22: =IFERROR(L22-F22,0) -> -82 | AW22: =IFERROR(AV22/F22,0) -> -1 | AX22: =IFERROR(N22-H22,0) -> -251.35366 | AY22: =IFERROR(AX22/H22,0) -> -1 | AZ22: =IFERROR(P22-J22,0) -> -20611 | BA22: =IFERROR(AZ22/J22,0) -> -1 | BB22: =IFERROR(L22-R22,0) -> 0 | BC22: =IFERROR(BB22/R22,0) -> 0 | BD22: =IFERROR(N22-T22,0) -> 0 | BE22: =IFERROR(BD22/T22,0) -> 0 | BF22: =IFERROR(P22-V22,0) -> 0 | BG22: =IFERROR(BF22/V22,0) -> 0 | BH22: =IFERROR(L22-X22,0) -> 0 | BI22: =IFERROR(BH22/X22,0) -> 0 | BJ22: =IFERROR(N22-Z22,0) -> 0 | BK22: =IFERROR(BJ22/Z22,0) -> 0 | BL22: =IFERROR(P22-AB22,0) -> 0 | BM22: =IFERROR(BL22/AB22,0) -> 0 | BN22: =IFERROR(L22-AP22,0) -> 0 | BO22: =IFERROR(BN22/AP22,0) -> 0 | BP22: =IFERROR(N22-AR22,0) -> 0 | BQ22: =IFERROR(BP22/AR22,0) -> 0 | BR22: =IFERROR(P22-AT22,0) -> 0 | BS22: =IFERROR(BR22/AT22,0) -> 0 | BY22: COMP | CA22: 47.589856 | CB22: 0 | CC22: 19 | CD22: 630.002
E23: Other | F23: =CA21 -> 105 | G23: =IFERROR(F23/F26,0) -> 0.022136318 | H23: =IFERROR(J23/F23,"0") -> 275.41905 | I23: =IFERROR(H23/H11,0) -> 1.0768766 | J23: =CB21 -> 28919 | K23: =IFERROR(J23/J26,0) -> 0.024310772 | L23: =CC21 -> 33 | M23: =IFERROR(L23/L26,0) -> 0.011466296 | N23: =IFERROR(P23/L23,"0") -> 224.39936 | O23: =IFERROR(N23/N11,0) -> 0.87314547 | P23: =CD21 -> 7405.179 | Q23: =IFERROR(P23/P26,0) -> 0.011643988 | R23: =CE21 -> 0 | S23: =IFERROR(R23/R26,0) -> 0 | T23: =IFERROR(V23/R23,"0") -> 0 | U23: =IFERROR(T23/T11,0) -> 0 | V23: =CF21 -> 0 | W23: =IFERROR(V23/V26,0) -> 0 | X23: =CG21 -> 0 | Y23: =IFERROR(X23/X26,0) -> 0 | Z23: =IFERROR(AB23/X23,"0") -> 0 | AA23: =IFERROR(Z23/Z11,0) -> 0 | AB23: =CH21 -> 0 | AC23: =IFERROR(AB23/AB26,0) -> 0 | AD23: =CI21 -> 0 | AE23: =IFERROR(AD23/AD26,0) -> 0 | AF23: =IFERROR(AH23/AD23,"0") -> 0 | AG23: =IFERROR(AF23/AF11,0) -> 0 | AH23: =CJ21 -> 0 | AI23: =IFERROR(AH23/AH26,0) -> 0 | AJ23: =CK21 -> 0 | AK23: =IFERROR(AJ23/AJ26,0) -> 0 | AL23: =IFERROR(AN23/AJ23,"0") -> 0 | AM23: =IFERROR(AL23/AL11,0) -> 0 | AN23: =CL21 -> 0 | AO23: =IFERROR(AN23/AN26,0) -> 0 | AP23: =CM21 -> 0 | AQ23: =IFERROR(AP23/AP26,0) -> 0 | AR23: =IFERROR(AT23/AP23,"0") -> 0 | AS23: =IFERROR(AR23/AR11,0) -> 0 | AT23: =CN21 -> 0 | AU23: =IFERROR(AT23/AT26,0) -> 0 | AV23: =IFERROR(L23-F23,0) -> -72 | AW23: =IFERROR(AV23/F23,0) -> -0.68571429 | AX23: =IFERROR(N23-H23,0) -> -51.019684 | AY23: =IFERROR(AX23/H23,0) -> -0.18524385 | AZ23: =IFERROR(P23-J23,0) -> -21513.821 | BA23: =IFERROR(AZ23/J23,0) -> -0.74393378 | BB23: =IFERROR(L23-R23,0) -> 33 | BC23: =IFERROR(BB23/R23,0) -> 0 | BD23: =IFERROR(N23-T23,0) -> 224.39936 | BE23: =IFERROR(BD23/T23,0) -> 0 | BF23: =IFERROR(P23-V23,0) -> 7405.179 | BG23: =IFERROR(BF23/V23,0) -> 0 | BH23: =IFERROR(L23-X23,0) -> 33 | BI23: =IFERROR(BH23/X23,0) -> 0 | BJ23: =IFERROR(N23-Z23,0) -> 224.39936 | BK23: =IFERROR(BJ23/Z23,0) -> 0 | BL23: =IFERROR(P23-AB23,0) -> 7405.179 | BM23: =IFERROR(BL23/AB23,0) -> 0 | BN23: =IFERROR(L23-AP23,0) -> 33 | BO23: =IFERROR(BN23/AP23,0) -> 0 | BP23: =IFERROR(N23-AR23,0) -> 224.39936 | BQ23: =IFERROR(BP23/AR23,0) -> 0 | BR23: =IFERROR(P23-AT23,0) -> 7405.179 | BS23: =IFERROR(BR23/AT23,0) -> 0 | BX23: 2월 | BY23: 회 원 | BZ23: 기 명 | CA23: 0 | CB23: 0 | CC23: 13 | CD23: 849.092
