Workbook
Name _______A1: #REF!
Name _______A1: #REF!
Name _______A1: #REF!
Name _______A1: #REF!
Name _______A1: #REF!
Name _______A1: #REF!
Name ______A1: #REF!
Name ______A1: #REF!
Name ______A1: #REF!
Name ______A1: #REF!
Name ______A1: #REF!
Name ______A1: #REF!
Name _____A1: #REF!
Name _____A1: #REF!
Name _____A1: #REF!
Name _____A1: #REF!
Name _____A1: #REF!
Name _____A1: #REF!
Name ____A1: #REF!
Name ____A1: #REF!
Name ____A1: #REF!
Name ____A1: #REF!
Name ____A1: #REF!
Name ____A1: #REF!
Name ___ST1: #N/A
Name ___YO1: #N/A
Name __IntlFixup: TRUE
Name __mac03: [1]장비!$M$125
Name __mac10: [1]장비!$M$133
Name __mbh07: [1]장비!$M$21
Name __mdt02: [1]장비!$M$241
Name __mdt15: [1]장비!$M$17
Name __mgn05: [1]장비!$M$177
Name __mgp45: [1]장비!$M$237
Name __mlm10: [1]장비!$M$165
Name __mlt17: [1]장비!$M$33
Name __mmd36: [1]장비!$M$37
Name __mmr08: [1]장비!$M$45
Name __mmr10: [1]장비!$M$41
Name __mmx02: [1]장비!$M$221
Name __mtc30: [1]장비!$M$85
Name __mtd10: [1]장비!$M$49
Name __mtr08: [1]장비!$M$57
Name __mvr10: [1]장비!$M$53
Name __mwt55: [1]장비!$M$161
Name __R69496: '[2]입출재고현황 (2)'!$R$62503
Name __R70000: '[2]입출재고현황 (2)'!$R$60007
Name __R80000: '[2]입출재고현황 (2)'!$R$20007
Name __R90000: '[2]입출재고현황 (2)'!$R$20007
Name __R99000: '[2]입출재고현황 (2)'!$R$11947
Name __ST1: #N/A
Name __YO1: #N/A
Name _\Z: [3]결과조달!$GU$5658:$IV$7860
Name _10A_61: #N/A
Name _10A_62: #N/A
Name _10A_63: #N/A
Name _10A_64: #N/A
Name _10A_65: #N/A
Name _10A_66: #N/A
Name _10A_67: #N/A

Sheet 요약
A1: 2026년 팔라티움 해운대 사업계획
A3: ■ 총괄
Q4: [단위 : 백만원]
B5: 구분 | D5: 합계 | E5: 2026년 사업계획 | Q5: 비고
E6: 1 | F6: 2 | G6: 3 | H6: 4 | I6: 5 | J6: 6 | K6: 7 | L6: 8 | M6: 9 | N6: 10 | O6: 11 | P6: 12
B7: 판매객실수(실) | D7: =SUM(E7:P7) -> 55510 | E7: =SUM(Sheet1!Y23:Y25) -> 4111 | F7: =SUM(Sheet1!Z23:Z25) -> 3333 | G7: =SUM(Sheet1!AA23:AA25) -> 3732 | H7: =SUM(Sheet1!AB23:AB25) -> 4122 | I7: =SUM(Sheet1!AC23:AC25) -> 4774 | J7: =SUM(Sheet1!AD23:AD25) -> 4788 | K7: =SUM(Sheet1!AE23:AE25) -> 5516 | L7: =SUM(Sheet1!AF23:AF25) -> 5903 | ... P7: =SUM(Sheet1!AJ23:AJ25) -> 4365 | U7: 2896 | V7: =238*0.7 -> 166.6
B8: 투숙률 | D8: =D7/Sheet1!X31 -> 0.63900081 | E8: =E7/Sheet1!Y31 -> 0.55719707 | F8: =F7/Sheet1!Z31 -> 0.50015006 | G8: =G7/Sheet1!AA31 -> 0.50582814 | H8: =H7/Sheet1!AB31 -> 0.57731092 | I8: =I7/Sheet1!AC31 -> 0.64705882 | J8: =J7/Sheet1!AD31 -> 0.67058824 | K8: =K7/Sheet1!AE31 -> 0.74762808 | ... P8: =P7/Sheet1!AJ31 -> 0.59162375 | Q8: - 연간 투숙률 64% | U8: =+U7*0.65 -> 1882.4 | V8: 166
B9: ADR(천원) | D9: =매출목표!G7/요약!D7 -> 293.99782 | E9: =매출목표!H7/요약!E7 -> 291.66172 | F9: =매출목표!I7/요약!F7 -> 291.29582 | G9: =매출목표!J7/요약!G7 -> 291.39847 | H9: =매출목표!K7/요약!H7 -> 291.62481 | I9: =매출목표!L7/요약!I7 -> 293.55779 | J9: =매출목표!M7/요약!J7 -> 295.90756 | K9: =매출목표!N7/요약!K7 -> 291.74667 | ... P9: =매출목표!S7/요약!P7 -> 296.57639 | Q9: - 연간 ADR 294,000원 | U9: =+U8*5% -> 94.12 | V9: =+V8*365 -> 60590
B10: Ⅰ. 매 출 액 | D10: =SUM(E10:P10) -> 16483017 | E10: =E11 -> 1211011.6 | F10: =F11 -> 980597.85 | G10: =G11 -> 1098374.1 | H10: =H11 -> 1214098.2 | I10: =I11 -> 1415459.3 | J10: =J11 -> 1430973.5 | K10: =K11 -> 1625367.4 | L10: =L11 -> 1740604.4 | ... P10: =P11 -> 1307501.5 | U10: =72-94 -> -22 | V10: =+V9*294 -> 17813460
C11: 객 실 | D11: =SUM(E11:P11) -> 16483017 | E11: =매출목표!H9 -> 1211011.6 | F11: =매출목표!I9 -> 980597.85 | G11: =매출목표!J9 -> 1098374.1 | H11: =매출목표!K9 -> 1214098.2 | I11: =매출목표!L9 -> 1415459.3 | J11: =매출목표!M9 -> 1430973.5 | K11: =매출목표!N9 -> 1625367.4 | L11: =매출목표!O9 -> 1740604.4 | ... P11: =매출목표!S9 -> 1307501.5 | V11: =16483-17813 -> -1330
B12: Ⅱ. 운 영 원 가 | D12: =SUM(E12:P12) -> 8772294.2 | E12: =SUM(E13:E24) -> 676278.79 | F12: =SUM(F13:F24) -> 607309.9 | G12: =SUM(G13:G24) -> 645438.95 | H12: =SUM(H13:H24) -> 676950.8 | I12: =SUM(I13:I24) -> 736935.26 | J12: =SUM(J13:J24) -> 745016.25 | K12: =SUM(K13:K24) -> 799821.6 | L12: =SUM(L13:L24) -> 834184.8 | ... P12: =SUM(P13:P24) -> 773565.8
C13: 인 건 비 | D13: =SUM(E13:P13) -> 928527.07 | E13: =E39 -> 71928.153 | F13: =F39 -> 71928.153 | G13: =G39 -> 71928.153 | H13: =H39 -> 71928.153 | I13: =I39 -> 71928.153 | J13: =J39 -> 71928.153 | K13: =K39 -> 71928.153 | L13: =L39 -> 71928.153 | ... P13: =P39 -> 137317.38 | Q13: - 인력 운영계획 기준 (직영 16명)
C14: 재 료 비 | D14: =SUM(E14:P14) -> 0 | E14: =E40 -> 0 | F14: =F40 -> 0 | G14: =G40 -> 0 | H14: =H40 -> 0 | I14: =I40 -> 0 | J14: =J40 -> 0 | K14: =K40 -> 0 | L14: =L40 -> 0 | ... P14: =P40 -> 0 | Q14: - 미반영
C15: 용 역 비 | D15: =SUM(E15:P15) -> 2010992.9 | E15: =E45 -> 166769.87 | F15: =F45 -> 165617.8 | G15: =G45 -> 166206.68 | H15: =H45 -> 166785.31 | I15: =I45 -> 167792.11 | J15: =J45 -> 167869.68 | K15: =K45 -> 168841.65 | L15: =L45 -> 169417.84 | ... P15: =P45 -> 167252.32 | Q15: - 도급운영 인력계획 기준 (객실 17명), 객실정비료 실당 23천원
C16: 복리후생비 | D16: =SUM(E16:P16) -> 203423.88 | E16: =E56 -> 16918.656 | F16: =F56 -> 16918.656 | G16: =G56 -> 16918.656 | H16: =H56 -> 16918.656 | I16: =I56 -> 16918.656 | J16: =J56 -> 16918.656 | K16: =K56 -> 17118.656 | L16: =L56 -> 17118.656 | ... P16: =P56 -> 16918.656 | Q16: - 직영 16명 기준(급식대, 경조사비, 의료비 등) 적용
C17: 수도광열비 | D17: =SUM(E17:P17) -> 1307103.2 | E17: =E62 -> 96033.217 | F17: =F62 -> 77761.41 | G17: =G62 -> 87101.066 | H17: =H62 -> 96277.989 | I17: =I62 -> 112245.93 | J17: =J62 -> 113476.2 | K17: =K62 -> 128891.63 | L17: =L62 -> 138029.93 | ... P17: =P62 -> 103684.87 | Q17: - 총매출 x 소노문 해운대 1~8월 집행률. 계정별 별도 가중치 적용
C18: 소 모 품 비 | D18: =SUM(E18:P18) -> 560422.58 | E18: =E63 -> 41174.393 | F18: =F63 -> 33340.327 | G18: =G63 -> 37344.719 | H18: =H63 -> 41279.34 | I18: =I63 -> 48125.618 | J18: =J63 -> 48653.098 | K18: =K63 -> 55262.49 | L18: =L63 -> 59180.55 | ... P18: =P63 -> 44455.05 | Q18: - 총매출 x 소노인터내셔널 전사업장 1~8월 누계 3.4% 적용
C19: 지급수수료 | D19: =SUM(E19:P19) -> 3502196.5 | E19: =E68 -> 264550.92 | F19: =F68 -> 225739.73 | G19: =G68 -> 245581.43 | H19: =H68 -> 265072.28 | I19: =I68 -> 298920.06 | J19: =J68 -> 301437.32 | K19: =K68 -> 334360.35 | L19: =L68 -> 353765.77 | ... P19: =P68 -> 280624.31 | Q19: - 카드수수료, 위탁수수료, 영업용역료(외부 수수료 10% 등) 반영
C20: 수 선 비 | D20: =SUM(E20:P20) -> 8241.5085 | E20: =E69 -> 605.50578 | F20: =F69 -> 490.29893 | G20: =G69 -> 549.18705 | H20: =H69 -> 607.04911 | I20: =I69 -> 707.72967 | J20: =J69 -> 715.48673 | K20: =K69 -> 812.68368 | L20: =L69 -> 870.3022 | ... P20: =P69 -> 653.75074 | Q20: - 총매출 x 2019년 쏠비치 진도 오픈 초 수선비율 0.05% 적용
C21: 광고선전비 | D21: =SUM(E21:P21) -> 18000 | E21: =E74 -> 500 | F21: =F74 -> 500 | G21: =G74 -> 3500 | H21: =H74 -> 500 | I21: =I74 -> 500 | J21: =J74 -> 3500 | K21: =K74 -> 500 | L21: =L74 -> 500 | ... P21: =P74 -> 3500 | Q21: - 영업활성화 최소 광고비 집행 반영(분기별 예비성 예산)
C22: 세금과공과 | D22: =SUM(E22:P22) -> 4973.3538 | E22: =E83 -> 576.94615 | F22: =F83 -> 326.94615 | G22: =G83 -> 326.94615 | H22: =H83 -> 326.94615 | I22: =I83 -> 326.94615 | J22: =J83 -> 726.94615 | K22: =K83 -> 326.94615 | L22: =L83 -> 326.94615 | ... P22: =P83 -> 726.94615 | Q22: - 주민세 인건비 X 0.5% 반영
C23: 감가상각비 | D23: =SUM(E23:P23) -> 36000 | E23: =E86 -> 3000 | F23: =F86 -> 3000 | G23: =G86 -> 3000 | H23: =H86 -> 3000 | I23: =I86 -> 3000 | J23: =J86 -> 3000 | K23: =K86 -> 3000 | L23: =L86 -> 3000 | ... P23: =P86 -> 3000 | Q23: - 유형자산 감가상각비 월 3,000천원 반영
C24: 기 타 경 비 | D24: =SUM(E24:P24) -> 192413.19 | E24: =E96 -> 14221.127 | F24: =F96 -> 11686.576 | G24: =G96 -> 12982.115 | H24: =H96 -> 14255.08 | I24: =I96 -> 16470.053 | J24: =J96 -> 16790.708 | K24: =K96 -> 18779.041 | L24: =L96 -> 20046.649 | ... P24: =P96 -> 15432.516 | Q24: - 지급임차료, 보험료, 교통비, 통신비 등 반영
B25: Ⅲ. 영 업 이 익 | D25: =SUM(E25:P25) -> 7710722.7 | E25: =E10-E12 -> 534732.77 | F25: =F10-F12 -> 373287.96 | G25: =G10-G12 -> 452935.15 | H25: =H10-H12 -> 537147.42 | I25: =I10-I12 -> 678524.09 | J25: =J10-J12 -> 685957.21 | K25: =K10-K12 -> 825545.76 | L25: =L10-L12 -> 906419.61 | ... P25: =P10-P12 -> 533935.68
C26: % | D26: =D25/D$10 -> 0.46779802 | E26: =E25/E$10 -> 0.44155877 | F26: =F25/F$10 -> 0.38067385 | G26: =G25/G$10 -> 0.41236874 | H26: =H25/H$10 -> 0.44242501 | I26: =I25/I$10 -> 0.47936671 | J26: =J25/J$10 -> 0.47936404 | K26: =K25/K$10 -> 0.50791334 | ... P26: =P25/P$10 -> 0.40836335
B27: Ⅳ. 영 업 이 익[+@] | D27: =SUM(E27:P27) -> 7170972.1 | E27: =E25 -> 534732.77 | F27: =F25 -> 373287.96 | G27: =G25 -> 452935.15 | H27: =H25 -> 537147.42 | I27: =I25 -> 678524.09 | J27: =J25 -> 685957.21 | K27: =K25 -> 825545.76 | L27: =L25 -> 906419.61 | ... O27: =O25 -> 643338.85 | P27: =P25-(D25*7%) -> -5814.9076 | Q27: 이익률 47% 기준 Incentive Fee 7% 적용. 12월 +540백
C28: % | D28: =D27/D$10 -> 0.43505216 | E28: =E27/E$10 -> 0.44155877 | F28: =F27/F$10 -> 0.38067385 | G28: =G27/G$10 -> 0.41236874 | H28: =H27/H$10 -> 0.44242501 | I28: =I27/I$10 -> 0.47936671 | J28: =J27/J$10 -> 0.47936404 | K28: =K27/K$10 -> 0.50791334 | ... P28: =P27/P$10 -> -0.0044473431
A30: ■ 운영원가 세부
Q31: [단위 : 백만원]
B32: 구분 | D32: 합계 | E32: 2026년 사업계획 | Q32: 비고
E33: 1 | F33: 2 | G33: 3 | H33: 4 | I33: 5 | J33: 6 | K33: 7 | L33: 8 | M33: 9 | N33: 10 | O33: 11 | P33: 12
B34: 급료 | D34: =SUM(E34:P34) -> 784670.76 | E34: =손익계산서!E33 -> 65389.23 | F34: =손익계산서!F33 -> 65389.23 | G34: =손익계산서!G33 -> 65389.23 | H34: =손익계산서!H33 -> 65389.23 | I34: =손익계산서!I33 -> 65389.23 | J34: =손익계산서!J33 -> 65389.23 | K34: =손익계산서!K33 -> 65389.23 | L34: =손익계산서!L33 -> 65389.23 | ... P34: =손익계산서!P33 -> 65389.23 | Q34: #)참고자료 1. 인력계획 참고 (직영 28명 기준)
B35: 임금 | D35: =SUM(E35:P35) -> 0 | E35: =손익계산서!E34 -> 0 | F35: =손익계산서!F34 -> 0 | G35: =손익계산서!G34 -> 0 | H35: =손익계산서!H34 -> 0 | I35: =손익계산서!I34 -> 0 | J35: =손익계산서!J34 -> 0 | K35: =손익계산서!K34 -> 0 | L35: =손익계산서!L34 -> 0 | ... P35: =손익계산서!P34 -> 0 | Q35: 미반영
B36: 상여금 | D36: =SUM(E36:P36) -> 65389.23 | E36: =손익계산서!E35 -> 0 | F36: =손익계산서!F35 -> 0 | G36: =손익계산서!G35 -> 0 | H36: =손익계산서!H35 -> 0 | I36: =손익계산서!I35 -> 0 | J36: =손익계산서!J35 -> 0 | K36: =손익계산서!K35 -> 0 | L36: =손익계산서!L35 -> 0 | ... P36: =손익계산서!P35 -> 65389.23 | Q36: 12월 성과급 월급여 100% 지급 가정
B37: 제수당 | D37: =SUM(E37:P37) -> 0 | E37: =손익계산서!E36 -> 0 | F37: =손익계산서!F36 -> 0 | G37: =손익계산서!G36 -> 0 | H37: =손익계산서!H36 -> 0 | I37: =손익계산서!I36 -> 0 | J37: =손익계산서!J36 -> 0 | K37: =손익계산서!K36 -> 0 | L37: =손익계산서!L36 -> 0 | ... P37: =손익계산서!P36 -> 0 | Q37: 미반영(급료 단가포함)
B38: 퇴직급여 | D38: =SUM(E38:P38) -> 78467.076 | E38: =손익계산서!E37 -> 6538.923 | F38: =손익계산서!F37 -> 6538.923 | G38: =손익계산서!G37 -> 6538.923 | H38: =손익계산서!H37 -> 6538.923 | I38: =손익계산서!I37 -> 6538.923 | J38: =손익계산서!J37 -> 6538.923 | K38: =손익계산서!K37 -> 6538.923 | L38: =손익계산서!L37 -> 6538.923 | ... P38: =손익계산서!P37 -> 6538.923 | Q38: 급여 10% 충당금 설정
B39: 인건비소계 | D39: =SUM(E39:P39) -> 928527.07 | E39: =SUM(E34:E38) -> 71928.153 | F39: =SUM(F34:F38) -> 71928.153 | G39: =SUM(G34:G38) -> 71928.153 | H39: =SUM(H34:H38) -> 71928.153 | I39: =SUM(I34:I38) -> 71928.153 | J39: =SUM(J34:J38) -> 71928.153 | K39: =SUM(K34:K38) -> 71928.153 | L39: =SUM(L34:L38) -> 71928.153 | ... P39: =SUM(P34:P38) -> 137317.38
B40: 재료비소계 | D40: =SUM(E40:P40) -> 0 | E40: =손익계산서!E39 -> 0 | F40: =손익계산서!F39 -> 0 | G40: =손익계산서!G39 -> 0 | H40: =손익계산서!H39 -> 0 | I40: =손익계산서!I39 -> 0 | J40: =손익계산서!J39 -> 0 | K40: =손익계산서!K39 -> 0 | L40: =손익계산서!L39 -> 0 | ... P40: =손익계산서!P39 -> 0 | Q40: 소노문 해운대 Lounge, Moon 재료비율 적용(1~8월 누계 43%)
B41: 고정도급비 | D41: =SUM(E41:P41) -> 651849.38 | E41: =손익계산서!E40 -> 54320.781 | F41: =손익계산서!F40 -> 54320.781 | G41: =손익계산서!G40 -> 54320.781 | H41: =손익계산서!H40 -> 54320.781 | I41: =손익계산서!I40 -> 54320.781 | J41: =손익계산서!J40 -> 54320.781 | K41: =손익계산서!K40 -> 54320.781 | L41: =손익계산서!L40 -> 54320.781 | ... P41: =손익계산서!P40 -> 54320.781 | Q41: #)참고자료 1. 인력계획 참고
B42: 추가도급비 | D42: =SUM(E42:P42) -> 0 | E42: =손익계산서!E41 -> 0 | F42: =손익계산서!F41 -> 0 | G42: =손익계산서!G41 -> 0 | H42: =손익계산서!H41 -> 0 | I42: =손익계산서!I41 -> 0 | J42: =손익계산서!J41 -> 0 | K42: =손익계산서!K41 -> 0 | L42: =손익계산서!L41 -> 0 | ... P42: =손익계산서!P41 -> 0 | Q42: 미반영
B43: 시설관리비 | D43: =SUM(E43:P43) -> 82415.085 | E43: =손익계산서!E42 -> 6055.0578 | F43: =손익계산서!F42 -> 4902.9893 | G43: =손익계산서!G42 -> 5491.8705 | H43: =손익계산서!H42 -> 6070.4911 | I43: =손익계산서!I42 -> 7077.2967 | J43: =손익계산서!J42 -> 7154.8673 | K43: =손익계산서!K42 -> 8126.8368 | L43: =손익계산서!L42 -> 8703.022 | ... P43: =손익계산서!P42 -> 6537.5074 | Q43: 총매출 x 0.5% (소노인터내셔널 전사업장 1~8월 누계 0.5%)
B44: 객실정비료 | D44: =SUM(E44:P44) -> 1276728.4 | E44: =손익계산서!E43 -> 106394.03 | F44: =손익계산서!F43 -> 106394.03 | G44: =손익계산서!G43 -> 106394.03 | H44: =손익계산서!H43 -> 106394.03 | I44: =손익계산서!I43 -> 106394.03 | J44: =손익계산서!J43 -> 106394.03 | K44: =손익계산서!K43 -> 106394.03 | L44: =손익계산서!L43 -> 106394.03 | ... P44: =손익계산서!P43 -> 106394.03 | Q44: #)참고자료 1. 인력계획 참고. (룸메이드 별도 구분)
B45: 용역비소계 | D45: =SUM(E45:P45) -> 2010992.9 | E45: =SUM(E41:E44) -> 166769.87 | F45: =SUM(F41:F44) -> 165617.8 | G45: =SUM(G41:G44) -> 166206.68 | H45: =SUM(H41:H44) -> 166785.31 | I45: =SUM(I41:I44) -> 167792.11 | J45: =SUM(J41:J44) -> 167869.68 | K45: =SUM(K41:K44) -> 168841.65 | L45: =SUM(L41:L44) -> 169417.84 | ... P45: =SUM(P41:P44) -> 167252.32
B46: 직원급식대 | D46: =SUM(E46:P46) -> 58396.8 | E46: =손익계산서!E45 -> 4866.4 | F46: =손익계산서!F45 -> 4866.4 | G46: =손익계산서!G45 -> 4866.4 | H46: =손익계산서!H45 -> 4866.4 | I46: =손익계산서!I45 -> 4866.4 | J46: =손익계산서!J45 -> 4866.4 | K46: =손익계산서!K45 -> 4866.4 | L46: =손익계산서!L45 -> 4866.4 | ... P46: =손익계산서!P45 -> 4866.4 | Q46: 28명 x 7,000원 x 2식 x 260.7일(주5일 기준)
B47: 직원경조비 | D47: =SUM(E47:P47) -> 1200 | E47: =손익계산서!E46 -> 100 | F47: =손익계산서!F46 -> 100 | G47: =손익계산서!G46 -> 100 | H47: =손익계산서!H46 -> 100 | I47: =손익계산서!I46 -> 100 | J47: =손익계산서!J46 -> 100 | K47: =손익계산서!K46 -> 100 | L47: =손익계산서!L46 -> 100 | ... P47: =손익계산서!P46 -> 100 | Q47: 결혼, 조사 등 경조사비용 월 50천원 적용
B48: 의료비 | D48: =SUM(E48:P48) -> 1200 | E48: =손익계산서!E47 -> 100 | F48: =손익계산서!F47 -> 100 | G48: =손익계산서!G47 -> 100 | H48: =손익계산서!H47 -> 100 | I48: =손익계산서!I47 -> 100 | J48: =손익계산서!J47 -> 100 | K48: =손익계산서!K47 -> 100 | L48: =손익계산서!L47 -> 100 | ... P48: =손익계산서!P47 -> 100 | Q48: 직원 사상관련 의료 비용(상비약 등) 월 50천원 적용
B49: 세탁비 | D49: =SUM(E49:P49) -> 10000 | E49: =손익계산서!E48 -> 800 | F49: =손익계산서!F48 -> 800 | G49: =손익계산서!G48 -> 800 | H49: =손익계산서!H48 -> 800 | I49: =손익계산서!I48 -> 800 | J49: =손익계산서!J48 -> 800 | K49: =손익계산서!K48 -> 1000 | L49: =손익계산서!L48 -> 1000 | ... P49: =손익계산서!P48 -> 800 | Q49: 직원 유니폼 세탁비 월 500천원 적용
B50: 피복비 | D50: =SUM(E50:P50) -> 3000 | E50: =손익계산서!E49 -> 250 | F50: =손익계산서!F49 -> 250 | G50: =손익계산서!G49 -> 250 | H50: =손익계산서!H49 -> 250 | I50: =손익계산서!I49 -> 250 | J50: =손익계산서!J49 -> 250 | K50: =손익계산서!K49 -> 250 | L50: =손익계산서!L49 -> 250 | ... P50: =손익계산서!P49 -> 250 | Q50: 직원 유니폼, 안전화 교체비용 년 2,000천 원적용
B51: 회사부담금 | D51: =SUM(E51:P51) -> 78467.076 | E51: =손익계산서!E50 -> 6538.923 | F51: =손익계산서!F50 -> 6538.923 | G51: =손익계산서!G50 -> 6538.923 | H51: =손익계산서!H50 -> 6538.923 | I51: =손익계산서!I50 -> 6538.923 | J51: =손익계산서!J50 -> 6538.923 | K51: =손익계산서!K50 -> 6538.923 | L51: =손익계산서!L50 -> 6538.923 | ... P51: =손익계산서!P50 -> 6538.923 | Q51: 급여 10% 4대보험 적용
B52: 직원기념일 | D52: =SUM(E52:P52) -> 1600 | E52: =손익계산서!E51 -> 133.33333 | F52: =손익계산서!F51 -> 133.33333 | G52: =손익계산서!G51 -> 133.33333 | H52: =손익계산서!H51 -> 133.33333 | I52: =손익계산서!I51 -> 133.33333 | J52: =손익계산서!J51 -> 133.33333 | K52: =손익계산서!K51 -> 133.33333 | L52: =손익계산서!L51 -> 133.33333 | ... P52: =손익계산서!P51 -> 133.33333 | Q52: 직원 기념일(생일, 결혼기념일) 인당 100천원 적용
B53: 팀운영비 | D53: =SUM(E53:P53) -> 7560 | E53: =손익계산서!E52 -> 630 | F53: =손익계산서!F52 -> 630 | G53: =손익계산서!G52 -> 630 | H53: =손익계산서!H52 -> 630 | I53: =손익계산서!I52 -> 630 | J53: =손익계산서!J52 -> 630 | K53: =손익계산서!K52 -> 630 | L53: =손익계산서!L52 -> 630 | ... P53: =손익계산서!P52 -> 630 | Q53: 팀운영관리비(찻대, 조직활성화비, 분기회식비)
B54: 조직운영비 | D54: =SUM(E54:P54) -> 3600 | E54: =손익계산서!E53 -> 300 | F54: =손익계산서!F53 -> 300 | G54: =손익계산서!G53 -> 300 | H54: =손익계산서!H53 -> 300 | I54: =손익계산서!I53 -> 300 | J54: =손익계산서!J53 -> 300 | K54: =손익계산서!K53 -> 300 | L54: =손익계산서!L53 -> 300 | ... P54: =손익계산서!P53 -> 300 | Q54: 조직운영에 필요한 격려 회식, 간식 등 월 200천원 적용
B55: 기타복리 | D55: =SUM(E55:P55) -> 38400 | E55: =손익계산서!E54 -> 3200 | F55: =손익계산서!F54 -> 3200 | G55: =손익계산서!G54 -> 3200 | H55: =손익계산서!H54 -> 3200 | I55: =손익계산서!I54 -> 3200 | J55: =손익계산서!J54 -> 3200 | K55: =손익계산서!K54 -> 3200 | L55: =손익계산서!L54 -> 3200 | ... P55: =손익계산서!P54 -> 3200 | Q55: 기타 복리후생비 인당 월 50천원 적용
B56: 복리후생비소계 | D56: =SUM(E56:P56) -> 203423.88 | E56: =SUM(E46:E55) -> 16918.656 | F56: =SUM(F46:F55) -> 16918.656 | G56: =SUM(G46:G55) -> 16918.656 | H56: =SUM(H46:H55) -> 16918.656 | I56: =SUM(I46:I55) -> 16918.656 | J56: =SUM(J46:J55) -> 16918.656 | K56: =SUM(K46:K55) -> 17118.656 | L56: =SUM(L46:L55) -> 17118.656 | ... P56: =SUM(P46:P55) -> 16918.656
B57: 수도료 | D57: =SUM(E57:P57) -> 278562.99 | E57: =손익계산서!E56 -> 20466.095 | F57: =손익계산서!F56 -> 16572.104 | G57: =손익계산서!G56 -> 18562.522 | H57: =손익계산서!H56 -> 20518.26 | I57: =손익계산서!I56 -> 23921.263 | J57: =손익계산서!J56 -> 24183.451 | K57: =손익계산서!K56 -> 27468.708 | L57: =손익계산서!L56 -> 29416.215 | ... P57: =손익계산서!P56 -> 22096.775 | Q57: 총매출 x 1.3% (소노문 해운대 1~8월 평균 1.3%) x 130%
B58: 전력비 | D58: =SUM(E58:P58) -> 857116.88 | E58: =손익계산서!E57 -> 62972.601 | F58: =손익계산서!F57 -> 50991.088 | G58: =손익계산서!G57 -> 57115.453 | H58: =손익계산서!H57 -> 63133.108 | I58: =손익계산서!I57 -> 73603.886 | J58: =손익계산서!J57 -> 74410.62 | K58: =손익계산서!K57 -> 84519.103 | L58: =손익계산서!L57 -> 90511.429 | ... P58: =손익계산서!P57 -> 67990.077 | Q58: 총매출 x 3.7% (소노문 해운대 1~8월 평균 3.7%) x 130%
B59: 유류비 | D59: =SUM(E59:P59) -> 0 | E59: =손익계산서!E58 -> 0 | F59: =손익계산서!F58 -> 0 | G59: =손익계산서!G58 -> 0 | H59: =손익계산서!H58 -> 0 | I59: =손익계산서!I58 -> 0 | J59: =손익계산서!J58 -> 0 | K59: =손익계산서!K58 -> 0 | L59: =손익계산서!L58 -> 0 | ... P59: =손익계산서!P58 -> 0 | Q59: 미반영
B60: 가스비 | D60: =SUM(E60:P60) -> 171423.38 | E60: =손익계산서!E59 -> 12594.52 | F60: =손익계산서!F59 -> 10198.218 | G60: =손익계산서!G59 -> 11423.091 | H60: =손익계산서!H59 -> 12626.622 | I60: =손익계산서!I59 -> 14720.777 | J60: =손익계산서!J59 -> 14882.124 | K60: =손익계산서!K59 -> 16903.821 | L60: =손익계산서!L59 -> 18102.286 | ... P60: =손익계산서!P59 -> 13598.015 | Q60: 총매출 x 0.8% (소노문 해운대 1~8월 평균 0.8%) x 130%
B61: 기타 | D61: =SUM(E61:P61) -> 0 | E61: =손익계산서!E60 -> 0 | F61: =손익계산서!F60 -> 0 | G61: =손익계산서!G60 -> 0 | H61: =손익계산서!H60 -> 0 | I61: =손익계산서!I60 -> 0 | J61: =손익계산서!J60 -> 0 | K61: =손익계산서!K60 -> 0 | L61: =손익계산서!L60 -> 0 | ... P61: =손익계산서!P60 -> 0 | Q61: 미반영
B62: 수도광열비소계 | D62: =SUM(E62:P62) -> 1307103.2 | E62: =SUM(E57:E61) -> 96033.217 | F62: =SUM(F57:F61) -> 77761.41 | G62: =SUM(G57:G61) -> 87101.066 | H62: =SUM(H57:H61) -> 96277.989 | I62: =SUM(I57:I61) -> 112245.93 | J62: =SUM(J57:J61) -> 113476.2 | K62: =SUM(K57:K61) -> 128891.63 | L62: =SUM(L57:L61) -> 138029.93 | ... P62: =SUM(P57:P61) -> 103684.87
B63: 소모품비계 | D63: =SUM(E63:P63) -> 560422.58 | E63: =손익계산서!E62 -> 41174.393 | F63: =손익계산서!F62 -> 33340.327 | G63: =손익계산서!G62 -> 37344.719 | H63: =손익계산서!H62 -> 41279.34 | I63: =손익계산서!I62 -> 48125.618 | J63: =손익계산서!J62 -> 48653.098 | K63: =손익계산서!K62 -> 55262.49 | L63: =손익계산서!L62 -> 59180.55 | ... P63: =손익계산서!P62 -> 44455.05 | Q63: 총매출 x 3.4% (소노인터내셔널 전사업장 1~8월 누계 3.4%)
B64: 카드수수료 | D64: =SUM(E64:P64) -> 247245.25 | E64: =손익계산서!E63 -> 18165.173 | F64: =손익계산서!F63 -> 14708.968 | G64: =손익계산서!G63 -> 16475.611 | H64: =손익계산서!H63 -> 18211.473 | I64: =손익계산서!I63 -> 21231.89 | J64: =손익계산서!J63 -> 21464.602 | K64: =손익계산서!K63 -> 24380.511 | L64: =손익계산서!L63 -> 26109.066 | ... P64: =손익계산서!P63 -> 19612.522 | Q64: 총매출 x 1.2% (2024년 소노인터내셔널 전사업장 실적 1.2%)
B65: 위탁수수료 | D65: =SUM(E65:P65) -> 741735.76 | E65: =손익계산서!E64 -> 54495.52 | F65: =손익계산서!F64 -> 44126.903 | G65: =손익계산서!G64 -> 49426.834 | H65: =손익계산서!H64 -> 54634.42 | I65: =손익계산서!I64 -> 63695.67 | J65: =손익계산서!J64 -> 64393.806 | K65: =손익계산서!K64 -> 73141.532 | L65: =손익계산서!L64 -> 78327.198 | ... P65: =손익계산서!P64 -> 58837.567 | Q65: 총매출 x 4.5% (base fee 3.5%, marketing fee 1% 계약)
B66: 영업용역료 | D66: =SUM(E66:P66) -> 1805076.7 | E66: =손익계산서!E65 -> 132878.66 | F66: =손익계산서!F65 -> 107892.29 | G66: =손익계산서!G65 -> 120667.41 | H66: =손익계산서!H65 -> 133214.82 | I66: =손익계산서!I65 -> 154980.93 | J66: =손익계산서!J65 -> 156567.35 | K66: =손익계산서!K65 -> 177826.74 | L66: =손익계산서!L65 -> 190317.94 | ... P66: =손익계산서!P65 -> 143162.65 | Q66: 총매출 x 2.2% (2024년 소노인터내셔널 전사업장 실적 2.2%)
B67: 기타수수료 | D67: =SUM(E67:P67) -> 708138.83 | E67: =손익계산서!E66 -> 59011.569 | F67: =손익계산서!F66 -> 59011.569 | G67: =손익계산서!G66 -> 59011.569 | H67: =손익계산서!H66 -> 59011.569 | I67: =손익계산서!I66 -> 59011.569 | J67: =손익계산서!J66 -> 59011.569 | K67: =손익계산서!K66 -> 59011.569 | L67: =손익계산서!L66 -> 59011.569 | ... P67: =손익계산서!P66 -> 59011.569 | Q67: 미반영
B68: 지급수수료소계 | D68: =SUM(E68:P68) -> 3502196.5 | E68: =SUM(E64:E67) -> 264550.92 | F68: =SUM(F64:F67) -> 225739.73 | G68: =SUM(G64:G67) -> 245581.43 | H68: =SUM(H64:H67) -> 265072.28 | I68: =SUM(I64:I67) -> 298920.06 | J68: =SUM(J64:J67) -> 301437.32 | K68: =SUM(K64:K67) -> 334360.35 | L68: =SUM(L64:L67) -> 353765.77 | ... P68: =SUM(P64:P67) -> 280624.31
B69: 수선비계 | D69: =SUM(E69:P69) -> 8241.5085 | E69: =손익계산서!E68 -> 605.50578 | F69: =손익계산서!F68 -> 490.29893 | G69: =손익계산서!G68 -> 549.18705 | H69: =손익계산서!H68 -> 607.04911 | I69: =손익계산서!I68 -> 707.72967 | J69: =손익계산서!J68 -> 715.48673 | K69: =손익계산서!K68 -> 812.68368 | L69: =손익계산서!L68 -> 870.3022 | ... P69: =손익계산서!P68 -> 653.75074 | Q69: 총매출 x 0.05% (2019년 쏠비치 진도 오픈 초 수선비율 0.05%)
B70: TV,R,신문 광고 | D70: =SUM(E70:P70) -> 6000 | E70: =손익계산서!E69 -> 500 | F70: =손익계산서!F69 -> 500 | G70: =손익계산서!G69 -> 500 | H70: =손익계산서!H69 -> 500 | I70: =손익계산서!I69 -> 500 | J70: =손익계산서!J69 -> 500 | K70: =손익계산서!K69 -> 500 | L70: =손익계산서!L69 -> 500 | ... P70: =손익계산서!P69 -> 500 | Q70: 광고매체 관련 월 500천원 적용
B71: 행사비 | D71: =SUM(E71:P71) -> 12000 | E71: =손익계산서!E70 -> 0 | F71: =손익계산서!F70 -> 0 | G71: =손익계산서!G70 -> 3000 | H71: =손익계산서!H70 -> 0 | I71: =손익계산서!I70 -> 0 | J71: =손익계산서!J70 -> 3000 | K71: =손익계산서!K70 -> 0 | L71: =손익계산서!L70 -> 0 | ... P71: =손익계산서!P70 -> 3000 | Q71: 이벤트, 행사 등 영업활성화 관련 분기별 3,000천원 적용
B72: 판매촉진비 | D72: =SUM(E72:P72) -> 0 | E72: =손익계산서!E71 -> 0 | F72: =손익계산서!F71 -> 0 | G72: =손익계산서!G71 -> 0 | H72: =손익계산서!H71 -> 0 | I72: =손익계산서!I71 -> 0 | J72: =손익계산서!J71 -> 0 | K72: =손익계산서!K71 -> 0 | L72: =손익계산서!L71 -> 0 | ... P72: =손익계산서!P71 -> 0 | Q72: 미반영
B73: 기타광고비 | D73: =SUM(E73:P73) -> 0 | E73: =손익계산서!E72 -> 0 | F73: =손익계산서!F72 -> 0 | G73: =손익계산서!G72 -> 0 | H73: =손익계산서!H72 -> 0 | I73: =손익계산서!I72 -> 0 | J73: =손익계산서!J72 -> 0 | K73: =손익계산서!K72 -> 0 | L73: =손익계산서!L72 -> 0 | ... P73: =손익계산서!P72 -> 0 | Q73: 미반영
B74: 광고선전비소계 | D74: =SUM(E74:P74) -> 18000 | E74: =SUM(E70:E73) -> 500 | F74: =SUM(F70:F73) -> 500 | G74: =SUM(G70:G73) -> 3500 | H74: =SUM(H70:H73) -> 500 | I74: =SUM(I70:I73) -> 500 | J74: =SUM(J70:J73) -> 3500 | K74: =SUM(K70:K73) -> 500 | L74: =SUM(L70:L73) -> 500 | ... P74: =SUM(P70:P73) -> 3500
B75: 재산세 | D75: =SUM(E75:P75) -> 0 | E75: =손익계산서!E74 -> 0 | F75: =손익계산서!F74 -> 0 | G75: =손익계산서!G74 -> 0 | H75: =손익계산서!H74 -> 0 | I75: =손익계산서!I74 -> 0 | J75: =손익계산서!J74 -> 0 | K75: =손익계산서!K74 -> 0 | L75: =손익계산서!L74 -> 0 | ... P75: =손익계산서!P74 -> 0 | Q75: 2024년 소노문 해운대 기준 x 130% 반영
B76: 종합부동산세 | D76: =SUM(E76:P76) -> 0 | E76: =손익계산서!E75 -> 0 | F76: =손익계산서!F75 -> 0 | G76: =손익계산서!G75 -> 0 | H76: =손익계산서!H75 -> 0 | I76: =손익계산서!I75 -> 0 | J76: =손익계산서!J75 -> 0 | K76: =손익계산서!K75 -> 0 | L76: =손익계산서!L75 -> 0 | ... P76: =손익계산서!P75 -> 0 | Q76: 2024년 소노문 해운대 기준 x 130% 반영
B77: 등록면허세 | D77: =SUM(E77:P77) -> 500 | E77: =손익계산서!E76 -> 0 | F77: =손익계산서!F76 -> 0 | G77: =손익계산서!G76 -> 0 | H77: =손익계산서!H76 -> 0 | I77: =손익계산서!I76 -> 0 | J77: =손익계산서!J76 -> 250 | K77: =손익계산서!K76 -> 0 | L77: =손익계산서!L76 -> 0 | ... P77: =손익계산서!P76 -> 250 | Q77: 연간 등록면허세 500천원 반영(반기 250천원)
B78: 자동차세 | D78: =SUM(E78:P78) -> 250 | E78: =손익계산서!E77 -> 250 | F78: =손익계산서!F77 -> 0 | G78: =손익계산서!G77 -> 0 | H78: =손익계산서!H77 -> 0 | I78: =손익계산서!I77 -> 0 | J78: =손익계산서!J77 -> 0 | K78: =손익계산서!K77 -> 0 | L78: =손익계산서!L77 -> 0 | ... P78: =손익계산서!P77 -> 0 | Q78: 업무용 차량 자동차세 250천원 반영
B79: 주민세 | D79: =SUM(E79:P79) -> 3923.3538 | E79: =손익계산서!E78 -> 326.94615 | F79: =손익계산서!F78 -> 326.94615 | G79: =손익계산서!G78 -> 326.94615 | H79: =손익계산서!H78 -> 326.94615 | I79: =손익계산서!I78 -> 326.94615 | J79: =손익계산서!J78 -> 326.94615 | K79: =손익계산서!K78 -> 326.94615 | L79: =손익계산서!L78 -> 326.94615 | ... P79: =손익계산서!P78 -> 326.94615 | Q79: 월급여 x 0.5% 종업원분 적용
B80: 협회비 | D80: =SUM(E80:P80) -> 300 | E80: =손익계산서!E79 -> 0 | F80: =손익계산서!F79 -> 0 | G80: =손익계산서!G79 -> 0 | H80: =손익계산서!H79 -> 0 | I80: =손익계산서!I79 -> 0 | J80: =손익계산서!J79 -> 150 | K80: =손익계산서!K79 -> 0 | L80: =손익계산서!L79 -> 0 | ... P80: =손익계산서!P79 -> 150 | Q80: 연간 협회비 300천원 반영(반기 150천원)
B81: 인지세 | D81: =SUM(E81:P81) -> 0 | E81: =손익계산서!E80 -> 0 | F81: =손익계산서!F80 -> 0 | G81: =손익계산서!G80 -> 0 | H81: =손익계산서!H80 -> 0 | I81: =손익계산서!I80 -> 0 | J81: =손익계산서!J80 -> 0 | K81: =손익계산서!K80 -> 0 | L81: =손익계산서!L80 -> 0 | ... P81: =손익계산서!P80 -> 0 | Q81: 미반영
B82: 기타세금 | D82: =SUM(E82:P82) -> 0 | E82: =손익계산서!E81 -> 0 | F82: =손익계산서!F81 -> 0 | G82: =손익계산서!G81 -> 0 | H82: =손익계산서!H81 -> 0 | I82: =손익계산서!I81 -> 0 | J82: =손익계산서!J81 -> 0 | K82: =손익계산서!K81 -> 0 | L82: =손익계산서!L81 -> 0 | ... P82: =손익계산서!P81 -> 0 | Q82: 교통유발부담금, 임대업체 간주임대료 등 연간 5,000천원 반영
B83: 세금과공과소계 | D83: =SUM(E83:P83) -> 4973.3538 | E83: =SUM(E75:E82) -> 576.94615 | F83: =SUM(F75:F82) -> 326.94615 | G83: =SUM(G75:G82) -> 326.94615 | H83: =SUM(H75:H82) -> 326.94615 | I83: =SUM(I75:I82) -> 326.94615 | J83: =SUM(J75:J82) -> 726.94615 | K83: =SUM(K75:K82) -> 326.94615 | L83: =SUM(L75:L82) -> 326.94615 | ... P83: =SUM(P75:P82) -> 726.94615
B84: 유형자산상각비 | D84: =SUM(E84:P84) -> 36000 | E84: =손익계산서!E83 -> 3000 | F84: =손익계산서!F83 -> 3000 | G84: =손익계산서!G83 -> 3000 | H84: =손익계산서!H83 -> 3000 | I84: =손익계산서!I83 -> 3000 | J84: =손익계산서!J83 -> 3000 | K84: =손익계산서!K83 -> 3000 | L84: =손익계산서!L83 -> 3000 | ... P84: =손익계산서!P83 -> 3000 | Q84: 2024년 소노문 해운대 기준 x 130% 반영
B85: 무형자산상각비 | D85: =SUM(E85:P85) -> 0 | E85: =손익계산서!E84 -> 0 | F85: =손익계산서!F84 -> 0 | G85: =손익계산서!G84 -> 0 | H85: =손익계산서!H84 -> 0 | I85: =손익계산서!I84 -> 0 | J85: =손익계산서!J84 -> 0 | K85: =손익계산서!K84 -> 0 | L85: =손익계산서!L84 -> 0 | ... P85: =손익계산서!P84 -> 0
B86: 감가상각비소계 | D86: =SUM(E86:P86) -> 36000 | E86: =SUM(E84:E85) -> 3000 | F86: =SUM(F84:F85) -> 3000 | G86: =SUM(G84:G85) -> 3000 | H86: =SUM(H84:H85) -> 3000 | I86: =SUM(I84:I85) -> 3000 | J86: =SUM(J84:J85) -> 3000 | K86: =SUM(K84:K85) -> 3000 | L86: =SUM(L84:L85) -> 3000 | ... P86: =SUM(P84:P85) -> 3000
B87: 보험료 | D87: =SUM(E87:P87) -> 49449.051 | E87: =손익계산서!E86 -> 3633.0347 | F87: =손익계산서!F86 -> 2941.7936 | G87: =손익계산서!G86 -> 3295.1223 | H87: =손익계산서!H86 -> 3642.2947 | I87: =손익계산서!I86 -> 4246.378 | J87: =손익계산서!J86 -> 4292.9204 | K87: =손익계산서!K86 -> 4876.1021 | L87: =손익계산서!L86 -> 5221.8132 | ... P87: =손익계산서!P86 -> 3922.5044 | Q87: 총매출 x 0.3% (소노인터내셔널 전사업장 1~8월 누계 0.3%)
B88: 교통비 | D88: =SUM(E88:P88) -> 49449.051 | E88: =손익계산서!E87 -> 3633.0347 | F88: =손익계산서!F87 -> 2941.7936 | G88: =손익계산서!G87 -> 3295.1223 | H88: =손익계산서!H87 -> 3642.2947 | I88: =손익계산서!I87 -> 4246.378 | J88: =손익계산서!J87 -> 4292.9204 | K88: =손익계산서!K87 -> 4876.1021 | L88: =손익계산서!L87 -> 5221.8132 | ... P88: =손익계산서!P87 -> 3922.5044 | Q88: 총매출 x 0.3% (소노인터내셔널 전사업장 1~8월 누계 0.3%)
B89: 통신비 | D89: =SUM(E89:P89) -> 16483.017 | E89: =손익계산서!E88 -> 1211.0116 | F89: =손익계산서!F88 -> 980.59785 | G89: =손익계산서!G88 -> 1098.3741 | H89: =손익계산서!H88 -> 1214.0982 | I89: =손익계산서!I88 -> 1415.4593 | J89: =손익계산서!J88 -> 1430.9735 | K89: =손익계산서!K88 -> 1625.3674 | L89: =손익계산서!L88 -> 1740.6044 | ... P89: =손익계산서!P88 -> 1307.5015 | Q89: 총매출 x 0.1% (소노인터내셔널 전사업장 1~8월 누계 0.1%)
B90: 도서인쇄비 | D90: =SUM(E90:P90) -> 300 | E90: =손익계산서!E89 -> 0 | F90: =손익계산서!F89 -> 0 | G90: =손익계산서!G89 -> 0 | H90: =손익계산서!H89 -> 0 | I90: =손익계산서!I89 -> 0 | J90: =손익계산서!J89 -> 150 | K90: =손익계산서!K89 -> 0 | L90: =손익계산서!L89 -> 0 | ... P90: =손익계산서!P89 -> 150 | Q90: 정기간행물, 참고도서 등 연간 300천원 적용
B91: 접대비 | D91: =SUM(E91:P91) -> 3600 | E91: =손익계산서!E90 -> 300 | F91: =손익계산서!F90 -> 300 | G91: =손익계산서!G90 -> 300 | H91: =손익계산서!H90 -> 300 | I91: =손익계산서!I90 -> 300 | J91: =손익계산서!J90 -> 300 | K91: =손익계산서!K90 -> 300 | L91: =손익계산서!L90 -> 300 | ... P91: =손익계산서!P90 -> 300 | Q91: 대외 접대비성 비용 월 300천원 적용
B92: 지급임차료 | D92: =SUM(E92:P92) -> 65932.068 | E92: =손익계산서!E91 -> 4844.0462 | F92: =손익계산서!F91 -> 3922.3914 | G92: =손익계산서!G91 -> 4393.4964 | H92: =손익계산서!H91 -> 4856.3929 | I92: =손익계산서!I91 -> 5661.8374 | J92: =손익계산서!J91 -> 5723.8938 | K92: =손익계산서!K91 -> 6501.4695 | L92: =손익계산서!L91 -> 6962.4176 | ... P92: =손익계산서!P91 -> 5230.0059 | Q92: 총매출 x 0.4% (소노인터내셔널 전사업장 1~8월 누계 0.4%)
B93: 차량유지비 | D93: =SUM(E93:P93) -> 4800 | E93: =손익계산서!E92 -> 400 | F93: =손익계산서!F92 -> 400 | G93: =손익계산서!G92 -> 400 | H93: =손익계산서!H92 -> 400 | I93: =손익계산서!I92 -> 400 | J93: =손익계산서!J92 -> 400 | K93: =손익계산서!K92 -> 400 | L93: =손익계산서!L92 -> 400 | ... P93: =손익계산서!P92 -> 400 | Q93: 업무용 차량 유류비, 수리비 등 월 400천원 적용
B94: 교육비 | D94: =SUM(E94:P94) -> 2400 | E94: =손익계산서!E93 -> 200 | F94: =손익계산서!F93 -> 200 | G94: =손익계산서!G93 -> 200 | H94: =손익계산서!H93 -> 200 | I94: =손익계산서!I93 -> 200 | J94: =손익계산서!J93 -> 200 | K94: =손익계산서!K93 -> 200 | L94: =손익계산서!L93 -> 200 | ... P94: =손익계산서!P93 -> 200 | Q94: 법정교육 및 직무관련 교육 비용 월 200천원 적용
B95: 기타비용 | D95: =SUM(E95:P95) -> 0 | E95: =손익계산서!E94 -> 0 | F95: =손익계산서!F94 -> 0 | G95: =손익계산서!G94 -> 0 | H95: =손익계산서!H94 -> 0 | I95: =손익계산서!I94 -> 0 | J95: =손익계산서!J94 -> 0 | K95: =손익계산서!K94 -> 0 | L95: =손익계산서!L94 -> 0 | ... P95: =손익계산서!P94 -> 0 | Q95: 미반영
B96: 기타경비소계 | D96: =SUM(E96:P96) -> 192413.19 | E96: =SUM(E87:E95) -> 14221.127 | F96: =SUM(F87:F95) -> 11686.576 | G96: =SUM(G87:G95) -> 12982.115 | H96: =SUM(H87:H95) -> 14255.08 | I96: =SUM(I87:I95) -> 16470.053 | J96: =SUM(J87:J95) -> 16790.708 | K96: =SUM(K87:K95) -> 18779.041 | L96: =SUM(L87:L95) -> 20046.649 | ... P96: =SUM(P87:P95) -> 15432.516
B97: 운영원가합계 | D97: =SUM(E97:P97) -> 8772294.2 | E97: =SUM(E39,E40,E45,E56,E62,E63,E68,E69,E74,E83,E86,E96) -> 676278.79 | F97: =SUM(F39,F40,F45,F56,F62,F63,F68,F69,F74,F83,F86,F96) -> 607309.9 | G97: =SUM(G39,G40,G45,G56,G62,G63,G68,G69,G74,G83,G86,G96) -> 645438.95 | H97: =SUM(H39,H40,H45,H56,H62,H63,H68,H69,H74,H83,H86,H96) -> 676950.8 | I97: =SUM(I39,I40,I45,I56,I62,I63,I68,I69,I74,I83,I86,I96) -> 736935.26 | J97: =SUM(J39,J40,J45,J56,J62,J63,J68,J69,J74,J83,J86,J96) -> 745016.25 | K97: =SUM(K39,K40,K45,K56,K62,K63,K68,K69,K74,K83,K86,K96) -> 799821.6 | L97: =SUM(L39,L40,L45,L56,L62,L63,L68,L69,L74,L83,L86,L96) -> 834184.8 | ... P97: =SUM(P39,P40,P45,P56,P62,P63,P68,P69,P74,P83,P86,P96) -> 773565.8

Sheet 손익계산서
A1: 2026년 팔라티움 해운대 사업계획
A3: ■ 총괄
Q4: [단위 : 백만원]
B5: 구분 | D5: 합계 | E5: 2026년 사업계획 | Q5: 비고
E6: 1 | F6: 2 | G6: 3 | H6: 4 | I6: 5 | J6: 6 | K6: 7 | L6: 8 | M6: 9 | N6: 10 | O6: 11 | P6: 12
B7: Ⅰ. 매 출 액 | D7: =SUM(E7:P7) -> 16483017 | E7: =E8 -> 1211011.6 | F7: =F8 -> 980597.85 | G7: =G8 -> 1098374.1 | H7: =H8 -> 1214098.2 | I7: =I8 -> 1415459.3 | J7: =J8 -> 1430973.5 | K7: =K8 -> 1625367.4 | L7: =L8 -> 1740604.4 | ... P7: =P8 -> 1307501.5
C8: 객실 | D8: =SUM(E8:P8) -> 16483017 | E8: =매출목표!H9 -> 1211011.6 | F8: =매출목표!I9 -> 980597.85 | G8: =매출목표!J9 -> 1098374.1 | H8: =매출목표!K9 -> 1214098.2 | I8: =매출목표!L9 -> 1415459.3 | J8: =매출목표!M9 -> 1430973.5 | K8: =매출목표!N9 -> 1625367.4 | L8: =매출목표!O9 -> 1740604.4 | ... P8: =매출목표!S9 -> 1307501.5 | Q8: - 투숙률 64%, ADR 324천원
B9: Ⅱ. 운 영 원 가 | D9: =SUM(E9:P9) -> 8772294.2 | E9: =SUM(E10:E21) -> 676278.79 | F9: =SUM(F10:F21) -> 607309.9 | G9: =SUM(G10:G21) -> 645438.95 | H9: =SUM(H10:H21) -> 676950.8 | I9: =SUM(I10:I21) -> 736935.26 | J9: =SUM(J10:J21) -> 745016.25 | K9: =SUM(K10:K21) -> 799821.6 | L9: =SUM(L10:L21) -> 834184.8 | ... P9: =SUM(P10:P21) -> 773565.8
C10: 인 건 비 | D10: =SUM(E10:P10) -> 928527.07 | E10: =E38 -> 71928.153 | F10: =F38 -> 71928.153 | G10: =G38 -> 71928.153 | H10: =H38 -> 71928.153 | I10: =I38 -> 71928.153 | J10: =J38 -> 71928.153 | K10: =K38 -> 71928.153 | L10: =L38 -> 71928.153 | ... P10: =P38 -> 137317.38 | Q10: - 24.12.30 프랜차이즈 검토 인력계획 참고 (직영 16명 기준)
C11: 재 료 비 | D11: =SUM(E11:P11) -> 0 | E11: =E39 -> 0 | F11: =F39 -> 0 | G11: =G39 -> 0 | H11: =H39 -> 0 | I11: =I39 -> 0 | J11: =J39 -> 0 | K11: =K39 -> 0 | L11: =L39 -> 0 | ... P11: =P39 -> 0 | Q11: - 소노문 해운대 Lounge, Moon 재료비율 적용(1~8월 누계 43%)
C12: 용 역 비 | D12: =SUM(E12:P12) -> 2010992.9 | E12: =E44 -> 166769.87 | F12: =F44 -> 165617.8 | G12: =G44 -> 166206.68 | H12: =H44 -> 166785.31 | I12: =I44 -> 167792.11 | J12: =J44 -> 167869.68 | K12: =K44 -> 168841.65 | L12: =L44 -> 169417.84 | ... P12: =P44 -> 167252.32 | Q12: - 24.12.30 프랜차이즈 검토 인력계획 참고 (도급 62명 기준)
C13: 복리후생비 | D13: =SUM(E13:P13) -> 203423.88 | E13: =E55 -> 16918.656 | F13: =F55 -> 16918.656 | G13: =G55 -> 16918.656 | H13: =H55 -> 16918.656 | I13: =I55 -> 16918.656 | J13: =J55 -> 16918.656 | K13: =K55 -> 17118.656 | L13: =L55 -> 17118.656 | ... P13: =P55 -> 16918.656 | Q13: - 직영 16명 기준(급식대, 경조사비, 의료비 등) 적용
C14: 수도광열비 | D14: =SUM(E14:P14) -> 1307103.2 | E14: =E61 -> 96033.217 | F14: =F61 -> 77761.41 | G14: =G61 -> 87101.066 | H14: =H61 -> 96277.989 | I14: =I61 -> 112245.93 | J14: =J61 -> 113476.2 | K14: =K61 -> 128891.63 | L14: =L61 -> 138029.93 | ... P14: =P61 -> 103684.87 | Q14: - 총매출 x 소노문 해운대 1~8월 평균 집행률 x 130% 적용
C15: 소 모 품 비 | D15: =SUM(E15:P15) -> 560422.58 | E15: =E62 -> 41174.393 | F15: =F62 -> 33340.327 | G15: =G62 -> 37344.719 | H15: =H62 -> 41279.34 | I15: =I62 -> 48125.618 | J15: =J62 -> 48653.098 | K15: =K62 -> 55262.49 | L15: =L62 -> 59180.55 | ... P15: =P62 -> 44455.05 | Q15: - 총매출 x 소노인터내셔널 전사업장 1~8월 누계 3.4% 적용
C16: 지급수수료 | D16: =SUM(E16:P16) -> 3502196.5 | E16: =E67 -> 264550.92 | F16: =F67 -> 225739.73 | G16: =G67 -> 245581.43 | H16: =H67 -> 265072.28 | I16: =I67 -> 298920.06 | J16: =J67 -> 301437.32 | K16: =K67 -> 334360.35 | L16: =L67 -> 353765.77 | ... P16: =P67 -> 280624.31 | Q16: - 카드수수료, 위탁수수료, 영업용역료 반영
C17: 수 선 비 | D17: =SUM(E17:P17) -> 8241.5085 | E17: =E68 -> 605.50578 | F17: =F68 -> 490.29893 | G17: =G68 -> 549.18705 | H17: =H68 -> 607.04911 | I17: =I68 -> 707.72967 | J17: =J68 -> 715.48673 | K17: =K68 -> 812.68368 | L17: =L68 -> 870.3022 | ... P17: =P68 -> 653.75074 | Q17: - 총매출 x 2019년 쏠비치 진도 오픈 초 수선비율 0.05% 적용
C18: 광고선전비 | D18: =SUM(E18:P18) -> 18000 | E18: =E73 -> 500 | F18: =F73 -> 500 | G18: =G73 -> 3500 | H18: =H73 -> 500 | I18: =I73 -> 500 | J18: =J73 -> 3500 | K18: =K73 -> 500 | L18: =L73 -> 500 | ... P18: =P73 -> 3500 | Q18: - 영업활성화 최소 광고비 집행 반영(분기별 예비성 예산)
C19: 세금과공과 | D19: =SUM(E19:P19) -> 4973.3538 | E19: =E82 -> 576.94615 | F19: =F82 -> 326.94615 | G19: =G82 -> 326.94615 | H19: =H82 -> 326.94615 | I19: =I82 -> 326.94615 | J19: =J82 -> 726.94615 | K19: =K82 -> 326.94615 | L19: =L82 -> 326.94615 | ... P19: =P82 -> 726.94615 | Q19: - 재산세&종부세 소노문 해운대 24년 집행액 x 130% 적용
C20: 감가상각비 | D20: =SUM(E20:P20) -> 36000 | E20: =E85 -> 3000 | F20: =F85 -> 3000 | G20: =G85 -> 3000 | H20: =H85 -> 3000 | I20: =I85 -> 3000 | J20: =J85 -> 3000 | K20: =K85 -> 3000 | L20: =L85 -> 3000 | ... P20: =P85 -> 3000 | Q20: - 소노문 해운대 24년 집행액 x 130% 적용(변동가능성 高)
C21: 기 타 경 비 | D21: =SUM(E21:P21) -> 192413.19 | E21: =E95 -> 14221.127 | F21: =F95 -> 11686.576 | G21: =G95 -> 12982.115 | H21: =H95 -> 14255.08 | I21: =I95 -> 16470.053 | J21: =J95 -> 16790.708 | K21: =K95 -> 18779.041 | L21: =L95 -> 20046.649 | ... P21: =P95 -> 15432.516 | Q21: - 지급임차료, 보험료, 교통비, 통신비 등 반영
B22: Ⅲ. 영 업 이 익 | D22: =SUM(E22:P22) -> 7710722.7 | E22: =E7-E9 -> 534732.77 | F22: =F7-F9 -> 373287.96 | G22: =G7-G9 -> 452935.15 | H22: =H7-H9 -> 537147.42 | I22: =I7-I9 -> 678524.09 | J22: =J7-J9 -> 685957.21 | K22: =K7-K9 -> 825545.76 | L22: =L7-L9 -> 906419.61 | ... P22: =P7-P9 -> 533935.68
C23: % | D23: =D22/D$7 -> 0.46779802 | E23: =E22/E$7 -> 0.44155877 | F23: =F22/F$7 -> 0.38067385 | G23: =G22/G$7 -> 0.41236874 | H23: =H22/H$7 -> 0.44242501 | I23: =I22/I$7 -> 0.47936671 | J23: =J22/J$7 -> 0.47936404 | K23: =K22/K$7 -> 0.50791334 | ... P23: =P22/P$7 -> 0.40836335
B24: Ⅳ. 영 업 이 익[+@] | D24: =SUM(E24:P24) -> 7170972.1 | E24: =E22 -> 534732.77 | F24: =F22 -> 373287.96 | G24: =G22 -> 452935.15 | H24: =H22 -> 537147.42 | I24: =I22 -> 678524.09 | J24: =J22 -> 685957.21 | K24: =K22 -> 825545.76 | L24: =L22 -> 906419.61 | ... O24: =O22 -> 643338.85 | P24: =P22-(D22*7%) -> -5814.9076 | Q24: 이익률 49% 기준 Incentive Fee 7% 적용. 12월 +676백
C25: % | D25: =D24/D$7 -> 0.43505216 | E25: =E24/E$7 -> 0.44155877 | F25: =F24/F$7 -> 0.38067385 | G25: =G24/G$7 -> 0.41236874 | H25: =H24/H$7 -> 0.44242501 | I25: =I24/I$7 -> 0.47936671 | J25: =J24/J$7 -> 0.47936404 | K25: =K24/K$7 -> 0.50791334 | ... P25: =P24/P$7 -> -0.0044473431
A27: 2026년 팔라티움 해운대 사업계획
A29: ■ 운영원가 세부
Q30: [단위 : 백만원]
B31: 구분 | D31: 합계 | E31: 2026년 사업계획 | Q31: 비고
E32: 1 | F32: 2 | G32: 3 | H32: 4 | I32: 5 | J32: 6 | K32: 7 | L32: 8 | M32: 9 | N32: 10 | O32: 11 | P32: 12
B33: 급료 | D33: =SUM(E33:P33) -> 784670.76 | E33: ='#)비용'!$E$6/12 -> 65389.23 | F33: ='#)비용'!$E$6/12 -> 65389.23 | G33: ='#)비용'!$E$6/12 -> 65389.23 | H33: ='#)비용'!$E$6/12 -> 65389.23 | I33: ='#)비용'!$E$6/12 -> 65389.23 | J33: ='#)비용'!$E$6/12 -> 65389.23 | K33: ='#)비용'!$E$6/12 -> 65389.23 | L33: ='#)비용'!$E$6/12 -> 65389.23 | ... P33: ='#)비용'!$E$6/12 -> 65389.23 | Q33: #)참고자료 1. 인력계획 참고 (직영 16명 기준)
B34: 임금 | D34: =SUM(E34:P34) -> 0 | E34: ='#)비용'!$E$7/12 -> 0 | F34: ='#)비용'!$E$7/12 -> 0 | G34: ='#)비용'!$E$7/12 -> 0 | H34: ='#)비용'!$E$7/12 -> 0 | I34: ='#)비용'!$E$7/12 -> 0 | J34: ='#)비용'!$E$7/12 -> 0 | K34: ='#)비용'!$E$7/12 -> 0 | L34: ='#)비용'!$E$7/12 -> 0 | ... P34: ='#)비용'!$E$7/12 -> 0 | Q34: 미반영
B35: 상여금 | D35: =SUM(E35:P35) -> 65389.23 | P35: ='#)비용'!$E$8 -> 65389.23 | Q35: 12월 성과급 월급여 100% 지급 가정
B36: 제수당 | D36: =SUM(E36:P36) -> 0 | E36: ='#)비용'!$E$9/12 -> 0 | F36: ='#)비용'!$E$9/12 -> 0 | G36: ='#)비용'!$E$9/12 -> 0 | H36: ='#)비용'!$E$9/12 -> 0 | I36: ='#)비용'!$E$9/12 -> 0 | J36: ='#)비용'!$E$9/12 -> 0 | K36: ='#)비용'!$E$9/12 -> 0 | L36: ='#)비용'!$E$9/12 -> 0 | ... P36: ='#)비용'!$E$9/12 -> 0 | Q36: 미반영(급료 단가포함)
B37: 퇴직급여 | D37: =SUM(E37:P37) -> 78467.076 | E37: ='#)비용'!$E$10/12 -> 6538.923 | F37: ='#)비용'!$E$10/12 -> 6538.923 | G37: ='#)비용'!$E$10/12 -> 6538.923 | H37: ='#)비용'!$E$10/12 -> 6538.923 | I37: ='#)비용'!$E$10/12 -> 6538.923 | J37: ='#)비용'!$E$10/12 -> 6538.923 | K37: ='#)비용'!$E$10/12 -> 6538.923 | L37: ='#)비용'!$E$10/12 -> 6538.923 | ... P37: ='#)비용'!$E$10/12 -> 6538.923 | Q37: 급여 10% 충당금 설정
B38: 인건비소계 | D38: =SUM(E38:P38) -> 928527.07 | E38: =SUM(E33:E37) -> 71928.153 | F38: =SUM(F33:F37) -> 71928.153 | G38: =SUM(G33:G37) -> 71928.153 | H38: =SUM(H33:H37) -> 71928.153 | I38: =SUM(I33:I37) -> 71928.153 | J38: =SUM(J33:J37) -> 71928.153 | K38: =SUM(K33:K37) -> 71928.153 | L38: =SUM(L33:L37) -> 71928.153 | ... P38: =SUM(P33:P37) -> 137317.38
B39: 재료비소계 | D39: =SUM(E39:P39) -> 0 | Q39: 미반영
B40: 고정도급비 | D40: =SUM(E40:P40) -> 651849.38 | E40: ='#)비용'!$E$13/12 -> 54320.781 | F40: ='#)비용'!$E$13/12 -> 54320.781 | G40: ='#)비용'!$E$13/12 -> 54320.781 | H40: ='#)비용'!$E$13/12 -> 54320.781 | I40: ='#)비용'!$E$13/12 -> 54320.781 | J40: ='#)비용'!$E$13/12 -> 54320.781 | K40: ='#)비용'!$E$13/12 -> 54320.781 | L40: ='#)비용'!$E$13/12 -> 54320.781 | ... P40: ='#)비용'!$E$13/12 -> 54320.781 | Q40: 객실부문 17명 기준 반영
B41: 추가도급비 | D41: =SUM(E41:P41) -> 0 | Q41: 미반영
B42: 시설관리비 | D42: =SUM(E42:P42) -> 82415.085 | E42: =E7*0.5% -> 6055.0578 | F42: =F7*0.5% -> 4902.9893 | G42: =G7*0.5% -> 5491.8705 | H42: =H7*0.5% -> 6070.4911 | I42: =I7*0.5% -> 7077.2967 | J42: =J7*0.5% -> 7154.8673 | K42: =K7*0.5% -> 8126.8368 | L42: =L7*0.5% -> 8703.022 | ... P42: =P7*0.5% -> 6537.5074 | Q42: 총매출 x 0.5% (소노인터내셔널 전사업장 1~8월 누계 0.5%)
B43: 객실정비료 | D43: =SUM(E43:P43) -> 1276728.4 | E43: ='#)비용'!$E$16/12 -> 106394.03 | F43: ='#)비용'!$E$16/12 -> 106394.03 | G43: ='#)비용'!$E$16/12 -> 106394.03 | H43: ='#)비용'!$E$16/12 -> 106394.03 | I43: ='#)비용'!$E$16/12 -> 106394.03 | J43: ='#)비용'!$E$16/12 -> 106394.03 | K43: ='#)비용'!$E$16/12 -> 106394.03 | L43: ='#)비용'!$E$16/12 -> 106394.03 | ... P43: ='#)비용'!$E$16/12 -> 106394.03 | Q43: 판매객실수(55,510실) x 실당 정비단가(23천원) 반영
B44: 용역비소계 | D44: =SUM(E44:P44) -> 2010992.9 | E44: =SUM(E40:E43) -> 166769.87 | F44: =SUM(F40:F43) -> 165617.8 | G44: =SUM(G40:G43) -> 166206.68 | H44: =SUM(H40:H43) -> 166785.31 | I44: =SUM(I40:I43) -> 167792.11 | J44: =SUM(J40:J43) -> 167869.68 | K44: =SUM(K40:K43) -> 168841.65 | L44: =SUM(L40:L43) -> 169417.84 | ... P44: =SUM(P40:P43) -> 167252.32
B45: 직원급식대 | D45: =SUM(E45:P45) -> 58396.8 | E45: ='#)비용'!$E18/12 -> 4866.4 | F45: ='#)비용'!$E18/12 -> 4866.4 | G45: ='#)비용'!$E18/12 -> 4866.4 | H45: ='#)비용'!$E18/12 -> 4866.4 | I45: ='#)비용'!$E18/12 -> 4866.4 | J45: ='#)비용'!$E18/12 -> 4866.4 | K45: ='#)비용'!$E18/12 -> 4866.4 | L45: ='#)비용'!$E18/12 -> 4866.4 | ... P45: ='#)비용'!$E18/12 -> 4866.4 | Q45: 16명 x 7,000원 x 2식 x 260.7일(주5일 기준)
B46: 직원경조비 | D46: =SUM(E46:P46) -> 1200 | E46: ='#)비용'!$E19/12 -> 100 | F46: ='#)비용'!$E19/12 -> 100 | G46: ='#)비용'!$E19/12 -> 100 | H46: ='#)비용'!$E19/12 -> 100 | I46: ='#)비용'!$E19/12 -> 100 | J46: ='#)비용'!$E19/12 -> 100 | K46: ='#)비용'!$E19/12 -> 100 | L46: ='#)비용'!$E19/12 -> 100 | ... P46: ='#)비용'!$E19/12 -> 100 | Q46: 결혼, 조사 등 경조사비용 월 100천원 적용
B47: 의료비 | D47: =SUM(E47:P47) -> 1200 | E47: ='#)비용'!$E20/12 -> 100 | F47: ='#)비용'!$E20/12 -> 100 | G47: ='#)비용'!$E20/12 -> 100 | H47: ='#)비용'!$E20/12 -> 100 | I47: ='#)비용'!$E20/12 -> 100 | J47: ='#)비용'!$E20/12 -> 100 | K47: ='#)비용'!$E20/12 -> 100 | L47: ='#)비용'!$E20/12 -> 100 | ... P47: ='#)비용'!$E20/12 -> 100 | Q47: 직원 사상관련 의료 비용(상비약 등) 월 100천원 적용
B48: 세탁비 | D48: =SUM(E48:P48) -> 10000 | E48: 800 | F48: 800 | G48: 800 | H48: 800 | I48: 800 | J48: 800 | K48: 1000 | L48: 1000 | M48: 800 | N48: 800 | O48: 800 | P48: 800 | Q48: 직원 유니폼 세탁비 월 800천춴원, 7~8월 1,000천원 적용
B49: 피복비 | D49: =SUM(E49:P49) -> 3000 | E49: ='#)비용'!$E22/12 -> 250 | F49: ='#)비용'!$E22/12 -> 250 | G49: ='#)비용'!$E22/12 -> 250 | H49: ='#)비용'!$E22/12 -> 250 | I49: ='#)비용'!$E22/12 -> 250 | J49: ='#)비용'!$E22/12 -> 250 | K49: ='#)비용'!$E22/12 -> 250 | L49: ='#)비용'!$E22/12 -> 250 | ... P49: ='#)비용'!$E22/12 -> 250 | Q49: 직원 유니폼, 안전화 교체비용 년 3,000천 원적용
B50: 회사부담금 | D50: =SUM(E50:P50) -> 78467.076 | E50: ='#)비용'!$E23/12 -> 6538.923 | F50: ='#)비용'!$E23/12 -> 6538.923 | G50: ='#)비용'!$E23/12 -> 6538.923 | H50: ='#)비용'!$E23/12 -> 6538.923 | I50: ='#)비용'!$E23/12 -> 6538.923 | J50: ='#)비용'!$E23/12 -> 6538.923 | K50: ='#)비용'!$E23/12 -> 6538.923 | L50: ='#)비용'!$E23/12 -> 6538.923 | ... P50: ='#)비용'!$E23/12 -> 6538.923 | Q50: 급여 10% 4대보험 적용
B51: 직원기념일 | D51: =SUM(E51:P51) -> 1600 | E51: ='#)비용'!$E24/12 -> 133.33333 | F51: ='#)비용'!$E24/12 -> 133.33333 | G51: ='#)비용'!$E24/12 -> 133.33333 | H51: ='#)비용'!$E24/12 -> 133.33333 | I51: ='#)비용'!$E24/12 -> 133.33333 | J51: ='#)비용'!$E24/12 -> 133.33333 | K51: ='#)비용'!$E24/12 -> 133.33333 | L51: ='#)비용'!$E24/12 -> 133.33333 | ... P51: ='#)비용'!$E24/12 -> 133.33333 | Q51: 직원 기념일(생일, 결혼기념일) 인당 100천원 적용
B52: 팀운영비 | D52: =SUM(E52:P52) -> 7560 | E52: ='#)비용'!$E25/12 -> 630 | F52: ='#)비용'!$E25/12 -> 630 | G52: ='#)비용'!$E25/12 -> 630 | H52: ='#)비용'!$E25/12 -> 630 | I52: ='#)비용'!$E25/12 -> 630 | J52: ='#)비용'!$E25/12 -> 630 | K52: ='#)비용'!$E25/12 -> 630 | L52: ='#)비용'!$E25/12 -> 630 | ... P52: ='#)비용'!$E25/12 -> 630 | Q52: 팀운영관리비(찻대, 조직활성화비, 분기회식비)
B53: 조직운영비 | D53: =SUM(E53:P53) -> 3600 | E53: ='#)비용'!$E26/12 -> 300 | F53: ='#)비용'!$E26/12 -> 300 | G53: ='#)비용'!$E26/12 -> 300 | H53: ='#)비용'!$E26/12 -> 300 | I53: ='#)비용'!$E26/12 -> 300 | J53: ='#)비용'!$E26/12 -> 300 | K53: ='#)비용'!$E26/12 -> 300 | L53: ='#)비용'!$E26/12 -> 300 | ... P53: ='#)비용'!$E26/12 -> 300 | Q53: 조직운영에 필요한 격려 회식, 간식 등 월 300천원 적용
B54: 기타복리 | D54: =SUM(E54:P54) -> 38400 | E54: ='#)비용'!$E27/12 -> 3200 | F54: ='#)비용'!$E27/12 -> 3200 | G54: ='#)비용'!$E27/12 -> 3200 | H54: ='#)비용'!$E27/12 -> 3200 | I54: ='#)비용'!$E27/12 -> 3200 | J54: ='#)비용'!$E27/12 -> 3200 | K54: ='#)비용'!$E27/12 -> 3200 | L54: ='#)비용'!$E27/12 -> 3200 | ... P54: ='#)비용'!$E27/12 -> 3200 | Q54: 기타 복리후생비 인당 월 200천원 적용
B55: 복리후생비소계 | D55: =SUM(E55:P55) -> 203423.88 | E55: =SUM(E45:E54) -> 16918.656 | F55: =SUM(F45:F54) -> 16918.656 | G55: =SUM(G45:G54) -> 16918.656 | H55: =SUM(H45:H54) -> 16918.656 | I55: =SUM(I45:I54) -> 16918.656 | J55: =SUM(J45:J54) -> 16918.656 | K55: =SUM(K45:K54) -> 17118.656 | L55: =SUM(L45:L54) -> 17118.656 | ... P55: =SUM(P45:P54) -> 16918.656
B56: 수도료 | D56: =SUM(E56:P56) -> 278562.99 | E56: =E$7*1.3%*1.3 -> 20466.095 | F56: =F$7*1.3%*1.3 -> 16572.104 | G56: =G$7*1.3%*1.3 -> 18562.522 | H56: =H$7*1.3%*1.3 -> 20518.26 | I56: =I$7*1.3%*1.3 -> 23921.263 | J56: =J$7*1.3%*1.3 -> 24183.451 | K56: =K$7*1.3%*1.3 -> 27468.708 | L56: =L$7*1.3%*1.3 -> 29416.215 | ... P56: =P$7*1.3%*1.3 -> 22096.775 | Q56: 총매출 x 1.3% (소노문 해운대 1~8월 평균 1.3%) x 130%(+수영장 운영)
B57: 전력비 | D57: =SUM(E57:P57) -> 857116.88 | E57: =E$7*5.2% -> 62972.601 | F57: =F$7*5.2% -> 50991.088 | G57: =G$7*5.2% -> 57115.453 | H57: =H$7*5.2% -> 63133.108 | I57: =I$7*5.2% -> 73603.886 | J57: =J$7*5.2% -> 74410.62 | K57: =K$7*5.2% -> 84519.103 | L57: =L$7*5.2% -> 90511.429 | ... P57: =P$7*5.2% -> 67990.077 | Q57: 총매출 x 5.2% (소노문 해운대 1~8월 평균 3.7%, 겨울철 냉방고려 +1.5%)
B58: 유류비 | D58: =SUM(E58:P58) -> 0 | Q58: 미반영
B59: 가스비 | D59: =SUM(E59:P59) -> 171423.38 | E59: =E$7*0.8%*1.3 -> 12594.52 | F59: =F$7*0.8%*1.3 -> 10198.218 | G59: =G$7*0.8%*1.3 -> 11423.091 | H59: =H$7*0.8%*1.3 -> 12626.622 | I59: =I$7*0.8%*1.3 -> 14720.777 | J59: =J$7*0.8%*1.3 -> 14882.124 | K59: =K$7*0.8%*1.3 -> 16903.821 | L59: =L$7*0.8%*1.3 -> 18102.286 | ... P59: =P$7*0.8%*1.3 -> 13598.015 | Q59: 총매출 x 0.8% (소노문 해운대 1~8월 평균 0.8%) x 130%(+수영장 운영)
B60: 기타 | D60: =SUM(E60:P60) -> 0 | Q60: 미반영
B61: 수도광열비소계 | D61: =SUM(E61:P61) -> 1307103.2 | E61: =SUM(E56:E60) -> 96033.217 | F61: =SUM(F56:F60) -> 77761.41 | G61: =SUM(G56:G60) -> 87101.066 | H61: =SUM(H56:H60) -> 96277.989 | I61: =SUM(I56:I60) -> 112245.93 | J61: =SUM(J56:J60) -> 113476.2 | K61: =SUM(K56:K60) -> 128891.63 | L61: =SUM(L56:L60) -> 138029.93 | ... P61: =SUM(P56:P60) -> 103684.87 | Q61: 2024년 쏠비치 진도 기준 인피티니풀 운영관련 비용 증가율 반영
B62: 소모품비계 | D62: =SUM(E62:P62) -> 560422.58 | E62: =E$7*3.4% -> 41174.393 | F62: =F$7*3.4% -> 33340.327 | G62: =G$7*3.4% -> 37344.719 | H62: =H$7*3.4% -> 41279.34 | I62: =I$7*3.4% -> 48125.618 | J62: =J$7*3.4% -> 48653.098 | K62: =K$7*3.4% -> 55262.49 | L62: =L$7*3.4% -> 59180.55 | ... P62: =P$7*3.4% -> 44455.05 | Q62: 총매출 x 3.4% (소노인터내셔널 전사업장 1~8월 누계 3.4%)
B63: 카드수수료 | D63: =SUM(E63:P63) -> 247245.25 | E63: =E$7*1.5% -> 18165.173 | F63: =F$7*1.5% -> 14708.968 | G63: =G$7*1.5% -> 16475.611 | H63: =H$7*1.5% -> 18211.473 | I63: =I$7*1.5% -> 21231.89 | J63: =J$7*1.5% -> 21464.602 | K63: =K$7*1.5% -> 24380.511 | L63: =L$7*1.5% -> 26109.066 | ... P63: =P$7*1.5% -> 19612.522 | Q63: 총매출 x 1.5% (2024년 소노인터내셔널 실적 1.2% 기준 상향 적용)
B64: 위탁수수료 | D64: =SUM(E64:P64) -> 741735.76 | E64: =E$7*4.5% -> 54495.52 | F64: =F$7*4.5% -> 44126.903 | G64: =G$7*4.5% -> 49426.834 | H64: =H$7*4.5% -> 54634.42 | I64: =I$7*4.5% -> 63695.67 | J64: =J$7*4.5% -> 64393.806 | K64: =K$7*4.5% -> 73141.532 | L64: =L$7*4.5% -> 78327.198 | ... P64: =P$7*4.5% -> 58837.567 | Q64: 총매출 x 4.5% (base fee 3.5%, marketing fee 1% 계약)
B65: 영업용역료 | D65: =SUM(E65:P65) -> 1805076.7 | E65: =E$7*10%+SUM(Sheet1!Y23:Y25)*2.5+1500 -> 132878.66 | F65: =F$7*10%+SUM(Sheet1!Z23:Z25)*2.5+1500 -> 107892.29 | G65: =G$7*10%+SUM(Sheet1!AA23:AA25)*2.5+1500 -> 120667.41 | H65: =H$7*10%+SUM(Sheet1!AB23:AB25)*2.5+1500 -> 133214.82 | I65: =I$7*10%+SUM(Sheet1!AC23:AC25)*2.5+1500 -> 154980.93 | J65: =J$7*10%+SUM(Sheet1!AD23:AD25)*2.5+1500 -> 156567.35 | K65: =K$7*10%+SUM(Sheet1!AE23:AE25)*2.5+1500 -> 177826.74 | L65: =L$7*10%+SUM(Sheet1!AF23:AF25)*2.5+1500 -> 190317.94 | ... P65: =P$7*10%+SUM(Sheet1!AJ23:AJ25)*2.5+1500 -> 143162.65 | Q65: 총매출 x 10% (외부 수수료율 10~13%. 비회원 70% 감안→10%) 외부세탁 실당 2.5천원, 폐기물 처리 월 1,500천원 적용
B66: 기타수수료 | D66: =SUM(E66:P66) -> 708138.83 | E66: ='#)비용'!$E$39/12 -> 59011.569 | F66: ='#)비용'!$E$39/12 -> 59011.569 | G66: ='#)비용'!$E$39/12 -> 59011.569 | H66: ='#)비용'!$E$39/12 -> 59011.569 | I66: ='#)비용'!$E$39/12 -> 59011.569 | J66: ='#)비용'!$E$39/12 -> 59011.569 | K66: ='#)비용'!$E$39/12 -> 59011.569 | L66: ='#)비용'!$E$39/12 -> 59011.569 | ... P66: ='#)비용'!$E$39/12 -> 59011.569 | Q66: 공통관리비(시설 22명 도급료 기준 80%) 7억 반영
B67: 지급수수료소계 | D67: =SUM(E67:P67) -> 3502196.5 | E67: =SUM(E63:E66) -> 264550.92 | F67: =SUM(F63:F66) -> 225739.73 | G67: =SUM(G63:G66) -> 245581.43 | H67: =SUM(H63:H66) -> 265072.28 | I67: =SUM(I63:I66) -> 298920.06 | J67: =SUM(J63:J66) -> 301437.32 | K67: =SUM(K63:K66) -> 334360.35 | L67: =SUM(L63:L66) -> 353765.77 | ... P67: =SUM(P63:P66) -> 280624.31
B68: 수선비계 | D68: =SUM(E68:P68) -> 8241.5085 | E68: =E$7*0.05% -> 605.50578 | F68: =F$7*0.05% -> 490.29893 | G68: =G$7*0.05% -> 549.18705 | H68: =H$7*0.05% -> 607.04911 | I68: =I$7*0.05% -> 707.72967 | J68: =J$7*0.05% -> 715.48673 | K68: =K$7*0.05% -> 812.68368 | L68: =L$7*0.05% -> 870.3022 | ... P68: =P$7*0.05% -> 653.75074 | Q68: 총매출 x 0.05% (2019년 쏠비치 진도 오픈 초 수선비율 0.05%)
B69: TV,R,신문 광고 | D69: =SUM(E69:P69) -> 6000 | E69: 500 | F69: 500 | G69: 500 | H69: 500 | I69: 500 | J69: 500 | K69: 500 | L69: 500 | M69: 500 | N69: 500 | O69: 500 | P69: 500 | Q69: 광고매체 관련 월 500천원 적용
B70: 행사비 | D70: =SUM(E70:P70) -> 12000 | G70: 3000 | J70: 3000 | M70: 3000 | P70: 3000 | Q70: 이벤트, 행사 등 영업활성화 관련 분기별 3,000천원 적용
B71: 판매촉진비 | D71: =SUM(E71:P71) -> 0 | Q71: 미반영
B72: 기타광고비 | D72: =SUM(E72:P72) -> 0 | Q72: 미반영
B73: 광고선전비소계 | D73: =SUM(E73:P73) -> 18000 | E73: =SUM(E69:E72) -> 500 | F73: =SUM(F69:F72) -> 500 | G73: =SUM(G69:G72) -> 3500 | H73: =SUM(H69:H72) -> 500 | I73: =SUM(I69:I72) -> 500 | J73: =SUM(J69:J72) -> 3500 | K73: =SUM(K69:K72) -> 500 | L73: =SUM(L69:L72) -> 500 | ... P73: =SUM(P69:P72) -> 3500
B74: 재산세 | D74: =SUM(E74:P74) -> 0 | Q74: 미반영
B75: 종합부동산세 | D75: =SUM(E75:P75) -> 0 | Q75: 미반영
B76: 등록면허세 | D76: =SUM(E76:P76) -> 500 | J76: 250 | P76: 250 | Q76: 연간 등록면허세 500천원 반영(반기 250천원)
B77: 자동차세 | D77: =SUM(E77:P77) -> 250 | E77: 250 | Q77: 업무용 차량 자동차세 250천원 반영
B78: 주민세 | D78: =SUM(E78:P78) -> 3923.3538 | E78: =E33*0.5% -> 326.94615 | F78: =F33*0.5% -> 326.94615 | G78: =G33*0.5% -> 326.94615 | H78: =H33*0.5% -> 326.94615 | I78: =I33*0.5% -> 326.94615 | J78: =J33*0.5% -> 326.94615 | K78: =K33*0.5% -> 326.94615 | L78: =L33*0.5% -> 326.94615 | ... P78: =P33*0.5% -> 326.94615 | Q78: 월급여 x 0.5% 종업원분 적용
B79: 협회비 | D79: =SUM(E79:P79) -> 300 | J79: 150 | P79: 150 | Q79: 연간 협회비 300천원 반영(반기 150천원)
B80: 인지세 | D80: =SUM(E80:P80) -> 0 | Q80: 미반영
B81: 기타세금 | D81: =SUM(E81:P81) -> 0 | Q81: 미반영
B82: 세금과공과소계 | D82: =SUM(E82:P82) -> 4973.3538 | E82: =SUM(E74:E81) -> 576.94615 | F82: =SUM(F74:F81) -> 326.94615 | G82: =SUM(G74:G81) -> 326.94615 | H82: =SUM(H74:H81) -> 326.94615 | I82: =SUM(I74:I81) -> 326.94615 | J82: =SUM(J74:J81) -> 726.94615 | K82: =SUM(K74:K81) -> 326.94615 | L82: =SUM(L74:L81) -> 326.94615 | ... P82: =SUM(P74:P81) -> 726.94615
B83: 유형자산상각비 | D83: =SUM(E83:P83) -> 36000 | E83: ='#)비용'!$E$56/12 -> 3000 | F83: ='#)비용'!$E$56/12 -> 3000 | G83: ='#)비용'!$E$56/12 -> 3000 | H83: ='#)비용'!$E$56/12 -> 3000 | I83: ='#)비용'!$E$56/12 -> 3000 | J83: ='#)비용'!$E$56/12 -> 3000 | K83: ='#)비용'!$E$56/12 -> 3000 | L83: ='#)비용'!$E$56/12 -> 3000 | ... P83: ='#)비용'!$E$56/12 -> 3000 | Q83: 유형자산 감가상각비 월 3,000천원 반영
B84: 무형자산상각비 | D84: =SUM(E84:P84) -> 0
B85: 감가상각비소계 | D85: =SUM(E85:P85) -> 36000 | E85: =SUM(E83:E84) -> 3000 | F85: =SUM(F83:F84) -> 3000 | G85: =SUM(G83:G84) -> 3000 | H85: =SUM(H83:H84) -> 3000 | I85: =SUM(I83:I84) -> 3000 | J85: =SUM(J83:J84) -> 3000 | K85: =SUM(K83:K84) -> 3000 | L85: =SUM(L83:L84) -> 3000 | ... P85: =SUM(P83:P84) -> 3000
B86: 보험료 | D86: =SUM(E86:P86) -> 49449.051 | E86: =E$7*0.3% -> 3633.0347 | F86: =F$7*0.3% -> 2941.7936 | G86: =G$7*0.3% -> 3295.1223 | H86: =H$7*0.3% -> 3642.2947 | I86: =I$7*0.3% -> 4246.378 | J86: =J$7*0.3% -> 4292.9204 | K86: =K$7*0.3% -> 4876.1021 | L86: =L$7*0.3% -> 5221.8132 | ... P86: =P$7*0.3% -> 3922.5044 | Q86: 총매출 x 0.3% (소노인터내셔널 전사업장 1~8월 누계 0.3%)
B87: 교통비 | D87: =SUM(E87:P87) -> 49449.051 | E87: =E$7*0.3% -> 3633.0347 | F87: =F$7*0.3% -> 2941.7936 | G87: =G$7*0.3% -> 3295.1223 | H87: =H$7*0.3% -> 3642.2947 | I87: =I$7*0.3% -> 4246.378 | J87: =J$7*0.3% -> 4292.9204 | K87: =K$7*0.3% -> 4876.1021 | L87: =L$7*0.3% -> 5221.8132 | ... P87: =P$7*0.3% -> 3922.5044 | Q87: 총매출 x 0.3% (소노인터내셔널 전사업장 1~8월 누계 0.3%)
B88: 통신비 | D88: =SUM(E88:P88) -> 16483.017 | E88: =E$7*0.1% -> 1211.0116 | F88: =F$7*0.1% -> 980.59785 | G88: =G$7*0.1% -> 1098.3741 | H88: =H$7*0.1% -> 1214.0982 | I88: =I$7*0.1% -> 1415.4593 | J88: =J$7*0.1% -> 1430.9735 | K88: =K$7*0.1% -> 1625.3674 | L88: =L$7*0.1% -> 1740.6044 | ... P88: =P$7*0.1% -> 1307.5015 | Q88: 총매출 x 0.1% (소노인터내셔널 전사업장 1~8월 누계 0.1%)
B89: 도서인쇄비 | D89: =SUM(E89:P89) -> 300 | J89: 150 | P89: 150 | Q89: 정기간행물, 참고도서 등 연간 300천원 적용
B90: 접대비 | D90: =SUM(E90:P90) -> 3600 | E90: 300 | F90: 300 | G90: 300 | H90: 300 | I90: 300 | J90: 300 | K90: 300 | L90: 300 | M90: 300 | N90: 300 | O90: 300 | P90: 300 | Q90: 대외 접대비성 비용 월 300천원 적용
B91: 지급임차료 | D91: =SUM(E91:P91) -> 65932.068 | E91: =E$7*0.4% -> 4844.0462 | F91: =F$7*0.4% -> 3922.3914 | G91: =G$7*0.4% -> 4393.4964 | H91: =H$7*0.4% -> 4856.3929 | I91: =I$7*0.4% -> 5661.8374 | J91: =J$7*0.4% -> 5723.8938 | K91: =K$7*0.4% -> 6501.4695 | L91: =L$7*0.4% -> 6962.4176 | ... P91: =P$7*0.4% -> 5230.0059 | Q91: 총매출 x 0.4% (소노인터내셔널 전사업장 1~8월 누계 0.4%)
B92: 차량유지비 | D92: =SUM(E92:P92) -> 4800 | E92: 400 | F92: 400 | G92: 400 | H92: 400 | I92: 400 | J92: 400 | K92: 400 | L92: 400 | M92: 400 | N92: 400 | O92: 400 | P92: 400 | Q92: 업무용 차량 유류비, 수리비 등 월 400천원 적용
B93: 교육비 | D93: =SUM(E93:P93) -> 2400 | E93: 200 | F93: 200 | G93: 200 | H93: 200 | I93: 200 | J93: 200 | K93: 200 | L93: 200 | M93: 200 | N93: 200 | O93: 200 | P93: 200 | Q93: 법정교육 및 직무관련 교육 비용 월 200천원 적용
B94: 기타비용 | D94: =SUM(E94:P94) -> 0 | Q94: 미반영
B95: 기타경비소계 | D95: =SUM(E95:P95) -> 192413.19 | E95: =SUM(E86:E94) -> 14221.127 | F95: =SUM(F86:F94) -> 11686.576 | G95: =SUM(G86:G94) -> 12982.115 | H95: =SUM(H86:H94) -> 14255.08 | I95: =SUM(I86:I94) -> 16470.053 | J95: =SUM(J86:J94) -> 16790.708 | K95: =SUM(K86:K94) -> 18779.041 | L95: =SUM(L86:L94) -> 20046.649 | ... P95: =SUM(P86:P94) -> 15432.516
B96: 운영원가합계 | D96: =SUM(E96:P96) -> 8772294.2 | E96: =SUM(E38,E39,E44,E55,E61,E62,E67,E68,E73,E82,E85,E95) -> 676278.79 | F96: =SUM(F38,F39,F44,F55,F61,F62,F67,F68,F73,F82,F85,F95) -> 607309.9 | G96: =SUM(G38,G39,G44,G55,G61,G62,G67,G68,G73,G82,G85,G95) -> 645438.95 | H96: =SUM(H38,H39,H44,H55,H61,H62,H67,H68,H73,H82,H85,H95) -> 676950.8 | I96: =SUM(I38,I39,I44,I55,I61,I62,I67,I68,I73,I82,I85,I95) -> 736935.26 | J96: =SUM(J38,J39,J44,J55,J61,J62,J67,J68,J73,J82,J85,J95) -> 745016.25 | K96: =SUM(K38,K39,K44,K55,K61,K62,K67,K68,K73,K82,K85,K95) -> 799821.6 | L96: =SUM(L38,L39,L44,L55,L61,L62,L67,L68,L73,L82,L85,L95) -> 834184.8 | ... P96: =SUM(P38,P39,P44,P55,P61,P62,P67,P68,P73,P82,P85,P95) -> 773565.8

Sheet 1)총비용
A3: ■ 총괄
P4: [단위 : 백만원]
B5: 구분 | D5: 합계 | E5: 객실 | H5: 식음 | K5: 부대 | N5: 임대 | P5: 비고
E6: 팔라티움 | F6: 도급-객실 | G6: 계 | H6: 루프탑바 | I6: 예비 | J6: 계 | K6: 인피니티풀 | L6: 예비 | M6: 계 | N6: 입주업체 | O6: 계
B7: Ⅰ. 매 출 액 | D7: =SUM(G7,J7,M7,O7) -> 16858639 | E7: ='2)팀공통비'!E7 -> 16483017 | F7: ='2)팀공통비'!F7 -> 0 | G7: =SUM(E7:F7) -> 16483017 | H7: ='2)팀공통비'!H7 -> 73941.84 | I7: ='2)팀공통비'!I7 -> 0 | J7: =SUM(H7:I7) -> 73941.84 | K7: ='2)팀공통비'!K7 -> 0 | L7: ='2)팀공통비'!L7 -> 0 | M7: =SUM(K7:L7) -> 0 | N7: ='2)팀공통비'!N7 -> 301680 | O7: =SUM(N7) -> 301680
B8: Ⅱ. 운 영 원 가 | D8: =SUM(G8,J8,M8,O8) -> 0 | E8: =SUM(E9:E20) -> 0 | F8: =SUM(F9:F20) -> 0 | G8: =SUM(E8:F8) -> 0 | H8: =SUM(H9:H20) -> 0 | I8: =SUM(I9:I20) -> 0 | J8: =SUM(H8:I8) -> 0 | K8: =SUM(K9:K20) -> 0 | L8: =SUM(L9:L20) -> 0 | M8: =SUM(K8:L8) -> 0 | N8: =SUM(N9:N20) -> 0 | O8: =SUM(N8) -> 0
C9: 인 건 비 | D9: =SUM(G9,J9,M9,O9) -> 0 | E9: =E35 -> 0 | F9: =F35 -> 0 | G9: =SUM(E9:F9) -> 0 | H9: =H35 -> 0 | I9: =I35 -> 0 | J9: =SUM(H9:I9) -> 0 | K9: =K35 -> 0 | L9: =L35 -> 0 | M9: =SUM(K9:L9) -> 0 | N9: =N35 -> 0 | O9: =SUM(N9) -> 0
C10: 재 료 비 | D10: =SUM(G10,J10,M10,O10) -> 0 | E10: =E36 -> 0 | F10: =F36 -> 0 | G10: =SUM(E10:F10) -> 0 | H10: =H36 -> 0 | I10: =I36 -> 0 | J10: =SUM(H10:I10) -> 0 | K10: =K36 -> 0 | L10: =L36 -> 0 | M10: =SUM(K10:L10) -> 0 | N10: =N36 -> 0 | O10: =SUM(N10) -> 0
C11: 용 역 비 | D11: =SUM(G11,J11,M11,O11) -> 0 | E11: =E41 -> 0 | F11: =F41 -> 0 | G11: =SUM(E11:F11) -> 0 | H11: =H41 -> 0 | I11: =I41 -> 0 | J11: =SUM(H11:I11) -> 0 | K11: =K41 -> 0 | L11: =L41 -> 0 | M11: =SUM(K11:L11) -> 0 | N11: =N41 -> 0 | O11: =SUM(N11) -> 0
C12: 복리후생비 | D12: =SUM(G12,J12,M12,O12) -> 0 | E12: =E52 -> 0 | F12: =F52 -> 0 | G12: =SUM(E12:F12) -> 0 | H12: =H52 -> 0 | I12: =I52 -> 0 | J12: =SUM(H12:I12) -> 0 | K12: =K52 -> 0 | L12: =L52 -> 0 | M12: =SUM(K12:L12) -> 0 | N12: =N52 -> 0 | O12: =SUM(N12) -> 0
C13: 수도광열비 | D13: =SUM(G13,J13,M13,O13) -> 0 | E13: =E58 -> 0 | F13: =F58 -> 0 | G13: =SUM(E13:F13) -> 0 | H13: =H58 -> 0 | I13: =I58 -> 0 | J13: =SUM(H13:I13) -> 0 | K13: =K58 -> 0 | L13: =L58 -> 0 | M13: =SUM(K13:L13) -> 0 | N13: =N58 -> 0 | O13: =SUM(N13) -> 0
C14: 소 모 품 비 | D14: =SUM(G14,J14,M14,O14) -> 0 | E14: =E59 -> 0 | F14: =F59 -> 0 | G14: =SUM(E14:F14) -> 0 | H14: =H59 -> 0 | I14: =I59 -> 0 | J14: =SUM(H14:I14) -> 0 | K14: =K59 -> 0 | L14: =L59 -> 0 | M14: =SUM(K14:L14) -> 0 | N14: =N59 | O14: =SUM(N14) -> 0
C15: 지급수수료 | D15: =SUM(G15,J15,M15,O15) -> 0 | E15: =E64 -> 0 | F15: =F64 -> 0 | G15: =SUM(E15:F15) -> 0 | H15: =H64 -> 0 | I15: =I64 -> 0 | J15: =SUM(H15:I15) -> 0 | K15: =K64 -> 0 | L15: =L64 -> 0 | M15: =SUM(K15:L15) -> 0 | N15: =N64 -> 0 | O15: =SUM(N15) -> 0
C16: 수 선 비 | D16: =SUM(G16,J16,M16,O16) -> 0 | E16: =E65 -> 0 | F16: =F65 -> 0 | G16: =SUM(E16:F16) -> 0 | H16: =H65 -> 0 | I16: =I65 -> 0 | J16: =SUM(H16:I16) -> 0 | K16: =K65 -> 0 | L16: =L65 -> 0 | M16: =SUM(K16:L16) -> 0 | N16: =N65 | O16: =SUM(N16) -> 0
C17: 광고선전비 | D17: =SUM(G17,J17,M17,O17) -> 0 | E17: =E70 -> 0 | F17: =F70 -> 0 | G17: =SUM(E17:F17) -> 0 | H17: =H70 -> 0 | I17: =I70 -> 0 | J17: =SUM(H17:I17) -> 0 | K17: =K70 -> 0 | L17: =L70 -> 0 | M17: =SUM(K17:L17) -> 0 | N17: =N70 -> 0 | O17: =SUM(N17) -> 0
C18: 세금과공과 | D18: =SUM(G18,J18,M18,O18) -> 0 | E18: =E79 -> 0 | F18: =F79 -> 0 | G18: =SUM(E18:F18) -> 0 | H18: =H79 -> 0 | I18: =I79 -> 0 | J18: =SUM(H18:I18) -> 0 | K18: =K79 -> 0 | L18: =L79 -> 0 | M18: =SUM(K18:L18) -> 0 | N18: =N79 -> 0 | O18: =SUM(N18) -> 0
C19: 감가상각비 | D19: =SUM(G19,J19,M19,O19) -> 0 | E19: =E82 -> 0 | F19: =F82 -> 0 | G19: =SUM(E19:F19) -> 0 | H19: =H82 -> 0 | I19: =I82 -> 0 | J19: =SUM(H19:I19) -> 0 | K19: =K82 -> 0 | L19: =L82 -> 0 | M19: =SUM(K19:L19) -> 0 | N19: =N82 -> 0 | O19: =SUM(N19) -> 0
C20: 기 타 경 비 | D20: =SUM(G20,J20,M20,O20) -> 0 | E20: =E92 -> 0 | F20: =F92 -> 0 | G20: =SUM(E20:F20) -> 0 | H20: =H92 -> 0 | I20: =I92 -> 0 | J20: =SUM(H20:I20) -> 0 | K20: =K92 -> 0 | L20: =L92 -> 0 | M20: =SUM(K20:L20) -> 0 | N20: =N92 -> 0 | O20: =SUM(N20) -> 0
B21: Ⅲ. 매출총이익 | D21: =SUM(G21,J21,M21,O21) -> 16858639 | E21: =E7-E8 -> 16483017 | F21: =F7-F8 -> 0 | G21: =SUM(E21:F21) -> 16483017 | H21: =H7-H8 -> 73941.84 | I21: =I7-I8 -> 0 | J21: =SUM(H21:I21) -> 73941.84 | K21: =K7-K8 -> 0 | L21: =L7-L8 -> 0 | M21: =SUM(K21:L21) -> 0 | N21: =N7-N8 -> 301680 | O21: =SUM(N21) -> 301680
B22: Ⅳ. E B I T D A | D22: =SUM(G22,J22,M22,O22) -> 16858639 | E22: =E21+E19 -> 16483017 | F22: =F21+F19 -> 0 | G22: =SUM(E22:F22) -> 16483017 | H22: =H21+H19 -> 73941.84 | I22: =I21+I19 -> 0 | J22: =SUM(H22:I22) -> 73941.84 | K22: =K21+K19 -> 0 | L22: =L21+L19 -> 0 | M22: =SUM(K22:L22) -> 0 | N22: =N21+N19 -> 301680 | O22: =SUM(N22) -> 301680
A26: ■ 계정세부 | Q26: ■ 공통비 배부
B28: 구분 | D28: 합계 | E28: 객실 | H28: 식음 | K28: 부대 | N28: 임대 | P28: 비고 | R28: 구분 | T28: 합 계 | U28: 지원 | V28: 예약 | W28: 영업기획 | X28: 도급-공통 | Y28: 배부기준
E29: 팔라티움 | F29: 도급-객실 | G29: 계 | H29: 루프탑바 | I29: 예비 | J29: 계 | K29: 인피니티풀 | L29: 예비 | M29: 계 | N29: 입주업체 | O29: 계
B30: 급료 | D30: =SUM(G30,J30,M30,O30) -> 0 | E30: =IFERROR('2)팀공통비'!E30+$T30*E$102,"") -> 0 | F30: =IFERROR('2)팀공통비'!F30+$T30*F$102,"") -> 0 | G30: =SUM(E30:F30) -> 0 | H30: =IFERROR('2)팀공통비'!H30+$T30*H$102,"") -> 0 | I30: =IFERROR('2)팀공통비'!I30+$T30*I$102,"") -> 0 | J30: =SUM(H30:I30) -> 0 | K30: =IFERROR('2)팀공통비'!K30+$T30*K$102,"") -> 0 | L30: =IFERROR('2)팀공통비'!L30+$T30*L$102,"") -> 0 | M30: =SUM(K30:L30) -> 0 | N30: =IFERROR('2)팀공통비'!N30+$T30*N$102,"") | O30: =SUM(N30) -> 0 | R30: 급료 | T30: =SUM(U30:X30) -> 0 | Y30: 매출액
B31: 임금 | D31: =SUM(G31,J31,M31,O31) -> 0 | E31: =IFERROR('2)팀공통비'!E31+$T31*E$102,"") -> 0 | F31: =IFERROR('2)팀공통비'!F31+$T31*F$102,"") -> 0 | G31: =SUM(E31:F31) -> 0 | H31: =IFERROR('2)팀공통비'!H31+$T31*H$102,"") -> 0 | I31: =IFERROR('2)팀공통비'!I31+$T31*I$102,"") -> 0 | J31: =SUM(H31:I31) -> 0 | K31: =IFERROR('2)팀공통비'!K31+$T31*K$102,"") -> 0 | L31: =IFERROR('2)팀공통비'!L31+$T31*L$102,"") -> 0 | M31: =SUM(K31:L31) -> 0 | N31: =IFERROR('2)팀공통비'!N31+$T31*N$102,"") | O31: =SUM(N31) -> 0 | R31: 임금 | T31: =SUM(U31:X31) -> 0 | Y31: 매출액
B32: 상여금 | D32: =SUM(G32,J32,M32,O32) -> 0 | E32: =IFERROR('2)팀공통비'!E32+$T32*E$102,"") -> 0 | F32: =IFERROR('2)팀공통비'!F32+$T32*F$102,"") -> 0 | G32: =SUM(E32:F32) -> 0 | H32: =IFERROR('2)팀공통비'!H32+$T32*H$102,"") -> 0 | I32: =IFERROR('2)팀공통비'!I32+$T32*I$102,"") -> 0 | J32: =SUM(H32:I32) -> 0 | K32: =IFERROR('2)팀공통비'!K32+$T32*K$102,"") -> 0 | L32: =IFERROR('2)팀공통비'!L32+$T32*L$102,"") -> 0 | M32: =SUM(K32:L32) -> 0 | N32: =IFERROR('2)팀공통비'!N32+$T32*N$102,"") | O32: =SUM(N32) -> 0 | R32: 상여금 | T32: =SUM(U32:X32) -> 0 | Y32: 매출액
B33: 제수당 | D33: =SUM(G33,J33,M33,O33) -> 0 | E33: =IFERROR('2)팀공통비'!E33+$T33*E$102,"") -> 0 | F33: =IFERROR('2)팀공통비'!F33+$T33*F$102,"") -> 0 | G33: =SUM(E33:F33) -> 0 | H33: =IFERROR('2)팀공통비'!H33+$T33*H$102,"") -> 0 | I33: =IFERROR('2)팀공통비'!I33+$T33*I$102,"") -> 0 | J33: =SUM(H33:I33) -> 0 | K33: =IFERROR('2)팀공통비'!K33+$T33*K$102,"") -> 0 | L33: =IFERROR('2)팀공통비'!L33+$T33*L$102,"") -> 0 | M33: =SUM(K33:L33) -> 0 | N33: =IFERROR('2)팀공통비'!N33+$T33*N$102,"") | O33: =SUM(N33) -> 0 | R33: 제수당 | T33: =SUM(U33:X33) -> 0 | Y33: 매출액
B34: 퇴직급여 | D34: =SUM(G34,J34,M34,O34) -> 0 | E34: =IFERROR('2)팀공통비'!E34+$T34*E$102,"") -> 0 | F34: =IFERROR('2)팀공통비'!F34+$T34*F$102,"") -> 0 | G34: =SUM(E34:F34) -> 0 | H34: =IFERROR('2)팀공통비'!H34+$T34*H$102,"") -> 0 | I34: =IFERROR('2)팀공통비'!I34+$T34*I$102,"") -> 0 | J34: =SUM(H34:I34) -> 0 | K34: =IFERROR('2)팀공통비'!K34+$T34*K$102,"") -> 0 | L34: =IFERROR('2)팀공통비'!L34+$T34*L$102,"") -> 0 | M34: =SUM(K34:L34) -> 0 | N34: =IFERROR('2)팀공통비'!N34+$T34*N$102,"") | O34: =SUM(N34) -> 0 | R34: 퇴직급여 | T34: =SUM(U34:X34) -> 0 | Y34: 매출액
B35: 인건비소계 | D35: =SUM(G35,J35,M35,O35) -> 0 | E35: =SUM(E30:E34) -> 0 | F35: =SUM(F30:F34) -> 0 | G35: =SUM(E35:F35) -> 0 | H35: =SUM(H30:H34) -> 0 | I35: =SUM(I30:I34) -> 0 | J35: =SUM(H35:I35) -> 0 | K35: =SUM(K30:K34) -> 0 | L35: =SUM(L30:L34) -> 0 | M35: =SUM(K35:L35) -> 0 | N35: =SUM(N30:N34) -> 0 | O35: =SUM(N35) -> 0 | R35: 인건비소계 | T35: =SUM(T30:T34) -> 0 | U35: =SUM(U30:U34) -> 0 | V35: =SUM(V30:V34) -> 0 | W35: =SUM(W30:W34) -> 0 | X35: =SUM(X30:X34) -> 0
B36: 재료비소계 | D36: =SUM(G36,J36,M36,O36) -> 0 | E36: =IFERROR('2)팀공통비'!E36,"") -> 0 | F36: =IFERROR('2)팀공통비'!F36,"") -> 0 | G36: =SUM(E36:F36) -> 0 | H36: =IFERROR('2)팀공통비'!H36,"") -> 0 | I36: =IFERROR('2)팀공통비'!I36,"") -> 0 | J36: =SUM(H36:I36) -> 0 | K36: =IFERROR('2)팀공통비'!K36,"") -> 0 | L36: =IFERROR('2)팀공통비'!L36,"") -> 0 | M36: =SUM(K36:L36) -> 0 | N36: =IFERROR('2)팀공통비'!N36,"") -> 0 | O36: =SUM(N36) -> 0 | R36: 재료비소계 | T36: =SUM(U36:X36) -> 0 | Y36: 재료비
B37: 고정도급비 | D37: =SUM(G37,J37,M37,O37) -> 0 | E37: =IFERROR('2)팀공통비'!E37+$T37*E$102,"") -> 0 | F37: =IFERROR('2)팀공통비'!F37+$T37*F$102,"") -> 0 | G37: =SUM(E37:F37) -> 0 | H37: =IFERROR('2)팀공통비'!H37+$T37*H$102,"") -> 0 | I37: =IFERROR('2)팀공통비'!I37+$T37*I$102,"") -> 0 | J37: =SUM(H37:I37) -> 0 | K37: =IFERROR('2)팀공통비'!K37+$T37*K$102,"") -> 0 | L37: =IFERROR('2)팀공통비'!L37+$T37*L$102,"") -> 0 | M37: =SUM(K37:L37) -> 0 | N37: =IFERROR('2)팀공통비'!N37+$T37*N$102,"") | O37: =SUM(N37) -> 0 | R37: 고정도급비 | T37: =SUM(U37:X37) -> 0 | Y37: 매출액
B38: 추가도급비 | D38: =SUM(G38,J38,M38,O38) -> 0 | E38: =IFERROR('2)팀공통비'!E38+$T38*E$102,"") -> 0 | F38: =IFERROR('2)팀공통비'!F38+$T38*F$102,"") -> 0 | G38: =SUM(E38:F38) -> 0 | H38: =IFERROR('2)팀공통비'!H38+$T38*H$102,"") -> 0 | I38: =IFERROR('2)팀공통비'!I38+$T38*I$102,"") -> 0 | J38: =SUM(H38:I38) -> 0 | K38: =IFERROR('2)팀공통비'!K38+$T38*K$102,"") -> 0 | L38: =IFERROR('2)팀공통비'!L38+$T38*L$102,"") -> 0 | M38: =SUM(K38:L38) -> 0 | N38: =IFERROR('2)팀공통비'!N38+$T38*N$102,"") | O38: =SUM(N38) -> 0 | R38: 추가도급비 | T38: =SUM(U38:X38) -> 0 | Y38: 매출액
B39: 시설관리비 | D39: =SUM(G39,J39,M39,O39) -> 0 | E39: =IFERROR('2)팀공통비'!E39+$T39*E$102,"") -> 0 | F39: =IFERROR('2)팀공통비'!F39+$T39*F$102,"") -> 0 | G39: =SUM(E39:F39) -> 0 | H39: =IFERROR('2)팀공통비'!H39+$T39*H$102,"") -> 0 | I39: =IFERROR('2)팀공통비'!I39+$T39*I$102,"") -> 0 | J39: =SUM(H39:I39) -> 0 | K39: =IFERROR('2)팀공통비'!K39+$T39*K$102,"") -> 0 | L39: =IFERROR('2)팀공통비'!L39+$T39*L$102,"") -> 0 | M39: =SUM(K39:L39) -> 0 | N39: =IFERROR('2)팀공통비'!N39+$T39*N$102,"") | O39: =SUM(N39) -> 0 | R39: 시설관리비 | T39: =SUM(U39:X39) -> 0 | Y39: 매출액
B40: 객실정비료 | D40: =SUM(G40,J40,M40,O40) -> 0 | E40: =IFERROR('2)팀공통비'!E40+$T40*E$102,"") -> 0 | F40: =IFERROR('2)팀공통비'!F40+$T40*F$102,"") -> 0 | G40: =SUM(E40:F40) -> 0 | H40: =IFERROR('2)팀공통비'!H40+$T40*H$102,"") -> 0 | I40: =IFERROR('2)팀공통비'!I40+$T40*I$102,"") -> 0 | J40: =SUM(H40:I40) -> 0 | K40: =IFERROR('2)팀공통비'!K40+$T40*K$102,"") -> 0 | L40: =IFERROR('2)팀공통비'!L40+$T40*L$102,"") -> 0 | M40: =SUM(K40:L40) -> 0 | N40: =IFERROR('2)팀공통비'!N40+$T40*N$102,"") | O40: =SUM(N40) -> 0 | R40: 객실정비료 | T40: =SUM(U40:X40) -> 0 | Y40: 매출액
B41: 용역비소계 | D41: =SUM(G41,J41,M41,O41) -> 0 | E41: =SUM(E37:E40) -> 0 | F41: =SUM(F37:F40) -> 0 | G41: =SUM(E41:F41) -> 0 | H41: =SUM(H37:H40) -> 0 | I41: =SUM(I37:I40) -> 0 | J41: =SUM(H41:I41) -> 0 | K41: =SUM(K37:K40) -> 0 | L41: =SUM(L37:L40) -> 0 | M41: =SUM(K41:L41) -> 0 | N41: =SUM(N37:N40) -> 0 | O41: =SUM(N41) -> 0 | R41: 용역비소계 | T41: =SUM(T37:T40) -> 0 | U41: =SUM(U37:U40) -> 0 | V41: =SUM(V37:V40) -> 0 | W41: =SUM(W37:W40) -> 0 | X41: =SUM(X37:X40) -> 0
B42: 직원급식대 | D42: =SUM(G42,J42,M42,O42) -> 0 | E42: =IFERROR('2)팀공통비'!E42+$T42*E$104,"") -> 0 | F42: =IFERROR('2)팀공통비'!F42+$T42*F$104,"") -> 0 | G42: =SUM(E42:F42) -> 0 | H42: =IFERROR('2)팀공통비'!H42+$T42*H$104,"") -> 0 | I42: =IFERROR('2)팀공통비'!I42+$T42*I$104,"") -> 0 | J42: =SUM(H42:I42) -> 0 | K42: =IFERROR('2)팀공통비'!K42+$T42*K$104,"") -> 0 | L42: =IFERROR('2)팀공통비'!L42+$T42*L$104,"") -> 0 | M42: =SUM(K42:L42) -> 0 | N42: =IFERROR('2)팀공통비'!N42+$T42*N$104,"") | O42: =SUM(N42) -> 0 | R42: 직원급식대 | T42: =SUM(U42:X42) -> 0 | Y42: 인원수
B43: 직원경조비 | D43: =SUM(G43,J43,M43,O43) -> 0 | E43: =IFERROR('2)팀공통비'!E43+$T43*E$102,"") -> 0 | F43: =IFERROR('2)팀공통비'!F43+$T43*F$102,"") -> 0 | G43: =SUM(E43:F43) -> 0 | H43: =IFERROR('2)팀공통비'!H43+$T43*H$102,"") -> 0 | I43: =IFERROR('2)팀공통비'!I43+$T43*I$102,"") -> 0 | J43: =SUM(H43:I43) -> 0 | K43: =IFERROR('2)팀공통비'!K43+$T43*K$102,"") -> 0 | L43: =IFERROR('2)팀공통비'!L43+$T43*L$102,"") -> 0 | M43: =SUM(K43:L43) -> 0 | N43: =IFERROR('2)팀공통비'!N43+$T43*N$102,"") | O43: =SUM(N43) -> 0 | R43: 직원경조비 | T43: =SUM(U43:X43) -> 0 | Y43: 매출액
B44: 의료비 | D44: =SUM(G44,J44,M44,O44) -> 0 | E44: =IFERROR('2)팀공통비'!E44+$T44*E$102,"") -> 0 | F44: =IFERROR('2)팀공통비'!F44+$T44*F$102,"") -> 0 | G44: =SUM(E44:F44) -> 0 | H44: =IFERROR('2)팀공통비'!H44+$T44*H$102,"") -> 0 | I44: =IFERROR('2)팀공통비'!I44+$T44*I$102,"") -> 0 | J44: =SUM(H44:I44) -> 0 | K44: =IFERROR('2)팀공통비'!K44+$T44*K$102,"") -> 0 | L44: =IFERROR('2)팀공통비'!L44+$T44*L$102,"") -> 0 | M44: =SUM(K44:L44) -> 0 | N44: =IFERROR('2)팀공통비'!N44+$T44*N$102,"") | O44: =SUM(N44) -> 0 | R44: 의료비 | T44: =SUM(U44:X44) -> 0 | Y44: 매출액
B45: 세탁비 | D45: =SUM(G45,J45,M45,O45) -> 0 | E45: =IFERROR('2)팀공통비'!E45+$T45*E$102,"") -> 0 | F45: =IFERROR('2)팀공통비'!F45+$T45*F$102,"") -> 0 | G45: =SUM(E45:F45) -> 0 | H45: =IFERROR('2)팀공통비'!H45+$T45*H$102,"") -> 0 | I45: =IFERROR('2)팀공통비'!I45+$T45*I$102,"") -> 0 | J45: =SUM(H45:I45) -> 0 | K45: =IFERROR('2)팀공통비'!K45+$T45*K$102,"") -> 0 | L45: =IFERROR('2)팀공통비'!L45+$T45*L$102,"") -> 0 | M45: =SUM(K45:L45) -> 0 | N45: =IFERROR('2)팀공통비'!N45+$T45*N$102,"") | O45: =SUM(N45) -> 0 | R45: 세탁비 | T45: =SUM(U45:X45) -> 0 | Y45: 매출액
B46: 피복비 | D46: =SUM(G46,J46,M46,O46) -> 0 | E46: =IFERROR('2)팀공통비'!E46+$T46*E$102,"") -> 0 | F46: =IFERROR('2)팀공통비'!F46+$T46*F$102,"") -> 0 | G46: =SUM(E46:F46) -> 0 | H46: =IFERROR('2)팀공통비'!H46+$T46*H$102,"") -> 0 | I46: =IFERROR('2)팀공통비'!I46+$T46*I$102,"") -> 0 | J46: =SUM(H46:I46) -> 0 | K46: =IFERROR('2)팀공통비'!K46+$T46*K$102,"") -> 0 | L46: =IFERROR('2)팀공통비'!L46+$T46*L$102,"") -> 0 | M46: =SUM(K46:L46) -> 0 | N46: =IFERROR('2)팀공통비'!N46+$T46*N$102,"") | O46: =SUM(N46) -> 0 | R46: 피복비 | T46: =SUM(U46:X46) -> 0 | Y46: 매출액
B47: 회사부담금 | D47: =SUM(G47,J47,M47,O47) -> 0 | E47: =IFERROR('2)팀공통비'!E47+$T47*E$102,"") -> 0 | F47: =IFERROR('2)팀공통비'!F47+$T47*F$102,"") -> 0 | G47: =SUM(E47:F47) -> 0 | H47: =IFERROR('2)팀공통비'!H47+$T47*H$102,"") -> 0 | I47: =IFERROR('2)팀공통비'!I47+$T47*I$102,"") -> 0 | J47: =SUM(H47:I47) -> 0 | K47: =IFERROR('2)팀공통비'!K47+$T47*K$102,"") -> 0 | L47: =IFERROR('2)팀공통비'!L47+$T47*L$102,"") -> 0 | M47: =SUM(K47:L47) -> 0 | N47: =IFERROR('2)팀공통비'!N47+$T47*N$102,"") | O47: =SUM(N47) -> 0 | R47: 회사부담금 | T47: =SUM(U47:X47) -> 0 | Y47: 매출액
B48: 직원기념일 | D48: =SUM(G48,J48,M48,O48) -> 0 | E48: =IFERROR('2)팀공통비'!E48+$T48*E$102,"") -> 0 | F48: =IFERROR('2)팀공통비'!F48+$T48*F$102,"") -> 0 | G48: =SUM(E48:F48) -> 0 | H48: =IFERROR('2)팀공통비'!H48+$T48*H$102,"") -> 0 | I48: =IFERROR('2)팀공통비'!I48+$T48*I$102,"") -> 0 | J48: =SUM(H48:I48) -> 0 | K48: =IFERROR('2)팀공통비'!K48+$T48*K$102,"") -> 0 | L48: =IFERROR('2)팀공통비'!L48+$T48*L$102,"") -> 0 | M48: =SUM(K48:L48) -> 0 | N48: =IFERROR('2)팀공통비'!N48+$T48*N$102,"") | O48: =SUM(N48) -> 0 | R48: 직원기념일 | T48: =SUM(U48:X48) -> 0 | Y48: 매출액
B49: 팀운영비 | D49: =SUM(G49,J49,M49,O49) -> 0 | E49: =IFERROR('2)팀공통비'!E49+$T49*E$102,"") -> 0 | F49: =IFERROR('2)팀공통비'!F49+$T49*F$102,"") -> 0 | G49: =SUM(E49:F49) -> 0 | H49: =IFERROR('2)팀공통비'!H49+$T49*H$102,"") -> 0 | I49: =IFERROR('2)팀공통비'!I49+$T49*I$102,"") -> 0 | J49: =SUM(H49:I49) -> 0 | K49: =IFERROR('2)팀공통비'!K49+$T49*K$102,"") -> 0 | L49: =IFERROR('2)팀공통비'!L49+$T49*L$102,"") -> 0 | M49: =SUM(K49:L49) -> 0 | N49: =IFERROR('2)팀공통비'!N49+$T49*N$102,"") | O49: =SUM(N49) -> 0 | R49: 팀운영비 | T49: =SUM(U49:X49) -> 0 | Y49: 매출액
B50: 조직운영비 | D50: =SUM(G50,J50,M50,O50) -> 0 | E50: =IFERROR('2)팀공통비'!E50+$T50*E$102,"") -> 0 | F50: =IFERROR('2)팀공통비'!F50+$T50*F$102,"") -> 0 | G50: =SUM(E50:F50) -> 0 | H50: =IFERROR('2)팀공통비'!H50+$T50*H$102,"") -> 0 | I50: =IFERROR('2)팀공통비'!I50+$T50*I$102,"") -> 0 | J50: =SUM(H50:I50) -> 0 | K50: =IFERROR('2)팀공통비'!K50+$T50*K$102,"") -> 0 | L50: =IFERROR('2)팀공통비'!L50+$T50*L$102,"") -> 0 | M50: =SUM(K50:L50) -> 0 | N50: =IFERROR('2)팀공통비'!N50+$T50*N$102,"") | O50: =SUM(N50) -> 0 | R50: 조직운영비 | T50: =SUM(U50:X50) -> 0 | Y50: 매출액
B51: 기타복리 | D51: =SUM(G51,J51,M51,O51) -> 0 | E51: =IFERROR('2)팀공통비'!E51+$T51*E$102,"") -> 0 | F51: =IFERROR('2)팀공통비'!F51+$T51*F$102,"") -> 0 | G51: =SUM(E51:F51) -> 0 | H51: =IFERROR('2)팀공통비'!H51+$T51*H$102,"") -> 0 | I51: =IFERROR('2)팀공통비'!I51+$T51*I$102,"") -> 0 | J51: =SUM(H51:I51) -> 0 | K51: =IFERROR('2)팀공통비'!K51+$T51*K$102,"") -> 0 | L51: =IFERROR('2)팀공통비'!L51+$T51*L$102,"") -> 0 | M51: =SUM(K51:L51) -> 0 | N51: =IFERROR('2)팀공통비'!N51+$T51*N$102,"") | O51: =SUM(N51) -> 0 | R51: 기타복리 | T51: =SUM(U51:X51) -> 0 | Y51: 매출액
B52: 복리후생비소계 | D52: =SUM(G52,J52,M52,O52) -> 0 | E52: =SUM(E42:E51) -> 0 | F52: =SUM(F42:F51) -> 0 | G52: =SUM(E52:F52) -> 0 | H52: =SUM(H42:H51) -> 0 | I52: =SUM(I42:I51) -> 0 | J52: =SUM(H52:I52) -> 0 | K52: =SUM(K42:K51) -> 0 | L52: =SUM(L42:L51) -> 0 | M52: =SUM(K52:L52) -> 0 | N52: =SUM(N42:N51) -> 0 | O52: =SUM(N52) -> 0 | R52: 복리후생비소계 | T52: =SUM(T42:T51) -> 0 | U52: =SUM(U42:U51) -> 0 | V52: =SUM(V42:V51) -> 0 | W52: =SUM(W42:W51) -> 0 | X52: =SUM(X42:X51) -> 0
B53: 수도료 | D53: =SUM(G53,J53,M53,O53) -> 0 | E53: =IFERROR('2)팀공통비'!E53+$T53*E$106,"") | F53: =IFERROR('2)팀공통비'!F53+$T53*F$106,"") | G53: =SUM(E53:F53) -> 0 | H53: =IFERROR('2)팀공통비'!H53+$T53*H$106,"") | I53: =IFERROR('2)팀공통비'!I53+$T53*I$106,"") | J53: =SUM(H53:I53) -> 0 | K53: =IFERROR('2)팀공통비'!K53+$T53*K$106,"") | L53: =IFERROR('2)팀공통비'!L53+$T53*L$106,"") | M53: =SUM(K53:L53) -> 0 | N53: =IFERROR('2)팀공통비'!N53+$T53*N$106,"") | O53: =SUM(N53) -> 0 | R53: 수도료 | T53: =SUM(U53:X53) -> 0 | Y53: 면적
B54: 전력비 | D54: =SUM(G54,J54,M54,O54) -> 0 | E54: =IFERROR('2)팀공통비'!E54+$T54*E$106,"") | F54: =IFERROR('2)팀공통비'!F54+$T54*F$106,"") | G54: =SUM(E54:F54) -> 0 | H54: =IFERROR('2)팀공통비'!H54+$T54*H$106,"") | I54: =IFERROR('2)팀공통비'!I54+$T54*I$106,"") | J54: =SUM(H54:I54) -> 0 | K54: =IFERROR('2)팀공통비'!K54+$T54*K$106,"") | L54: =IFERROR('2)팀공통비'!L54+$T54*L$106,"") | M54: =SUM(K54:L54) -> 0 | N54: =IFERROR('2)팀공통비'!N54+$T54*N$106,"") | O54: =SUM(N54) -> 0 | R54: 전력비 | T54: =SUM(U54:X54) -> 0 | Y54: 면적
B55: 유류비 | D55: =SUM(G55,J55,M55,O55) -> 0 | E55: =IFERROR('2)팀공통비'!E55+$T55*E$106,"") | F55: =IFERROR('2)팀공통비'!F55+$T55*F$106,"") | G55: =SUM(E55:F55) -> 0 | H55: =IFERROR('2)팀공통비'!H55+$T55*H$106,"") | I55: =IFERROR('2)팀공통비'!I55+$T55*I$106,"") | J55: =SUM(H55:I55) -> 0 | K55: =IFERROR('2)팀공통비'!K55+$T55*K$106,"") | L55: =IFERROR('2)팀공통비'!L55+$T55*L$106,"") | M55: =SUM(K55:L55) -> 0 | N55: =IFERROR('2)팀공통비'!N55+$T55*N$106,"") | O55: =SUM(N55) -> 0 | R55: 유류비 | T55: =SUM(U55:X55) -> 0 | Y55: 면적
B56: 가스비 | D56: =SUM(G56,J56,M56,O56) -> 0 | E56: =IFERROR('2)팀공통비'!E56+$T56*E$106,"") | F56: =IFERROR('2)팀공통비'!F56+$T56*F$106,"") | G56: =SUM(E56:F56) -> 0 | H56: =IFERROR('2)팀공통비'!H56+$T56*H$106,"") | I56: =IFERROR('2)팀공통비'!I56+$T56*I$106,"") | J56: =SUM(H56:I56) -> 0 | K56: =IFERROR('2)팀공통비'!K56+$T56*K$106,"") | L56: =IFERROR('2)팀공통비'!L56+$T56*L$106,"") | M56: =SUM(K56:L56) -> 0 | N56: =IFERROR('2)팀공통비'!N56+$T56*N$106,"") | O56: =SUM(N56) -> 0 | R56: 가스비 | T56: =SUM(U56:X56) -> 0 | Y56: 면적
B57: 기타 | D57: =SUM(G57,J57,M57,O57) -> 0 | E57: =IFERROR('2)팀공통비'!E57+$T57*E$106,"") | F57: =IFERROR('2)팀공통비'!F57+$T57*F$106,"") | G57: =SUM(E57:F57) -> 0 | H57: =IFERROR('2)팀공통비'!H57+$T57*H$106,"") | I57: =IFERROR('2)팀공통비'!I57+$T57*I$106,"") | J57: =SUM(H57:I57) -> 0 | K57: =IFERROR('2)팀공통비'!K57+$T57*K$106,"") | L57: =IFERROR('2)팀공통비'!L57+$T57*L$106,"") | M57: =SUM(K57:L57) -> 0 | N57: =IFERROR('2)팀공통비'!N57+$T57*N$106,"") | O57: =SUM(N57) -> 0 | R57: 기타 | T57: =SUM(U57:X57) -> 0 | Y57: 면적
B58: 수도광열비소계 | D58: =SUM(G58,J58,M58,O58) -> 0 | E58: =SUM(E53:E57) -> 0 | F58: =SUM(F53:F57) -> 0 | G58: =SUM(E58:F58) -> 0 | H58: =SUM(H53:H57) -> 0 | I58: =SUM(I53:I57) -> 0 | J58: =SUM(H58:I58) -> 0 | K58: =SUM(K53:K57) -> 0 | L58: =SUM(L53:L57) -> 0 | M58: =SUM(K58:L58) -> 0 | N58: =SUM(N53:N57) -> 0 | O58: =SUM(N58) -> 0 | R58: 수도광열비소계 | T58: =SUM(T53:T57) -> 0 | U58: =SUM(U53:U57) -> 0 | V58: =SUM(V53:V57) -> 0 | W58: =SUM(W53:W57) -> 0 | X58: =SUM(X53:X57) -> 0
B59: 소모품비계 | D59: =SUM(G59,J59,M59,O59) -> 0 | E59: =IFERROR('2)팀공통비'!E59+$T59*E$102,"") -> 0 | F59: =IFERROR('2)팀공통비'!F59+$T59*F$102,"") -> 0 | G59: =SUM(E59:F59) -> 0 | H59: =IFERROR('2)팀공통비'!H59+$T59*H$102,"") -> 0 | I59: =IFERROR('2)팀공통비'!I59+$T59*I$102,"") -> 0 | J59: =SUM(H59:I59) -> 0 | K59: =IFERROR('2)팀공통비'!K59+$T59*K$102,"") -> 0 | L59: =IFERROR('2)팀공통비'!L59+$T59*L$102,"") -> 0 | M59: =SUM(K59:L59) -> 0 | N59: =IFERROR('2)팀공통비'!N59+$T59*N$102,"") | O59: =SUM(N59) -> 0 | R59: 소모품비계 | T59: =SUM(U59:X59) -> 0 | Y59: 매출액
B60: 카드수수료 | D60: =SUM(G60,J60,M60,O60) -> 0 | E60: =IFERROR('2)팀공통비'!E60+$T60*E$102,"") -> 0 | F60: =IFERROR('2)팀공통비'!F60+$T60*F$102,"") -> 0 | G60: =SUM(E60:F60) -> 0 | H60: =IFERROR('2)팀공통비'!H60+$T60*H$102,"") -> 0 | I60: =IFERROR('2)팀공통비'!I60+$T60*I$102,"") -> 0 | J60: =SUM(H60:I60) -> 0 | K60: =IFERROR('2)팀공통비'!K60+$T60*K$102,"") -> 0 | L60: =IFERROR('2)팀공통비'!L60+$T60*L$102,"") -> 0 | M60: =SUM(K60:L60) -> 0 | N60: =IFERROR('2)팀공통비'!N60+$T60*N$102,"") | O60: =SUM(N60) -> 0 | R60: 카드수수료 | T60: =SUM(U60:X60) -> 0 | Y60: 매출액
B61: 위탁수수료 | D61: =SUM(G61,J61,M61,O61) -> 0 | E61: =IFERROR('2)팀공통비'!E61+$T61*E$102,"") -> 0 | F61: =IFERROR('2)팀공통비'!F61+$T61*F$102,"") -> 0 | G61: =SUM(E61:F61) -> 0 | H61: =IFERROR('2)팀공통비'!H61+$T61*H$102,"") -> 0 | I61: =IFERROR('2)팀공통비'!I61+$T61*I$102,"") -> 0 | J61: =SUM(H61:I61) -> 0 | K61: =IFERROR('2)팀공통비'!K61+$T61*K$102,"") -> 0 | L61: =IFERROR('2)팀공통비'!L61+$T61*L$102,"") -> 0 | M61: =SUM(K61:L61) -> 0 | N61: =IFERROR('2)팀공통비'!N61+$T61*N$102,"") | O61: =SUM(N61) -> 0 | R61: 위탁수수료 | T61: =SUM(U61:X61) -> 0 | Y61: 매출액
B62: 영업용역료 | D62: =SUM(G62,J62,M62,O62) -> 0 | E62: =IFERROR('2)팀공통비'!E62+$T62*E$102,"") -> 0 | F62: =IFERROR('2)팀공통비'!F62+$T62*F$102,"") -> 0 | G62: =SUM(E62:F62) -> 0 | H62: =IFERROR('2)팀공통비'!H62+$T62*H$102,"") -> 0 | I62: =IFERROR('2)팀공통비'!I62+$T62*I$102,"") -> 0 | J62: =SUM(H62:I62) -> 0 | K62: =IFERROR('2)팀공통비'!K62+$T62*K$102,"") -> 0 | L62: =IFERROR('2)팀공통비'!L62+$T62*L$102,"") -> 0 | M62: =SUM(K62:L62) -> 0 | N62: =IFERROR('2)팀공통비'!N62+$T62*N$102,"") | O62: =SUM(N62) -> 0 | R62: 영업용역료 | T62: =SUM(U62:X62) -> 0 | Y62: 매출액
B63: 기타수수료 | D63: =SUM(G63,J63,M63,O63) -> 0 | E63: =IFERROR('2)팀공통비'!E63+$T63*E$102,"") -> 0 | F63: =IFERROR('2)팀공통비'!F63+$T63*F$102,"") -> 0 | G63: =SUM(E63:F63) -> 0 | H63: =IFERROR('2)팀공통비'!H63+$T63*H$102,"") -> 0 | I63: =IFERROR('2)팀공통비'!I63+$T63*I$102,"") -> 0 | J63: =SUM(H63:I63) -> 0 | K63: =IFERROR('2)팀공통비'!K63+$T63*K$102,"") -> 0 | L63: =IFERROR('2)팀공통비'!L63+$T63*L$102,"") -> 0 | M63: =SUM(K63:L63) -> 0 | N63: =IFERROR('2)팀공통비'!N63+$T63*N$102,"") | O63: =SUM(N63) -> 0 | R63: 기타수수료 | T63: =SUM(U63:X63) -> 0 | Y63: 매출액
B64: 지급수수료소계 | D64: =SUM(G64,J64,M64,O64) -> 0 | E64: =SUM(E60:E63) -> 0 | F64: =SUM(F60:F63) -> 0 | G64: =SUM(E64:F64) -> 0 | H64: =SUM(H60:H63) -> 0 | I64: =SUM(I60:I63) -> 0 | J64: =SUM(H64:I64) -> 0 | K64: =SUM(K60:K63) -> 0 | L64: =SUM(L60:L63) -> 0 | M64: =SUM(K64:L64) -> 0 | N64: =SUM(N60:N63) -> 0 | O64: =SUM(N64) -> 0 | R64: 지급수수료소계 | T64: =SUM(T60:T63) -> 0 | U64: =SUM(U60:U63) -> 0 | V64: =SUM(V60:V63) -> 0 | W64: =SUM(W60:W63) -> 0 | X64: =SUM(X60:X63) -> 0
B65: 수선비계 | D65: =SUM(G65,J65,M65,O65) -> 0 | E65: =IFERROR('2)팀공통비'!E65+$T65*E$102,"") -> 0 | F65: =IFERROR('2)팀공통비'!F65+$T65*F$102,"") -> 0 | G65: =SUM(E65:F65) -> 0 | H65: =IFERROR('2)팀공통비'!H65+$T65*H$102,"") -> 0 | I65: =IFERROR('2)팀공통비'!I65+$T65*I$102,"") -> 0 | J65: =SUM(H65:I65) -> 0 | K65: =IFERROR('2)팀공통비'!K65+$T65*K$102,"") -> 0 | L65: =IFERROR('2)팀공통비'!L65+$T65*L$102,"") -> 0 | M65: =SUM(K65:L65) -> 0 | N65: =IFERROR('2)팀공통비'!N65+$T65*N$102,"") | O65: =SUM(N65) -> 0 | R65: 수선비계 | T65: =SUM(U65:X65) -> 0 | Y65: 매출액
B66: TV,R,신문 광고 | D66: =SUM(G66,J66,M66,O66) -> 0 | E66: =IFERROR('2)팀공통비'!E66+$T66*E$102,"") -> 0 | F66: =IFERROR('2)팀공통비'!F66+$T66*F$102,"") -> 0 | G66: =SUM(E66:F66) -> 0 | H66: =IFERROR('2)팀공통비'!H66+$T66*H$102,"") -> 0 | I66: =IFERROR('2)팀공통비'!I66+$T66*I$102,"") -> 0 | J66: =SUM(H66:I66) -> 0 | K66: =IFERROR('2)팀공통비'!K66+$T66*K$102,"") -> 0 | L66: =IFERROR('2)팀공통비'!L66+$T66*L$102,"") -> 0 | M66: =SUM(K66:L66) -> 0 | N66: =IFERROR('2)팀공통비'!N66+$T66*N$102,"") | O66: =SUM(N66) -> 0 | R66: TV,R,신문 광고 | T66: =SUM(U66:X66) -> 0 | Y66: 매출액
B67: 행사비 | D67: =SUM(G67,J67,M67,O67) -> 0 | E67: =IFERROR('2)팀공통비'!E67+$T67*E$102,"") -> 0 | F67: =IFERROR('2)팀공통비'!F67+$T67*F$102,"") -> 0 | G67: =SUM(E67:F67) -> 0 | H67: =IFERROR('2)팀공통비'!H67+$T67*H$102,"") -> 0 | I67: =IFERROR('2)팀공통비'!I67+$T67*I$102,"") -> 0 | J67: =SUM(H67:I67) -> 0 | K67: =IFERROR('2)팀공통비'!K67+$T67*K$102,"") -> 0 | L67: =IFERROR('2)팀공통비'!L67+$T67*L$102,"") -> 0 | M67: =SUM(K67:L67) -> 0 | N67: =IFERROR('2)팀공통비'!N67+$T67*N$102,"") | O67: =SUM(N67) -> 0 | R67: 행사비 | T67: =SUM(U67:X67) -> 0 | Y67: 매출액
B68: 판매촉진비 | D68: =SUM(G68,J68,M68,O68) -> 0 | E68: =IFERROR('2)팀공통비'!E68+$T68*E$102,"") -> 0 | F68: =IFERROR('2)팀공통비'!F68+$T68*F$102,"") -> 0 | G68: =SUM(E68:F68) -> 0 | H68: =IFERROR('2)팀공통비'!H68+$T68*H$102,"") -> 0 | I68: =IFERROR('2)팀공통비'!I68+$T68*I$102,"") -> 0 | J68: =SUM(H68:I68) -> 0 | K68: =IFERROR('2)팀공통비'!K68+$T68*K$102,"") -> 0 | L68: =IFERROR('2)팀공통비'!L68+$T68*L$102,"") -> 0 | M68: =SUM(K68:L68) -> 0 | N68: =IFERROR('2)팀공통비'!N68+$T68*N$102,"") | O68: =SUM(N68) -> 0 | R68: 판매촉진비 | T68: =SUM(U68:X68) -> 0 | Y68: 매출액
B69: 기타광고비 | D69: =SUM(G69,J69,M69,O69) -> 0 | E69: =IFERROR('2)팀공통비'!E69+$T69*E$102,"") -> 0 | F69: =IFERROR('2)팀공통비'!F69+$T69*F$102,"") -> 0 | G69: =SUM(E69:F69) -> 0 | H69: =IFERROR('2)팀공통비'!H69+$T69*H$102,"") -> 0 | I69: =IFERROR('2)팀공통비'!I69+$T69*I$102,"") -> 0 | J69: =SUM(H69:I69) -> 0 | K69: =IFERROR('2)팀공통비'!K69+$T69*K$102,"") -> 0 | L69: =IFERROR('2)팀공통비'!L69+$T69*L$102,"") -> 0 | M69: =SUM(K69:L69) -> 0 | N69: =IFERROR('2)팀공통비'!N69+$T69*N$102,"") | O69: =SUM(N69) -> 0 | R69: 기타광고비 | T69: =SUM(U69:X69) -> 0 | Y69: 매출액
B70: 광고선전비소계 | D70: =SUM(G70,J70,M70,O70) -> 0 | E70: =SUM(E66:E69) -> 0 | F70: =SUM(F66:F69) -> 0 | G70: =SUM(E70:F70) -> 0 | H70: =SUM(H66:H69) -> 0 | I70: =SUM(I66:I69) -> 0 | J70: =SUM(H70:I70) -> 0 | K70: =SUM(K66:K69) -> 0 | L70: =SUM(L66:L69) -> 0 | M70: =SUM(K70:L70) -> 0 | N70: =SUM(N66:N69) -> 0 | O70: =SUM(N70) -> 0 | R70: 광고선전비소계 | T70: =SUM(T66:T69) -> 0 | U70: =SUM(U66:U69) -> 0 | V70: =SUM(V66:V69) -> 0 | W70: =SUM(W66:W69) -> 0 | X70: =SUM(X66:X69) -> 0
B71: 재산세 | D71: =SUM(G71,J71,M71,O71) -> 0 | E71: =IFERROR('2)팀공통비'!E71+$T71*E$106,"") | F71: =IFERROR('2)팀공통비'!F71+$T71*F$106,"") | G71: =SUM(E71:F71) -> 0 | H71: =IFERROR('2)팀공통비'!H71+$T71*H$106,"") | I71: =IFERROR('2)팀공통비'!I71+$T71*I$106,"") | J71: =SUM(H71:I71) -> 0 | K71: =IFERROR('2)팀공통비'!K71+$T71*K$106,"") | L71: =IFERROR('2)팀공통비'!L71+$T71*L$106,"") | M71: =SUM(K71:L71) -> 0 | N71: =IFERROR('2)팀공통비'!N71+$T71*N$106,"") | O71: =SUM(N71) -> 0 | R71: 재산세 | T71: =SUM(U71:X71) -> 0 | Y71: 면적
B72: 종합부동산세 | D72: =SUM(G72,J72,M72,O72) -> 0 | E72: =IFERROR('2)팀공통비'!E72+$T72*E$106,"") | F72: =IFERROR('2)팀공통비'!F72+$T72*F$106,"") | G72: =SUM(E72:F72) -> 0 | H72: =IFERROR('2)팀공통비'!H72+$T72*H$106,"") | I72: =IFERROR('2)팀공통비'!I72+$T72*I$106,"") | J72: =SUM(H72:I72) -> 0 | K72: =IFERROR('2)팀공통비'!K72+$T72*K$106,"") | L72: =IFERROR('2)팀공통비'!L72+$T72*L$106,"") | M72: =SUM(K72:L72) -> 0 | N72: =IFERROR('2)팀공통비'!N72+$T72*N$106,"") | O72: =SUM(N72) -> 0 | R72: 종합부동산세 | T72: =SUM(U72:X72) -> 0 | Y72: 면적
B73: 등록면허세 | D73: =SUM(G73,J73,M73,O73) -> 0 | E73: =IFERROR('2)팀공통비'!E73+$T73*E$102,"") -> 0 | F73: =IFERROR('2)팀공통비'!F73+$T73*F$102,"") -> 0 | G73: =SUM(E73:F73) -> 0 | H73: =IFERROR('2)팀공통비'!H73+$T73*H$102,"") -> 0 | I73: =IFERROR('2)팀공통비'!I73+$T73*I$102,"") -> 0 | J73: =SUM(H73:I73) -> 0 | K73: =IFERROR('2)팀공통비'!K73+$T73*K$102,"") -> 0 | L73: =IFERROR('2)팀공통비'!L73+$T73*L$102,"") -> 0 | M73: =SUM(K73:L73) -> 0 | N73: =IFERROR('2)팀공통비'!N73+$T73*N$102,"") | O73: =SUM(N73) -> 0 | R73: 등록면허세 | T73: =SUM(U73:X73) -> 0 | Y73: 매출액
B74: 자동차세 | D74: =SUM(G74,J74,M74,O74) -> 0 | E74: =IFERROR('2)팀공통비'!E74+$T74*E$102,"") -> 0 | F74: =IFERROR('2)팀공통비'!F74+$T74*F$102,"") -> 0 | G74: =SUM(E74:F74) -> 0 | H74: =IFERROR('2)팀공통비'!H74+$T74*H$102,"") -> 0 | I74: =IFERROR('2)팀공통비'!I74+$T74*I$102,"") -> 0 | J74: =SUM(H74:I74) -> 0 | K74: =IFERROR('2)팀공통비'!K74+$T74*K$102,"") -> 0 | L74: =IFERROR('2)팀공통비'!L74+$T74*L$102,"") -> 0 | M74: =SUM(K74:L74) -> 0 | N74: =IFERROR('2)팀공통비'!N74+$T74*N$102,"") | O74: =SUM(N74) -> 0 | R74: 자동차세 | T74: =SUM(U74:X74) -> 0 | Y74: 매출액
B75: 주민세 | D75: =SUM(G75,J75,M75,O75) -> 0 | E75: =IFERROR('2)팀공통비'!E75+$T75*E$102,"") -> 0 | F75: =IFERROR('2)팀공통비'!F75+$T75*F$102,"") -> 0 | G75: =SUM(E75:F75) -> 0 | H75: =IFERROR('2)팀공통비'!H75+$T75*H$102,"") -> 0 | I75: =IFERROR('2)팀공통비'!I75+$T75*I$102,"") -> 0 | J75: =SUM(H75:I75) -> 0 | K75: =IFERROR('2)팀공통비'!K75+$T75*K$102,"") -> 0 | L75: =IFERROR('2)팀공통비'!L75+$T75*L$102,"") -> 0 | M75: =SUM(K75:L75) -> 0 | N75: =IFERROR('2)팀공통비'!N75+$T75*N$102,"") | O75: =SUM(N75) -> 0 | R75: 주민세 | T75: =SUM(U75:X75) -> 0 | Y75: 매출액
B76: 협회비 | D76: =SUM(G76,J76,M76,O76) -> 0 | E76: =IFERROR('2)팀공통비'!E76+$T76*E$102,"") -> 0 | F76: =IFERROR('2)팀공통비'!F76+$T76*F$102,"") -> 0 | G76: =SUM(E76:F76) -> 0 | H76: =IFERROR('2)팀공통비'!H76+$T76*H$102,"") -> 0 | I76: =IFERROR('2)팀공통비'!I76+$T76*I$102,"") -> 0 | J76: =SUM(H76:I76) -> 0 | K76: =IFERROR('2)팀공통비'!K76+$T76*K$102,"") -> 0 | L76: =IFERROR('2)팀공통비'!L76+$T76*L$102,"") -> 0 | M76: =SUM(K76:L76) -> 0 | N76: =IFERROR('2)팀공통비'!N76+$T76*N$102,"") | O76: =SUM(N76) -> 0 | R76: 협회비 | T76: =SUM(U76:X76) -> 0 | Y76: 매출액
B77: 인지세 | D77: =SUM(G77,J77,M77,O77) -> 0 | E77: =IFERROR('2)팀공통비'!E77+$T77*E$102,"") -> 0 | F77: =IFERROR('2)팀공통비'!F77+$T77*F$102,"") -> 0 | G77: =SUM(E77:F77) -> 0 | H77: =IFERROR('2)팀공통비'!H77+$T77*H$102,"") -> 0 | I77: =IFERROR('2)팀공통비'!I77+$T77*I$102,"") -> 0 | J77: =SUM(H77:I77) -> 0 | K77: =IFERROR('2)팀공통비'!K77+$T77*K$102,"") -> 0 | L77: =IFERROR('2)팀공통비'!L77+$T77*L$102,"") -> 0 | M77: =SUM(K77:L77) -> 0 | N77: =IFERROR('2)팀공통비'!N77+$T77*N$102,"") | O77: =SUM(N77) -> 0 | R77: 인지세 | T77: =SUM(U77:X77) -> 0 | Y77: 매출액
B78: 기타세금 | D78: =SUM(G78,J78,M78,O78) -> 0 | E78: =IFERROR('2)팀공통비'!E78+$T78*E$102,"") -> 0 | F78: =IFERROR('2)팀공통비'!F78+$T78*F$102,"") -> 0 | G78: =SUM(E78:F78) -> 0 | H78: =IFERROR('2)팀공통비'!H78+$T78*H$102,"") -> 0 | I78: =IFERROR('2)팀공통비'!I78+$T78*I$102,"") -> 0 | J78: =SUM(H78:I78) -> 0 | K78: =IFERROR('2)팀공통비'!K78+$T78*K$102,"") -> 0 | L78: =IFERROR('2)팀공통비'!L78+$T78*L$102,"") -> 0 | M78: =SUM(K78:L78) -> 0 | N78: =IFERROR('2)팀공통비'!N78+$T78*N$102,"") | O78: =SUM(N78) -> 0 | R78: 기타세금 | T78: =SUM(U78:X78) -> 0 | Y78: 매출액
B79: 세금과공과소계 | D79: =SUM(G79,J79,M79,O79) -> 0 | E79: =SUM(E71:E78) -> 0 | F79: =SUM(F71:F78) -> 0 | G79: =SUM(E79:F79) -> 0 | H79: =SUM(H71:H78) -> 0 | I79: =SUM(I71:I78) -> 0 | J79: =SUM(H79:I79) -> 0 | K79: =SUM(K71:K78) -> 0 | L79: =SUM(L71:L78) -> 0 | M79: =SUM(K79:L79) -> 0 | N79: =SUM(N71:N78) -> 0 | O79: =SUM(N79) -> 0 | R79: 세금과공과소계 | T79: =SUM(T71:T78) -> 0 | U79: =SUM(U71:U78) -> 0 | V79: =SUM(V71:V78) -> 0 | W79: =SUM(W71:W78) -> 0 | X79: =SUM(X71:X78) -> 0
B80: 유형자산상각비 | D80: =SUM(G80,J80,M80,O80) -> 0 | E80: =IFERROR('2)팀공통비'!E80+$T80*E$106,"") | F80: =IFERROR('2)팀공통비'!F80+$T80*F$106,"") | G80: =SUM(E80:F80) -> 0 | H80: =IFERROR('2)팀공통비'!H80+$T80*H$106,"") | I80: =IFERROR('2)팀공통비'!I80+$T80*I$106,"") | J80: =SUM(H80:I80) -> 0 | K80: =IFERROR('2)팀공통비'!K80+$T80*K$106,"") | L80: =IFERROR('2)팀공통비'!L80+$T80*L$106,"") | M80: =SUM(K80:L80) -> 0 | N80: =IFERROR('2)팀공통비'!N80+$T80*N$106,"") | O80: =SUM(N80) -> 0 | R80: 유형자산상각비 | T80: =SUM(U80:X80) -> 0 | Y80: 면적
B81: 무형자산상각비 | D81: =SUM(G81,J81,M81,O81) -> 0 | E81: =IFERROR('2)팀공통비'!E81+$T81*E$102,"") -> 0 | F81: =IFERROR('2)팀공통비'!F81+$T81*F$102,"") -> 0 | G81: =SUM(E81:F81) -> 0 | H81: =IFERROR('2)팀공통비'!H81+$T81*H$102,"") -> 0 | I81: =IFERROR('2)팀공통비'!I81+$T81*I$102,"") -> 0 | J81: =SUM(H81:I81) -> 0 | K81: =IFERROR('2)팀공통비'!K81+$T81*K$102,"") -> 0 | L81: =IFERROR('2)팀공통비'!L81+$T81*L$102,"") -> 0 | M81: =SUM(K81:L81) -> 0 | N81: =IFERROR('2)팀공통비'!N81+$T81*N$102,"") | O81: =SUM(N81) -> 0 | R81: 무형자산상각비 | T81: =SUM(U81:X81) -> 0 | Y81: 매출액
B82: 감가상각비소계 | D82: =SUM(G82,J82,M82,O82) -> 0 | E82: =SUM(E80:E81) -> 0 | F82: =SUM(F80:F81) -> 0 | G82: =SUM(E82:F82) -> 0 | H82: =SUM(H80:H81) -> 0 | I82: =SUM(I80:I81) -> 0 | J82: =SUM(H82:I82) -> 0 | K82: =SUM(K80:K81) -> 0 | L82: =SUM(L80:L81) -> 0 | M82: =SUM(K82:L82) -> 0 | N82: =SUM(N80:N81) -> 0 | O82: =SUM(N82) -> 0 | R82: 감가상각비소계 | T82: =SUM(T80:T81) -> 0 | U82: =SUM(U80:U81) -> 0 | V82: =SUM(V80:V81) -> 0 | W82: =SUM(W80:W81) -> 0 | X82: =SUM(X80:X81) -> 0
B83: 보험료 | D83: =SUM(G83,J83,M83,O83) -> 0 | E83: =IFERROR('2)팀공통비'!E83+$T83*E$102,"") -> 0 | F83: =IFERROR('2)팀공통비'!F83+$T83*F$102,"") -> 0 | G83: =SUM(E83:F83) -> 0 | H83: =IFERROR('2)팀공통비'!H83+$T83*H$102,"") -> 0 | I83: =IFERROR('2)팀공통비'!I83+$T83*I$102,"") -> 0 | J83: =SUM(H83:I83) -> 0 | K83: =IFERROR('2)팀공통비'!K83+$T83*K$102,"") -> 0 | L83: =IFERROR('2)팀공통비'!L83+$T83*L$102,"") -> 0 | M83: =SUM(K83:L83) -> 0 | N83: =IFERROR('2)팀공통비'!N83+$T83*N$102,"") | O83: =SUM(N83) -> 0 | R83: 보험료 | T83: =SUM(U83:X83) -> 0 | Y83: 매출액
B84: 교통비 | D84: =SUM(G84,J84,M84,O84) -> 0 | E84: =IFERROR('2)팀공통비'!E84+$T84*E$102,"") -> 0 | F84: =IFERROR('2)팀공통비'!F84+$T84*F$102,"") -> 0 | G84: =SUM(E84:F84) -> 0 | H84: =IFERROR('2)팀공통비'!H84+$T84*H$102,"") -> 0 | I84: =IFERROR('2)팀공통비'!I84+$T84*I$102,"") -> 0 | J84: =SUM(H84:I84) -> 0 | K84: =IFERROR('2)팀공통비'!K84+$T84*K$102,"") -> 0 | L84: =IFERROR('2)팀공통비'!L84+$T84*L$102,"") -> 0 | M84: =SUM(K84:L84) -> 0 | N84: =IFERROR('2)팀공통비'!N84+$T84*N$102,"") | O84: =SUM(N84) -> 0 | R84: 교통비 | T84: =SUM(U84:X84) -> 0 | Y84: 매출액
B85: 통신비 | D85: =SUM(G85,J85,M85,O85) -> 0 | E85: =IFERROR('2)팀공통비'!E85+$T85*E$102,"") -> 0 | F85: =IFERROR('2)팀공통비'!F85+$T85*F$102,"") -> 0 | G85: =SUM(E85:F85) -> 0 | H85: =IFERROR('2)팀공통비'!H85+$T85*H$102,"") -> 0 | I85: =IFERROR('2)팀공통비'!I85+$T85*I$102,"") -> 0 | J85: =SUM(H85:I85) -> 0 | K85: =IFERROR('2)팀공통비'!K85+$T85*K$102,"") -> 0 | L85: =IFERROR('2)팀공통비'!L85+$T85*L$102,"") -> 0 | M85: =SUM(K85:L85) -> 0 | N85: =IFERROR('2)팀공통비'!N85+$T85*N$102,"") | O85: =SUM(N85) -> 0 | R85: 통신비 | T85: =SUM(U85:X85) -> 0 | Y85: 매출액
B86: 도서인쇄비 | D86: =SUM(G86,J86,M86,O86) -> 0 | E86: =IFERROR('2)팀공통비'!E86+$T86*E$102,"") -> 0 | F86: =IFERROR('2)팀공통비'!F86+$T86*F$102,"") -> 0 | G86: =SUM(E86:F86) -> 0 | H86: =IFERROR('2)팀공통비'!H86+$T86*H$102,"") -> 0 | I86: =IFERROR('2)팀공통비'!I86+$T86*I$102,"") -> 0 | J86: =SUM(H86:I86) -> 0 | K86: =IFERROR('2)팀공통비'!K86+$T86*K$102,"") -> 0 | L86: =IFERROR('2)팀공통비'!L86+$T86*L$102,"") -> 0 | M86: =SUM(K86:L86) -> 0 | N86: =IFERROR('2)팀공통비'!N86+$T86*N$102,"") | O86: =SUM(N86) -> 0 | R86: 도서인쇄비 | T86: =SUM(U86:X86) -> 0 | Y86: 매출액
B87: 접대비 | D87: =SUM(G87,J87,M87,O87) -> 0 | E87: =IFERROR('2)팀공통비'!E87+$T87*E$102,"") -> 0 | F87: =IFERROR('2)팀공통비'!F87+$T87*F$102,"") -> 0 | G87: =SUM(E87:F87) -> 0 | H87: =IFERROR('2)팀공통비'!H87+$T87*H$102,"") -> 0 | I87: =IFERROR('2)팀공통비'!I87+$T87*I$102,"") -> 0 | J87: =SUM(H87:I87) -> 0 | K87: =IFERROR('2)팀공통비'!K87+$T87*K$102,"") -> 0 | L87: =IFERROR('2)팀공통비'!L87+$T87*L$102,"") -> 0 | M87: =SUM(K87:L87) -> 0 | N87: =IFERROR('2)팀공통비'!N87+$T87*N$102,"") | O87: =SUM(N87) -> 0 | R87: 접대비 | T87: =SUM(U87:X87) -> 0 | Y87: 매출액
B88: 지급임차료 | D88: =SUM(G88,J88,M88,O88) -> 0 | E88: =IFERROR('2)팀공통비'!E88+$T88*E$102,"") -> 0 | F88: =IFERROR('2)팀공통비'!F88+$T88*F$102,"") -> 0 | G88: =SUM(E88:F88) -> 0 | H88: =IFERROR('2)팀공통비'!H88+$T88*H$102,"") -> 0 | I88: =IFERROR('2)팀공통비'!I88+$T88*I$102,"") -> 0 | J88: =SUM(H88:I88) -> 0 | K88: =IFERROR('2)팀공통비'!K88+$T88*K$102,"") -> 0 | L88: =IFERROR('2)팀공통비'!L88+$T88*L$102,"") -> 0 | M88: =SUM(K88:L88) -> 0 | N88: =IFERROR('2)팀공통비'!N88+$T88*N$102,"") | O88: =SUM(N88) -> 0 | R88: 지급임차료 | T88: =SUM(U88:X88) -> 0 | Y88: 매출액
B89: 차량유지비 | D89: =SUM(G89,J89,M89,O89) -> 0 | E89: =IFERROR('2)팀공통비'!E89+$T89*E$102,"") -> 0 | F89: =IFERROR('2)팀공통비'!F89+$T89*F$102,"") -> 0 | G89: =SUM(E89:F89) -> 0 | H89: =IFERROR('2)팀공통비'!H89+$T89*H$102,"") -> 0 | I89: =IFERROR('2)팀공통비'!I89+$T89*I$102,"") -> 0 | J89: =SUM(H89:I89) -> 0 | K89: =IFERROR('2)팀공통비'!K89+$T89*K$102,"") -> 0 | L89: =IFERROR('2)팀공통비'!L89+$T89*L$102,"") -> 0 | M89: =SUM(K89:L89) -> 0 | N89: =IFERROR('2)팀공통비'!N89+$T89*N$102,"") | O89: =SUM(N89) -> 0 | R89: 차량유지비 | T89: =SUM(U89:X89) -> 0 | Y89: 매출액
B90: 교육비 | D90: =SUM(G90,J90,M90,O90) -> 0 | E90: =IFERROR('2)팀공통비'!E90+$T90*E$102,"") -> 0 | F90: =IFERROR('2)팀공통비'!F90+$T90*F$102,"") -> 0 | G90: =SUM(E90:F90) -> 0 | H90: =IFERROR('2)팀공통비'!H90+$T90*H$102,"") -> 0 | I90: =IFERROR('2)팀공통비'!I90+$T90*I$102,"") -> 0 | J90: =SUM(H90:I90) -> 0 | K90: =IFERROR('2)팀공통비'!K90+$T90*K$102,"") -> 0 | L90: =IFERROR('2)팀공통비'!L90+$T90*L$102,"") -> 0 | M90: =SUM(K90:L90) -> 0 | N90: =IFERROR('2)팀공통비'!N90+$T90*N$102,"") | O90: =SUM(N90) -> 0 | R90: 교육비 | T90: =SUM(U90:X90) -> 0 | Y90: 매출액
B91: 기타비용 | D91: =SUM(G91,J91,M91,O91) -> 0 | E91: =IFERROR('2)팀공통비'!E91+$T91*E$102,"") -> 0 | F91: =IFERROR('2)팀공통비'!F91+$T91*F$102,"") -> 0 | G91: =SUM(E91:F91) -> 0 | H91: =IFERROR('2)팀공통비'!H91+$T91*H$102,"") -> 0 | I91: =IFERROR('2)팀공통비'!I91+$T91*I$102,"") -> 0 | J91: =SUM(H91:I91) -> 0 | K91: =IFERROR('2)팀공통비'!K91+$T91*K$102,"") -> 0 | L91: =IFERROR('2)팀공통비'!L91+$T91*L$102,"") -> 0 | M91: =SUM(K91:L91) -> 0 | N91: =IFERROR('2)팀공통비'!N91+$T91*N$102,"") | O91: =SUM(N91) -> 0 | R91: 기타비용 | T91: =SUM(U91:X91) -> 0 | Y91: 매출액
B92: 기타경비소계 | D92: =SUM(G92,J92,M92,O92) -> 0 | E92: =SUM(E83:E91) -> 0 | F92: =SUM(F83:F91) -> 0 | G92: =SUM(E92:F92) -> 0 | H92: =SUM(H83:H91) -> 0 | I92: =SUM(I83:I91) -> 0 | J92: =SUM(H92:I92) -> 0 | K92: =SUM(K83:K91) -> 0 | L92: =SUM(L83:L91) -> 0 | M92: =SUM(K92:L92) -> 0 | N92: =SUM(N83:N91) -> 0 | O92: =SUM(N92) -> 0 | R92: 기타경비소계 | T92: =SUM(T83:T91) -> 0 | U92: =SUM(U83:U91) -> 0 | V92: =SUM(V83:V91) -> 0 | W92: =SUM(W83:W91) -> 0 | X92: =SUM(X83:X91) -> 0
B93: 운영원가합계 | D93: =SUM(G93,J93,M93,O93) -> 0 | E93: =SUM(E35,E36,E41,E52,E58,E59,E64,E65,E70,E79,E82,E92) -> 0 | F93: =SUM(F35,F36,F41,F52,F58,F59,F64,F65,F70,F79,F82,F92) -> 0 | G93: =SUM(E93:F93) -> 0 | H93: =SUM(H35,H36,H41,H52,H58,H59,H64,H65,H70,H79,H82,H92) -> 0 | I93: =SUM(I35,I36,I41,I52,I58,I59,I64,I65,I70,I79,I82,I92) -> 0 | J93: =SUM(H93:I93) -> 0 | K93: =SUM(K35,K36,K41,K52,K58,K59,K64,K65,K70,K79,K82,K92) -> 0 | L93: =SUM(L35,L36,L41,L52,L58,L59,L64,L65,L70,L79,L82,L92) -> 0 | M93: =SUM(K93:L93) -> 0 | N93: =SUM(N35,N36,N41,N52,N58,N59,N64,N65,N70,N79,N82,N92) -> 0 | O93: =SUM(N93) -> 0 | R93: 운영원가합계 | T93: =SUM(T35,T36,T41,T52,T58,T59,T64,T65,T70,T79,T82,T92) -> 0 | U93: =SUM(U35,U36,U41,U52,U58,U59,U64,U65,U70,U79,U82,U92) -> 0 | V93: =SUM(V35,V36,V41,V52,V58,V59,V64,V65,V70,V79,V82,V92) -> 0 | W93: =SUM(W35,W36,W41,W52,W58,W59,W64,W65,W70,W79,W82,W92) -> 0 | X93: =SUM(X35,X36,X41,X52,X58,X59,X64,X65,X70,X79,X82,X92) -> 0
A96: ■ 배부기준
B98: 1) 총괄
B99: 구분 | D99: 합계 | E99: 객실 | H99: 식음 | K99: 부대 | N99: 임대 | P99: 비고
E100: 팔라티움 | F100: 도급-객실 | G100: 계 | H100: 루프탑바 | I100: 예비 | J100: 계 | K100: 인피니티풀 | L100: 예비 | M100: 계 | N100: 입주업체 | O100: 계
B101: 매출[백만원] | D101: =SUM(G101,J101,M101,O101) -> 16858639 | E101: =E7 -> 16483017 | F101: =F7 -> 0 | G101: =SUM(E101:F101) -> 16483017 | H101: =H7 -> 73941.84 | I101: =I7 -> 0 | J101: =SUM(H101:I101) -> 73941.84 | K101: =K7 -> 0 | L101: =L7 -> 0 | M101: =SUM(K101:L101) -> 0 | N101: =N7 -> 301680 | O101: =SUM(N101) -> 301680
B102: 매출 % | D102: =IFERROR(D101/$D$101,"") -> 1 | E102: =IFERROR(E101/$D$101,"") -> 0.97771933 | F102: =IFERROR(F101/$D$101,"") -> 0 | G102: =SUM(E102:F102) -> 0.97771933 | H102: =IFERROR(H101/$D$101,"") -> 0.0043859911 | I102: =IFERROR(I101/$D$101,"") -> 0 | J102: =SUM(H102:I102) -> 0.0043859911 | K102: =IFERROR(K101/$D$101,"") -> 0 | L102: =IFERROR(L101/$D$101,"") -> 0 | M102: =SUM(K102:L102) -> 0 | N102: =IFERROR(N101/$D$101,"") -> 0.017894683 | O102: =SUM(N102) -> 0.017894683
B103: 인원수[명] | D103: =SUM(G103,J103,M103,O103) -> 8 | E103: =SUMIFS('#)참고자료'!$G:$G,'#)참고자료'!$M:$M,$E$99,'#)참고자료'!$N:$N,"직접비") -> 8 | G103: =SUM(E103:F103) -> 8 | H103: =SUMIFS('#)참고자료'!$G:$G,'#)참고자료'!$M:$M,$H$99,'#)참고자료'!$N:$N,"직접비") -> 0 | J103: =SUM(H103:I103) -> 0 | K103: =SUMIFS('#)참고자료'!$G:$G,'#)참고자료'!$M:$M,$K$99,'#)참고자료'!$N:$N,"직접비") -> 0 | M103: =SUM(K103:L103) -> 0 | N103: 0 | O103: =SUM(N103) -> 0
B104: 인원수% | D104: =IFERROR(D103/$D$103,"") -> 1 | E104: =IFERROR(E103/$D$103,"") -> 1 | F104: =IFERROR(F103/$D$103,"") -> 0 | G104: =SUM(E104:F104) -> 1 | H104: =IFERROR(H103/$D$103,"") -> 0 | I104: =IFERROR(I103/$D$103,"") -> 0 | J104: =SUM(H104:I104) -> 0 | K104: =IFERROR(K103/$D$103,"") -> 0 | L104: =IFERROR(L103/$D$103,"") -> 0 | M104: =SUM(K104:L104) -> 0 | N104: =IFERROR(N103/$D$103,"") -> 0 | O104: =SUM(N104) -> 0
B105: 면적[㎡] | D105: =SUM(G105,J105,M105,O105) -> 0 | E105: ='#)참고자료'!$E$31 -> 0 | G105: =SUM(E105:F105) -> 0 | H105: ='#)참고자료'!$E$33 -> 0 | I105: ='#)참고자료'!$E$34 -> 0 | J105: =SUM(H105:I105) -> 0 | K105: ='#)참고자료'!$E$35 -> 0 | L105: ='#)참고자료'!$E$36 -> 0 | M105: =SUM(K105:L105) -> 0 | N105: ='#)참고자료'!$E$37 -> 0 | O105: =SUM(N105) -> 0 | P105: 전용면적
B106: 면적 % | D106: =IFERROR(D105/$D$105,"") | E106: =IFERROR(E105/$D$105,"") | F106: =IFERROR(F105/$D$105,"") | G106: =SUM(E106:F106) -> 0 | H106: =IFERROR(H105/$D$105,"") | I106: =IFERROR(I105/$D$105,"") | J106: =SUM(H106:I106) -> 0 | K106: =IFERROR(K105/$D$105,"") | L106: =IFERROR(L105/$D$105,"") | M106: =SUM(K106:L106) -> 0 | N106: =IFERROR(N105/$D$105,"") | O106: =SUM(N106) -> 0
B108: 2) 임대제외
B109: 구분 | D109: 합계 | E109: 객실 | H109: 식음 | K109: 부대 | N109: 임대 | P109: 비고
E110: 팔라티움 | F110: 도급-객실 | G110: 계 | H110: 루프탑바 | I110: 예비 | J110: 계 | K110: 인피니티풀 | L110: 예비 | M110: 계 | N110: 입주업체 | O110: 계
...

Sheet 2)팀공통비
A3: ■ 총괄
P4: [단위 : 백만원]
B5: 구분 | D5: 합계 | E5: 객실 | H5: 식음 | K5: 부대 | N5: 임대 | P5: 비고
E6: 팔라티움 | F6: 도급-객실 | G6: 계 | H6: 루프탑바 | I6: 예비 | J6: 계 | K6: 인피니티풀 | L6: 예비 | M6: 계 | N6: 입주업체 | O6: 계
B7: Ⅰ. 매 출 액 | D7: =SUM(G7,J7,M7,O7) -> 16858639 | E7: ='3)직접비'!E7 -> 16483017 | F7: ='3)직접비'!F7 -> 0 | G7: =SUM(E7:F7) -> 16483017 | H7: ='3)직접비'!H7 -> 73941.84 | I7: ='3)직접비'!I7 -> 0 | J7: =SUM(H7:I7) -> 73941.84 | K7: ='3)직접비'!K7 -> 0 | L7: ='3)직접비'!L7 -> 0 | M7: =SUM(K7:L7) -> 0 | N7: ='3)직접비'!N7 -> 301680 | O7: =SUM(N7) -> 301680
B8: Ⅱ. 운 영 원 가 | D8: =SUM(G8,J8,M8,O8) -> 0 | E8: =SUM(E9:E20) -> 0 | F8: =SUM(F9:F20) -> 0 | G8: =SUM(E8:F8) -> 0 | H8: =SUM(H9:H20) -> 0 | I8: =SUM(I9:I20) -> 0 | J8: =SUM(H8:I8) -> 0 | K8: =SUM(K9:K20) -> 0 | L8: =SUM(L9:L20) -> 0 | M8: =SUM(K8:L8) -> 0 | N8: =SUM(N9:N20) -> 0 | O8: =SUM(N8) -> 0
C9: 인 건 비 | D9: =SUM(G9,J9,M9,O9) -> 0 | E9: =E35 -> 0 | F9: =F35 -> 0 | G9: =SUM(E9:F9) -> 0 | H9: =H35 -> 0 | I9: =I35 -> 0 | J9: =SUM(H9:I9) -> 0 | K9: =K35 -> 0 | L9: =L35 -> 0 | M9: =SUM(K9:L9) -> 0 | N9: =N35 -> 0 | O9: =SUM(N9) -> 0
C10: 재 료 비 | D10: =SUM(G10,J10,M10,O10) -> 0 | E10: =E36 -> 0 | F10: =F36 -> 0 | G10: =SUM(E10:F10) -> 0 | H10: =H36 -> 0 | I10: =I36 -> 0 | J10: =SUM(H10:I10) -> 0 | K10: =K36 -> 0 | L10: =L36 -> 0 | M10: =SUM(K10:L10) -> 0 | N10: =N36 -> 0 | O10: =SUM(N10) -> 0
C11: 용 역 비 | D11: =SUM(G11,J11,M11,O11) -> 0 | E11: =E41 -> 0 | F11: =F41 -> 0 | G11: =SUM(E11:F11) -> 0 | H11: =H41 -> 0 | I11: =I41 -> 0 | J11: =SUM(H11:I11) -> 0 | K11: =K41 -> 0 | L11: =L41 -> 0 | M11: =SUM(K11:L11) -> 0 | N11: =N41 -> 0 | O11: =SUM(N11) -> 0
C12: 복리후생비 | D12: =SUM(G12,J12,M12,O12) -> 0 | E12: =E52 -> 0 | F12: =F52 -> 0 | G12: =SUM(E12:F12) -> 0 | H12: =H52 -> 0 | I12: =I52 -> 0 | J12: =SUM(H12:I12) -> 0 | K12: =K52 -> 0 | L12: =L52 -> 0 | M12: =SUM(K12:L12) -> 0 | N12: =N52 -> 0 | O12: =SUM(N12) -> 0
C13: 수도광열비 | D13: =SUM(G13,J13,M13,O13) -> 0 | E13: =E58 -> 0 | F13: =F58 -> 0 | G13: =SUM(E13:F13) -> 0 | H13: =H58 -> 0 | I13: =I58 -> 0 | J13: =SUM(H13:I13) -> 0 | K13: =K58 -> 0 | L13: =L58 -> 0 | M13: =SUM(K13:L13) -> 0 | N13: =N58 -> 0 | O13: =SUM(N13) -> 0
C14: 소 모 품 비 | D14: =SUM(G14,J14,M14,O14) -> 0 | E14: =E59 -> 0 | F14: =F59 -> 0 | G14: =SUM(E14:F14) -> 0 | H14: =H59 -> 0 | I14: =I59 -> 0 | J14: =SUM(H14:I14) -> 0 | K14: =K59 -> 0 | L14: =L59 -> 0 | M14: =SUM(K14:L14) -> 0 | N14: =N59 | O14: =SUM(N14) -> 0
C15: 지급수수료 | D15: =SUM(G15,J15,M15,O15) -> 0 | E15: =E64 -> 0 | F15: =F64 -> 0 | G15: =SUM(E15:F15) -> 0 | H15: =H64 -> 0 | I15: =I64 -> 0 | J15: =SUM(H15:I15) -> 0 | K15: =K64 -> 0 | L15: =L64 -> 0 | M15: =SUM(K15:L15) -> 0 | N15: =N64 -> 0 | O15: =SUM(N15) -> 0
C16: 수 선 비 | D16: =SUM(G16,J16,M16,O16) -> 0 | E16: =E65 -> 0 | F16: =F65 -> 0 | G16: =SUM(E16:F16) -> 0 | H16: =H65 -> 0 | I16: =I65 -> 0 | J16: =SUM(H16:I16) -> 0 | K16: =K65 -> 0 | L16: =L65 -> 0 | M16: =SUM(K16:L16) -> 0 | N16: =N65 | O16: =SUM(N16) -> 0
C17: 광고선전비 | D17: =SUM(G17,J17,M17,O17) -> 0 | E17: =E70 -> 0 | F17: =F70 -> 0 | G17: =SUM(E17:F17) -> 0 | H17: =H70 -> 0 | I17: =I70 -> 0 | J17: =SUM(H17:I17) -> 0 | K17: =K70 -> 0 | L17: =L70 -> 0 | M17: =SUM(K17:L17) -> 0 | N17: =N70 -> 0 | O17: =SUM(N17) -> 0
C18: 세금과공과 | D18: =SUM(G18,J18,M18,O18) -> 0 | E18: =E79 -> 0 | F18: =F79 -> 0 | G18: =SUM(E18:F18) -> 0 | H18: =H79 -> 0 | I18: =I79 -> 0 | J18: =SUM(H18:I18) -> 0 | K18: =K79 -> 0 | L18: =L79 -> 0 | M18: =SUM(K18:L18) -> 0 | N18: =N79 -> 0 | O18: =SUM(N18) -> 0
C19: 감가상각비 | D19: =SUM(G19,J19,M19,O19) -> 0 | E19: =E82 -> 0 | F19: =F82 -> 0 | G19: =SUM(E19:F19) -> 0 | H19: =H82 -> 0 | I19: =I82 -> 0 | J19: =SUM(H19:I19) -> 0 | K19: =K82 -> 0 | L19: =L82 -> 0 | M19: =SUM(K19:L19) -> 0 | N19: =N82 -> 0 | O19: =SUM(N19) -> 0
C20: 기 타 경 비 | D20: =SUM(G20,J20,M20,O20) -> 0 | E20: =E92 -> 0 | F20: =F92 -> 0 | G20: =SUM(E20:F20) -> 0 | H20: =H92 -> 0 | I20: =I92 -> 0 | J20: =SUM(H20:I20) -> 0 | K20: =K92 -> 0 | L20: =L92 -> 0 | M20: =SUM(K20:L20) -> 0 | N20: =N92 -> 0 | O20: =SUM(N20) -> 0
B21: Ⅲ. 매출총이익 | D21: =SUM(G21,J21,M21,O21) -> 16858639 | E21: =E7-E8 -> 16483017 | F21: =F7-F8 -> 0 | G21: =SUM(E21:F21) -> 16483017 | H21: =H7-H8 -> 73941.84 | I21: =I7-I8 -> 0 | J21: =SUM(H21:I21) -> 73941.84 | K21: =K7-K8 -> 0 | L21: =L7-L8 -> 0 | M21: =SUM(K21:L21) -> 0 | N21: =N7-N8 -> 301680 | O21: =SUM(N21) -> 301680
B22: Ⅳ. E B I T D A | D22: =SUM(G22,J22,M22,O22) -> 16858639 | E22: =E21+E19 -> 16483017 | F22: =F21+F19 -> 0 | G22: =SUM(E22:F22) -> 16483017 | H22: =H21+H19 -> 73941.84 | I22: =I21+I19 -> 0 | J22: =SUM(H22:I22) -> 73941.84 | K22: =K21+K19 -> 0 | L22: =L21+L19 -> 0 | M22: =SUM(K22:L22) -> 0 | N22: =N21+N19 -> 301680 | O22: =SUM(N22) -> 301680
A26: ■ 계정세부 | Q26: ■ 공통비 배부
B28: 구분 | D28: 합계 | E28: 객실 | H28: 식음 | K28: 부대 | N28: 임대 | P28: 비고 | R28: 구분 | T28: 운영CM | U28: 배부기준
E29: 팔라티움 | F29: 도급-객실 | G29: 계 | H29: 루프탑바 | I29: 예비 | J29: 계 | K29: 인피니티풀 | L29: 예비 | M29: 계 | N29: 입주업체 | O29: 계
B30: 급료 | D30: =SUM(G30,J30,M30,O30) -> 0 | E30: =IFERROR('3)직접비'!E30+$T30*E$112,"") -> 0 | F30: =IFERROR('3)직접비'!F30+$T30*F$112,"") -> 0 | G30: =SUM(E30:F30) -> 0 | H30: =IFERROR('3)직접비'!H30+$T30*H$112,"") -> 0 | I30: =IFERROR('3)직접비'!I30+$T30*I$112,"") -> 0 | J30: =SUM(H30:I30) -> 0 | K30: =IFERROR('3)직접비'!K30+$T30*K$112,"") -> 0 | L30: =IFERROR('3)직접비'!L30+$T30*L$112,"") -> 0 | M30: =SUM(K30:L30) -> 0 | N30: =IFERROR('3)직접비'!N30+$T30*N$112,"") | O30: =SUM(N30) -> 0 | R30: 급료 | U30: 매출액
B31: 임금 | D31: =SUM(G31,J31,M31,O31) -> 0 | E31: =IFERROR('3)직접비'!E31+$T31*E$112,"") -> 0 | F31: =IFERROR('3)직접비'!F31+$T31*F$112,"") -> 0 | G31: =SUM(E31:F31) -> 0 | H31: =IFERROR('3)직접비'!H31+$T31*H$112,"") -> 0 | I31: =IFERROR('3)직접비'!I31+$T31*I$112,"") -> 0 | J31: =SUM(H31:I31) -> 0 | K31: =IFERROR('3)직접비'!K31+$T31*K$112,"") -> 0 | L31: =IFERROR('3)직접비'!L31+$T31*L$112,"") -> 0 | M31: =SUM(K31:L31) -> 0 | N31: =IFERROR('3)직접비'!N31+$T31*N$112,"") | O31: =SUM(N31) -> 0 | R31: 임금 | U31: 매출액
B32: 상여금 | D32: =SUM(G32,J32,M32,O32) -> 0 | E32: =IFERROR('3)직접비'!E32+$T32*E$112,"") -> 0 | F32: =IFERROR('3)직접비'!F32+$T32*F$112,"") -> 0 | G32: =SUM(E32:F32) -> 0 | H32: =IFERROR('3)직접비'!H32+$T32*H$112,"") -> 0 | I32: =IFERROR('3)직접비'!I32+$T32*I$112,"") -> 0 | J32: =SUM(H32:I32) -> 0 | K32: =IFERROR('3)직접비'!K32+$T32*K$112,"") -> 0 | L32: =IFERROR('3)직접비'!L32+$T32*L$112,"") -> 0 | M32: =SUM(K32:L32) -> 0 | N32: =IFERROR('3)직접비'!N32+$T32*N$112,"") | O32: =SUM(N32) -> 0 | R32: 상여금 | U32: 매출액
B33: 제수당 | D33: =SUM(G33,J33,M33,O33) -> 0 | E33: =IFERROR('3)직접비'!E33+$T33*E$112,"") -> 0 | F33: =IFERROR('3)직접비'!F33+$T33*F$112,"") -> 0 | G33: =SUM(E33:F33) -> 0 | H33: =IFERROR('3)직접비'!H33+$T33*H$112,"") -> 0 | I33: =IFERROR('3)직접비'!I33+$T33*I$112,"") -> 0 | J33: =SUM(H33:I33) -> 0 | K33: =IFERROR('3)직접비'!K33+$T33*K$112,"") -> 0 | L33: =IFERROR('3)직접비'!L33+$T33*L$112,"") -> 0 | M33: =SUM(K33:L33) -> 0 | N33: =IFERROR('3)직접비'!N33+$T33*N$112,"") | O33: =SUM(N33) -> 0 | R33: 제수당 | U33: 매출액
B34: 퇴직급여 | D34: =SUM(G34,J34,M34,O34) -> 0 | E34: =IFERROR('3)직접비'!E34+$T34*E$112,"") -> 0 | F34: =IFERROR('3)직접비'!F34+$T34*F$112,"") -> 0 | G34: =SUM(E34:F34) -> 0 | H34: =IFERROR('3)직접비'!H34+$T34*H$112,"") -> 0 | I34: =IFERROR('3)직접비'!I34+$T34*I$112,"") -> 0 | J34: =SUM(H34:I34) -> 0 | K34: =IFERROR('3)직접비'!K34+$T34*K$112,"") -> 0 | L34: =IFERROR('3)직접비'!L34+$T34*L$112,"") -> 0 | M34: =SUM(K34:L34) -> 0 | N34: =IFERROR('3)직접비'!N34+$T34*N$112,"") | O34: =SUM(N34) -> 0 | R34: 퇴직급여 | U34: 매출액
B35: 인건비소계 | D35: =SUM(G35,J35,M35,O35) -> 0 | E35: =SUM(E30:E34) -> 0 | F35: =SUM(F30:F34) -> 0 | G35: =SUM(E35:F35) -> 0 | H35: =SUM(H30:H34) -> 0 | I35: =SUM(I30:I34) -> 0 | J35: =SUM(H35:I35) -> 0 | K35: =SUM(K30:K34) -> 0 | L35: =SUM(L30:L34) -> 0 | M35: =SUM(K35:L35) -> 0 | N35: =SUM(N30:N34) -> 0 | O35: =SUM(N35) -> 0 | R35: 인건비소계 | T35: =SUM(T30:T34) -> 0
B36: 재료비소계 | D36: =SUM(G36,J36,M36,O36) -> 0 | E36: =IFERROR('3)직접비'!E36,"") -> 0 | F36: =IFERROR('3)직접비'!F36,"") -> 0 | G36: =SUM(E36:F36) -> 0 | H36: =IFERROR('3)직접비'!H36,"") -> 0 | I36: =IFERROR('3)직접비'!I36,"") -> 0 | J36: =SUM(H36:I36) -> 0 | K36: =IFERROR('3)직접비'!K36,"") -> 0 | L36: =IFERROR('3)직접비'!L36,"") -> 0 | M36: =SUM(K36:L36) -> 0 | N36: =IFERROR('3)직접비'!N36,"") -> 0 | O36: =SUM(N36) -> 0 | R36: 재료비소계 | U36: 재료비
B37: 고정도급비 | D37: =SUM(G37,J37,M37,O37) -> 0 | E37: =IFERROR('3)직접비'!E37+$T37*E$112,"") -> 0 | F37: =IFERROR('3)직접비'!F37+$T37*F$112,"") -> 0 | G37: =SUM(E37:F37) -> 0 | H37: =IFERROR('3)직접비'!H37+$T37*H$112,"") -> 0 | I37: =IFERROR('3)직접비'!I37+$T37*I$112,"") -> 0 | J37: =SUM(H37:I37) -> 0 | K37: =IFERROR('3)직접비'!K37+$T37*K$112,"") -> 0 | L37: =IFERROR('3)직접비'!L37+$T37*L$112,"") -> 0 | M37: =SUM(K37:L37) -> 0 | N37: =IFERROR('3)직접비'!N37+$T37*N$112,"") | O37: =SUM(N37) -> 0 | R37: 고정도급비 | U37: 매출액
B38: 추가도급비 | D38: =SUM(G38,J38,M38,O38) -> 0 | E38: =IFERROR('3)직접비'!E38+$T38*E$112,"") -> 0 | F38: =IFERROR('3)직접비'!F38+$T38*F$112,"") -> 0 | G38: =SUM(E38:F38) -> 0 | H38: =IFERROR('3)직접비'!H38+$T38*H$112,"") -> 0 | I38: =IFERROR('3)직접비'!I38+$T38*I$112,"") -> 0 | J38: =SUM(H38:I38) -> 0 | K38: =IFERROR('3)직접비'!K38+$T38*K$112,"") -> 0 | L38: =IFERROR('3)직접비'!L38+$T38*L$112,"") -> 0 | M38: =SUM(K38:L38) -> 0 | N38: =IFERROR('3)직접비'!N38+$T38*N$112,"") | O38: =SUM(N38) -> 0 | R38: 추가도급비 | U38: 매출액
B39: 시설관리비 | D39: =SUM(G39,J39,M39,O39) -> 0 | E39: =IFERROR('3)직접비'!E39+$T39*E$112,"") -> 0 | F39: =IFERROR('3)직접비'!F39+$T39*F$112,"") -> 0 | G39: =SUM(E39:F39) -> 0 | H39: =IFERROR('3)직접비'!H39+$T39*H$112,"") -> 0 | I39: =IFERROR('3)직접비'!I39+$T39*I$112,"") -> 0 | J39: =SUM(H39:I39) -> 0 | K39: =IFERROR('3)직접비'!K39+$T39*K$112,"") -> 0 | L39: =IFERROR('3)직접비'!L39+$T39*L$112,"") -> 0 | M39: =SUM(K39:L39) -> 0 | N39: =IFERROR('3)직접비'!N39+$T39*N$112,"") | O39: =SUM(N39) -> 0 | R39: 시설관리비 | U39: 매출액
B40: 객실정비료 | D40: =SUM(G40,J40,M40,O40) -> 0 | E40: =IFERROR('3)직접비'!E40+$T40*E$112,"") -> 0 | F40: =IFERROR('3)직접비'!F40+$T40*F$112,"") -> 0 | G40: =SUM(E40:F40) -> 0 | H40: =IFERROR('3)직접비'!H40+$T40*H$112,"") -> 0 | I40: =IFERROR('3)직접비'!I40+$T40*I$112,"") -> 0 | J40: =SUM(H40:I40) -> 0 | K40: =IFERROR('3)직접비'!K40+$T40*K$112,"") -> 0 | L40: =IFERROR('3)직접비'!L40+$T40*L$112,"") -> 0 | M40: =SUM(K40:L40) -> 0 | N40: =IFERROR('3)직접비'!N40+$T40*N$112,"") | O40: =SUM(N40) -> 0 | R40: 객실정비료 | U40: 매출액
B41: 용역비소계 | D41: =SUM(G41,J41,M41,O41) -> 0 | E41: =SUM(E37:E40) -> 0 | F41: =SUM(F37:F40) -> 0 | G41: =SUM(E41:F41) -> 0 | H41: =SUM(H37:H40) -> 0 | I41: =SUM(I37:I40) -> 0 | J41: =SUM(H41:I41) -> 0 | K41: =SUM(K37:K40) -> 0 | L41: =SUM(L37:L40) -> 0 | M41: =SUM(K41:L41) -> 0 | N41: =SUM(N37:N40) -> 0 | O41: =SUM(N41) -> 0 | R41: 용역비소계 | T41: =SUM(T37:T40) -> 0
B42: 직원급식대 | D42: =SUM(G42,J42,M42,O42) -> 0 | E42: =IFERROR('3)직접비'!E42+$T42*E$114,"") -> 0 | F42: =IFERROR('3)직접비'!F42+$T42*F$114,"") -> 0 | G42: =SUM(E42:F42) -> 0 | H42: =IFERROR('3)직접비'!H42+$T42*H$114,"") -> 0 | I42: =IFERROR('3)직접비'!I42+$T42*I$114,"") -> 0 | J42: =SUM(H42:I42) -> 0 | K42: =IFERROR('3)직접비'!K42+$T42*K$114,"") -> 0 | L42: =IFERROR('3)직접비'!L42+$T42*L$114,"") -> 0 | M42: =SUM(K42:L42) -> 0 | N42: =IFERROR('3)직접비'!N42+$T42*N$114,"") | O42: =SUM(N42) -> 0 | R42: 직원급식대 | U42: 인원수
B43: 직원경조비 | D43: =SUM(G43,J43,M43,O43) -> 0 | E43: =IFERROR('3)직접비'!E43+$T43*E$112,"") -> 0 | F43: =IFERROR('3)직접비'!F43+$T43*F$112,"") -> 0 | G43: =SUM(E43:F43) -> 0 | H43: =IFERROR('3)직접비'!H43+$T43*H$112,"") -> 0 | I43: =IFERROR('3)직접비'!I43+$T43*I$112,"") -> 0 | J43: =SUM(H43:I43) -> 0 | K43: =IFERROR('3)직접비'!K43+$T43*K$112,"") -> 0 | L43: =IFERROR('3)직접비'!L43+$T43*L$112,"") -> 0 | M43: =SUM(K43:L43) -> 0 | N43: =IFERROR('3)직접비'!N43+$T43*N$112,"") | O43: =SUM(N43) -> 0 | R43: 직원경조비 | U43: 매출액
B44: 의료비 | D44: =SUM(G44,J44,M44,O44) -> 0 | E44: =IFERROR('3)직접비'!E44+$T44*E$112,"") -> 0 | F44: =IFERROR('3)직접비'!F44+$T44*F$112,"") -> 0 | G44: =SUM(E44:F44) -> 0 | H44: =IFERROR('3)직접비'!H44+$T44*H$112,"") -> 0 | I44: =IFERROR('3)직접비'!I44+$T44*I$112,"") -> 0 | J44: =SUM(H44:I44) -> 0 | K44: =IFERROR('3)직접비'!K44+$T44*K$112,"") -> 0 | L44: =IFERROR('3)직접비'!L44+$T44*L$112,"") -> 0 | M44: =SUM(K44:L44) -> 0 | N44: =IFERROR('3)직접비'!N44+$T44*N$112,"") | O44: =SUM(N44) -> 0 | R44: 의료비 | U44: 매출액
B45: 세탁비 | D45: =SUM(G45,J45,M45,O45) -> 0 | E45: =IFERROR('3)직접비'!E45+$T45*E$112,"") -> 0 | F45: =IFERROR('3)직접비'!F45+$T45*F$112,"") -> 0 | G45: =SUM(E45:F45) -> 0 | H45: =IFERROR('3)직접비'!H45+$T45*H$112,"") -> 0 | I45: =IFERROR('3)직접비'!I45+$T45*I$112,"") -> 0 | J45: =SUM(H45:I45) -> 0 | K45: =IFERROR('3)직접비'!K45+$T45*K$112,"") -> 0 | L45: =IFERROR('3)직접비'!L45+$T45*L$112,"") -> 0 | M45: =SUM(K45:L45) -> 0 | N45: =IFERROR('3)직접비'!N45+$T45*N$112,"") | O45: =SUM(N45) -> 0 | R45: 세탁비 | U45: 매출액
B46: 피복비 | D46: =SUM(G46,J46,M46,O46) -> 0 | E46: =IFERROR('3)직접비'!E46+$T46*E$112,"") -> 0 | F46: =IFERROR('3)직접비'!F46+$T46*F$112,"") -> 0 | G46: =SUM(E46:F46) -> 0 | H46: =IFERROR('3)직접비'!H46+$T46*H$112,"") -> 0 | I46: =IFERROR('3)직접비'!I46+$T46*I$112,"") -> 0 | J46: =SUM(H46:I46) -> 0 | K46: =IFERROR('3)직접비'!K46+$T46*K$112,"") -> 0 | L46: =IFERROR('3)직접비'!L46+$T46*L$112,"") -> 0 | M46: =SUM(K46:L46) -> 0 | N46: =IFERROR('3)직접비'!N46+$T46*N$112,"") | O46: =SUM(N46) -> 0 | R46: 피복비 | U46: 매출액
B47: 회사부담금 | D47: =SUM(G47,J47,M47,O47) -> 0 | E47: =IFERROR('3)직접비'!E47+$T47*E$112,"") -> 0 | F47: =IFERROR('3)직접비'!F47+$T47*F$112,"") -> 0 | G47: =SUM(E47:F47) -> 0 | H47: =IFERROR('3)직접비'!H47+$T47*H$112,"") -> 0 | I47: =IFERROR('3)직접비'!I47+$T47*I$112,"") -> 0 | J47: =SUM(H47:I47) -> 0 | K47: =IFERROR('3)직접비'!K47+$T47*K$112,"") -> 0 | L47: =IFERROR('3)직접비'!L47+$T47*L$112,"") -> 0 | M47: =SUM(K47:L47) -> 0 | N47: =IFERROR('3)직접비'!N47+$T47*N$112,"") | O47: =SUM(N47) -> 0 | R47: 회사부담금 | U47: 매출액
B48: 직원기념일 | D48: =SUM(G48,J48,M48,O48) -> 0 | E48: =IFERROR('3)직접비'!E48+$T48*E$112,"") -> 0 | F48: =IFERROR('3)직접비'!F48+$T48*F$112,"") -> 0 | G48: =SUM(E48:F48) -> 0 | H48: =IFERROR('3)직접비'!H48+$T48*H$112,"") -> 0 | I48: =IFERROR('3)직접비'!I48+$T48*I$112,"") -> 0 | J48: =SUM(H48:I48) -> 0 | K48: =IFERROR('3)직접비'!K48+$T48*K$112,"") -> 0 | L48: =IFERROR('3)직접비'!L48+$T48*L$112,"") -> 0 | M48: =SUM(K48:L48) -> 0 | N48: =IFERROR('3)직접비'!N48+$T48*N$112,"") | O48: =SUM(N48) -> 0 | R48: 직원기념일 | U48: 매출액
B49: 팀운영비 | D49: =SUM(G49,J49,M49,O49) -> 0 | E49: =IFERROR('3)직접비'!E49+$T49*E$112,"") -> 0 | F49: =IFERROR('3)직접비'!F49+$T49*F$112,"") -> 0 | G49: =SUM(E49:F49) -> 0 | H49: =IFERROR('3)직접비'!H49+$T49*H$112,"") -> 0 | I49: =IFERROR('3)직접비'!I49+$T49*I$112,"") -> 0 | J49: =SUM(H49:I49) -> 0 | K49: =IFERROR('3)직접비'!K49+$T49*K$112,"") -> 0 | L49: =IFERROR('3)직접비'!L49+$T49*L$112,"") -> 0 | M49: =SUM(K49:L49) -> 0 | N49: =IFERROR('3)직접비'!N49+$T49*N$112,"") | O49: =SUM(N49) -> 0 | R49: 팀운영비 | U49: 매출액
B50: 조직운영비 | D50: =SUM(G50,J50,M50,O50) -> 0 | E50: =IFERROR('3)직접비'!E50+$T50*E$112,"") -> 0 | F50: =IFERROR('3)직접비'!F50+$T50*F$112,"") -> 0 | G50: =SUM(E50:F50) -> 0 | H50: =IFERROR('3)직접비'!H50+$T50*H$112,"") -> 0 | I50: =IFERROR('3)직접비'!I50+$T50*I$112,"") -> 0 | J50: =SUM(H50:I50) -> 0 | K50: =IFERROR('3)직접비'!K50+$T50*K$112,"") -> 0 | L50: =IFERROR('3)직접비'!L50+$T50*L$112,"") -> 0 | M50: =SUM(K50:L50) -> 0 | N50: =IFERROR('3)직접비'!N50+$T50*N$112,"") | O50: =SUM(N50) -> 0 | R50: 조직운영비 | U50: 매출액
B51: 기타복리 | D51: =SUM(G51,J51,M51,O51) -> 0 | E51: =IFERROR('3)직접비'!E51+$T51*E$112,"") -> 0 | F51: =IFERROR('3)직접비'!F51+$T51*F$112,"") -> 0 | G51: =SUM(E51:F51) -> 0 | H51: =IFERROR('3)직접비'!H51+$T51*H$112,"") -> 0 | I51: =IFERROR('3)직접비'!I51+$T51*I$112,"") -> 0 | J51: =SUM(H51:I51) -> 0 | K51: =IFERROR('3)직접비'!K51+$T51*K$112,"") -> 0 | L51: =IFERROR('3)직접비'!L51+$T51*L$112,"") -> 0 | M51: =SUM(K51:L51) -> 0 | N51: =IFERROR('3)직접비'!N51+$T51*N$112,"") | O51: =SUM(N51) -> 0 | R51: 기타복리 | U51: 매출액
B52: 복리후생비소계 | D52: =SUM(G52,J52,M52,O52) -> 0 | E52: =SUM(E42:E51) -> 0 | F52: =SUM(F42:F51) -> 0 | G52: =SUM(E52:F52) -> 0 | H52: =SUM(H42:H51) -> 0 | I52: =SUM(I42:I51) -> 0 | J52: =SUM(H52:I52) -> 0 | K52: =SUM(K42:K51) -> 0 | L52: =SUM(L42:L51) -> 0 | M52: =SUM(K52:L52) -> 0 | N52: =SUM(N42:N51) -> 0 | O52: =SUM(N52) -> 0 | R52: 복리후생비소계 | T52: =SUM(T42:T51) -> 0
B53: 수도료 | D53: =SUM(G53,J53,M53,O53) -> 0 | E53: =IFERROR('3)직접비'!E53+$T53*E$116,"") | F53: =IFERROR('3)직접비'!F53+$T53*F$116,"") | G53: =SUM(E53:F53) -> 0 | H53: =IFERROR('3)직접비'!H53+$T53*H$116,"") | I53: =IFERROR('3)직접비'!I53+$T53*I$116,"") | J53: =SUM(H53:I53) -> 0 | K53: =IFERROR('3)직접비'!K53+$T53*K$116,"") | L53: =IFERROR('3)직접비'!L53+$T53*L$116,"") | M53: =SUM(K53:L53) -> 0 | N53: =IFERROR('3)직접비'!N53+$T53*N$116,"") | O53: =SUM(N53) -> 0 | R53: 수도료 | U53: 면적
B54: 전력비 | D54: =SUM(G54,J54,M54,O54) -> 0 | E54: =IFERROR('3)직접비'!E54+$T54*E$116,"") | F54: =IFERROR('3)직접비'!F54+$T54*F$116,"") | G54: =SUM(E54:F54) -> 0 | H54: =IFERROR('3)직접비'!H54+$T54*H$116,"") | I54: =IFERROR('3)직접비'!I54+$T54*I$116,"") | J54: =SUM(H54:I54) -> 0 | K54: =IFERROR('3)직접비'!K54+$T54*K$116,"") | L54: =IFERROR('3)직접비'!L54+$T54*L$116,"") | M54: =SUM(K54:L54) -> 0 | N54: =IFERROR('3)직접비'!N54+$T54*N$116,"") | O54: =SUM(N54) -> 0 | R54: 전력비 | U54: 면적
B55: 유류비 | D55: =SUM(G55,J55,M55,O55) -> 0 | E55: =IFERROR('3)직접비'!E55+$T55*E$116,"") | F55: =IFERROR('3)직접비'!F55+$T55*F$116,"") | G55: =SUM(E55:F55) -> 0 | H55: =IFERROR('3)직접비'!H55+$T55*H$116,"") | I55: =IFERROR('3)직접비'!I55+$T55*I$116,"") | J55: =SUM(H55:I55) -> 0 | K55: =IFERROR('3)직접비'!K55+$T55*K$116,"") | L55: =IFERROR('3)직접비'!L55+$T55*L$116,"") | M55: =SUM(K55:L55) -> 0 | N55: =IFERROR('3)직접비'!N55+$T55*N$116,"") | O55: =SUM(N55) -> 0 | R55: 유류비 | U55: 면적
B56: 가스비 | D56: =SUM(G56,J56,M56,O56) -> 0 | E56: =IFERROR('3)직접비'!E56+$T56*E$116,"") | F56: =IFERROR('3)직접비'!F56+$T56*F$116,"") | G56: =SUM(E56:F56) -> 0 | H56: =IFERROR('3)직접비'!H56+$T56*H$116,"") | I56: =IFERROR('3)직접비'!I56+$T56*I$116,"") | J56: =SUM(H56:I56) -> 0 | K56: =IFERROR('3)직접비'!K56+$T56*K$116,"") | L56: =IFERROR('3)직접비'!L56+$T56*L$116,"") | M56: =SUM(K56:L56) -> 0 | N56: =IFERROR('3)직접비'!N56+$T56*N$116,"") | O56: =SUM(N56) -> 0 | R56: 가스비 | U56: 면적
B57: 기타 | D57: =SUM(G57,J57,M57,O57) -> 0 | E57: =IFERROR('3)직접비'!E57+$T57*E$116,"") | F57: =IFERROR('3)직접비'!F57+$T57*F$116,"") | G57: =SUM(E57:F57) -> 0 | H57: =IFERROR('3)직접비'!H57+$T57*H$116,"") | I57: =IFERROR('3)직접비'!I57+$T57*I$116,"") | J57: =SUM(H57:I57) -> 0 | K57: =IFERROR('3)직접비'!K57+$T57*K$116,"") | L57: =IFERROR('3)직접비'!L57+$T57*L$116,"") | M57: =SUM(K57:L57) -> 0 | N57: =IFERROR('3)직접비'!N57+$T57*N$116,"") | O57: =SUM(N57) -> 0 | R57: 기타 | U57: 면적
B58: 수도광열비소계 | D58: =SUM(G58,J58,M58,O58) -> 0 | E58: =SUM(E53:E57) -> 0 | F58: =SUM(F53:F57) -> 0 | G58: =SUM(E58:F58) -> 0 | H58: =SUM(H53:H57) -> 0 | I58: =SUM(I53:I57) -> 0 | J58: =SUM(H58:I58) -> 0 | K58: =SUM(K53:K57) -> 0 | L58: =SUM(L53:L57) -> 0 | M58: =SUM(K58:L58) -> 0 | N58: =SUM(N53:N57) -> 0 | O58: =SUM(N58) -> 0 | R58: 수도광열비소계 | T58: =SUM(T53:T57) -> 0
B59: 소모품비계 | D59: =SUM(G59,J59,M59,O59) -> 0 | E59: =IFERROR('3)직접비'!E59+$T59*E$112,"") -> 0 | F59: =IFERROR('3)직접비'!F59+$T59*F$112,"") -> 0 | G59: =SUM(E59:F59) -> 0 | H59: =IFERROR('3)직접비'!H59+$T59*H$112,"") -> 0 | I59: =IFERROR('3)직접비'!I59+$T59*I$112,"") -> 0 | J59: =SUM(H59:I59) -> 0 | K59: =IFERROR('3)직접비'!K59+$T59*K$112,"") -> 0 | L59: =IFERROR('3)직접비'!L59+$T59*L$112,"") -> 0 | M59: =SUM(K59:L59) -> 0 | N59: =IFERROR('3)직접비'!N59+$T59*N$112,"") | O59: =SUM(N59) -> 0 | R59: 소모품비계 | U59: 매출액
B60: 카드수수료 | D60: =SUM(G60,J60,M60,O60) -> 0 | E60: =IFERROR('3)직접비'!E60+$T60*E$112,"") -> 0 | F60: =IFERROR('3)직접비'!F60+$T60*F$112,"") -> 0 | G60: =SUM(E60:F60) -> 0 | H60: =IFERROR('3)직접비'!H60+$T60*H$112,"") -> 0 | I60: =IFERROR('3)직접비'!I60+$T60*I$112,"") -> 0 | J60: =SUM(H60:I60) -> 0 | K60: =IFERROR('3)직접비'!K60+$T60*K$112,"") -> 0 | L60: =IFERROR('3)직접비'!L60+$T60*L$112,"") -> 0 | M60: =SUM(K60:L60) -> 0 | N60: =IFERROR('3)직접비'!N60+$T60*N$112,"") | O60: =SUM(N60) -> 0 | R60: 카드수수료 | U60: 매출액
B61: 위탁수수료 | D61: =SUM(G61,J61,M61,O61) -> 0 | E61: =IFERROR('3)직접비'!E61+$T61*E$112,"") -> 0 | F61: =IFERROR('3)직접비'!F61+$T61*F$112,"") -> 0 | G61: =SUM(E61:F61) -> 0 | H61: =IFERROR('3)직접비'!H61+$T61*H$112,"") -> 0 | I61: =IFERROR('3)직접비'!I61+$T61*I$112,"") -> 0 | J61: =SUM(H61:I61) -> 0 | K61: =IFERROR('3)직접비'!K61+$T61*K$112,"") -> 0 | L61: =IFERROR('3)직접비'!L61+$T61*L$112,"") -> 0 | M61: =SUM(K61:L61) -> 0 | N61: =IFERROR('3)직접비'!N61+$T61*N$112,"") | O61: =SUM(N61) -> 0 | R61: 위탁수수료 | U61: 매출액
B62: 영업용역료 | D62: =SUM(G62,J62,M62,O62) -> 0 | E62: =IFERROR('3)직접비'!E62+$T62*E$112,"") -> 0 | F62: =IFERROR('3)직접비'!F62+$T62*F$112,"") -> 0 | G62: =SUM(E62:F62) -> 0 | H62: =IFERROR('3)직접비'!H62+$T62*H$112,"") -> 0 | I62: =IFERROR('3)직접비'!I62+$T62*I$112,"") -> 0 | J62: =SUM(H62:I62) -> 0 | K62: =IFERROR('3)직접비'!K62+$T62*K$112,"") -> 0 | L62: =IFERROR('3)직접비'!L62+$T62*L$112,"") -> 0 | M62: =SUM(K62:L62) -> 0 | N62: =IFERROR('3)직접비'!N62+$T62*N$112,"") | O62: =SUM(N62) -> 0 | R62: 영업용역료 | U62: 매출액
B63: 기타수수료 | D63: =SUM(G63,J63,M63,O63) -> 0 | E63: =IFERROR('3)직접비'!E63+$T63*E$112,"") -> 0 | F63: =IFERROR('3)직접비'!F63+$T63*F$112,"") -> 0 | G63: =SUM(E63:F63) -> 0 | H63: =IFERROR('3)직접비'!H63+$T63*H$112,"") -> 0 | I63: =IFERROR('3)직접비'!I63+$T63*I$112,"") -> 0 | J63: =SUM(H63:I63) -> 0 | K63: =IFERROR('3)직접비'!K63+$T63*K$112,"") -> 0 | L63: =IFERROR('3)직접비'!L63+$T63*L$112,"") -> 0 | M63: =SUM(K63:L63) -> 0 | N63: =IFERROR('3)직접비'!N63+$T63*N$112,"") | O63: =SUM(N63) -> 0 | R63: 기타수수료 | U63: 매출액
B64: 지급수수료소계 | D64: =SUM(G64,J64,M64,O64) -> 0 | E64: =SUM(E60:E63) -> 0 | F64: =SUM(F60:F63) -> 0 | G64: =SUM(E64:F64) -> 0 | H64: =SUM(H60:H63) -> 0 | I64: =SUM(I60:I63) -> 0 | J64: =SUM(H64:I64) -> 0 | K64: =SUM(K60:K63) -> 0 | L64: =SUM(L60:L63) -> 0 | M64: =SUM(K64:L64) -> 0 | N64: =SUM(N60:N63) -> 0 | O64: =SUM(N64) -> 0 | R64: 지급수수료소계 | T64: =SUM(T60:T63) -> 0
B65: 수선비계 | D65: =SUM(G65,J65,M65,O65) -> 0 | E65: =IFERROR('3)직접비'!E65+$T65*E$112,"") -> 0 | F65: =IFERROR('3)직접비'!F65+$T65*F$112,"") -> 0 | G65: =SUM(E65:F65) -> 0 | H65: =IFERROR('3)직접비'!H65+$T65*H$112,"") -> 0 | I65: =IFERROR('3)직접비'!I65+$T65*I$112,"") -> 0 | J65: =SUM(H65:I65) -> 0 | K65: =IFERROR('3)직접비'!K65+$T65*K$112,"") -> 0 | L65: =IFERROR('3)직접비'!L65+$T65*L$112,"") -> 0 | M65: =SUM(K65:L65) -> 0 | N65: =IFERROR('3)직접비'!N65+$T65*N$112,"") | O65: =SUM(N65) -> 0 | R65: 수선비계 | U65: 매출액
B66: TV,R,신문 광고 | D66: =SUM(G66,J66,M66,O66) -> 0 | E66: =IFERROR('3)직접비'!E66+$T66*E$112,"") -> 0 | F66: =IFERROR('3)직접비'!F66+$T66*F$112,"") -> 0 | G66: =SUM(E66:F66) -> 0 | H66: =IFERROR('3)직접비'!H66+$T66*H$112,"") -> 0 | I66: =IFERROR('3)직접비'!I66+$T66*I$112,"") -> 0 | J66: =SUM(H66:I66) -> 0 | K66: =IFERROR('3)직접비'!K66+$T66*K$112,"") -> 0 | L66: =IFERROR('3)직접비'!L66+$T66*L$112,"") -> 0 | M66: =SUM(K66:L66) -> 0 | N66: =IFERROR('3)직접비'!N66+$T66*N$112,"") | O66: =SUM(N66) -> 0 | R66: TV,R,신문 광고 | U66: 매출액
B67: 행사비 | D67: =SUM(G67,J67,M67,O67) -> 0 | E67: =IFERROR('3)직접비'!E67+$T67*E$112,"") -> 0 | F67: =IFERROR('3)직접비'!F67+$T67*F$112,"") -> 0 | G67: =SUM(E67:F67) -> 0 | H67: =IFERROR('3)직접비'!H67+$T67*H$112,"") -> 0 | I67: =IFERROR('3)직접비'!I67+$T67*I$112,"") -> 0 | J67: =SUM(H67:I67) -> 0 | K67: =IFERROR('3)직접비'!K67+$T67*K$112,"") -> 0 | L67: =IFERROR('3)직접비'!L67+$T67*L$112,"") -> 0 | M67: =SUM(K67:L67) -> 0 | N67: =IFERROR('3)직접비'!N67+$T67*N$112,"") | O67: =SUM(N67) -> 0 | R67: 행사비 | U67: 매출액
B68: 판매촉진비 | D68: =SUM(G68,J68,M68,O68) -> 0 | E68: =IFERROR('3)직접비'!E68+$T68*E$112,"") -> 0 | F68: =IFERROR('3)직접비'!F68+$T68*F$112,"") -> 0 | G68: =SUM(E68:F68) -> 0 | H68: =IFERROR('3)직접비'!H68+$T68*H$112,"") -> 0 | I68: =IFERROR('3)직접비'!I68+$T68*I$112,"") -> 0 | J68: =SUM(H68:I68) -> 0 | K68: =IFERROR('3)직접비'!K68+$T68*K$112,"") -> 0 | L68: =IFERROR('3)직접비'!L68+$T68*L$112,"") -> 0 | M68: =SUM(K68:L68) -> 0 | N68: =IFERROR('3)직접비'!N68+$T68*N$112,"") | O68: =SUM(N68) -> 0 | R68: 판매촉진비 | U68: 매출액
B69: 기타광고비 | D69: =SUM(G69,J69,M69,O69) -> 0 | E69: =IFERROR('3)직접비'!E69+$T69*E$112,"") -> 0 | F69: =IFERROR('3)직접비'!F69+$T69*F$112,"") -> 0 | G69: =SUM(E69:F69) -> 0 | H69: =IFERROR('3)직접비'!H69+$T69*H$112,"") -> 0 | I69: =IFERROR('3)직접비'!I69+$T69*I$112,"") -> 0 | J69: =SUM(H69:I69) -> 0 | K69: =IFERROR('3)직접비'!K69+$T69*K$112,"") -> 0 | L69: =IFERROR('3)직접비'!L69+$T69*L$112,"") -> 0 | M69: =SUM(K69:L69) -> 0 | N69: =IFERROR('3)직접비'!N69+$T69*N$112,"") | O69: =SUM(N69) -> 0 | R69: 기타광고비 | U69: 매출액
B70: 광고선전비소계 | D70: =SUM(G70,J70,M70,O70) -> 0 | E70: =SUM(E66:E69) -> 0 | F70: =SUM(F66:F69) -> 0 | G70: =SUM(E70:F70) -> 0 | H70: =SUM(H66:H69) -> 0 | I70: =SUM(I66:I69) -> 0 | J70: =SUM(H70:I70) -> 0 | K70: =SUM(K66:K69) -> 0 | L70: =SUM(L66:L69) -> 0 | M70: =SUM(K70:L70) -> 0 | N70: =SUM(N66:N69) -> 0 | O70: =SUM(N70) -> 0 | R70: 광고선전비소계 | T70: =SUM(T66:T69) -> 0
B71: 재산세 | D71: =SUM(G71,J71,M71,O71) -> 0 | E71: =IFERROR('3)직접비'!E71+$T71*E$116,"") | F71: =IFERROR('3)직접비'!F71+$T71*F$116,"") | G71: =SUM(E71:F71) -> 0 | H71: =IFERROR('3)직접비'!H71+$T71*H$116,"") | I71: =IFERROR('3)직접비'!I71+$T71*I$116,"") | J71: =SUM(H71:I71) -> 0 | K71: =IFERROR('3)직접비'!K71+$T71*K$116,"") | L71: =IFERROR('3)직접비'!L71+$T71*L$116,"") | M71: =SUM(K71:L71) -> 0 | N71: =IFERROR('3)직접비'!N71+$T71*N$116,"") | O71: =SUM(N71) -> 0 | R71: 재산세 | U71: 면적
B72: 종합부동산세 | D72: =SUM(G72,J72,M72,O72) -> 0 | E72: =IFERROR('3)직접비'!E72+$T72*E$116,"") | F72: =IFERROR('3)직접비'!F72+$T72*F$116,"") | G72: =SUM(E72:F72) -> 0 | H72: =IFERROR('3)직접비'!H72+$T72*H$116,"") | I72: =IFERROR('3)직접비'!I72+$T72*I$116,"") | J72: =SUM(H72:I72) -> 0 | K72: =IFERROR('3)직접비'!K72+$T72*K$116,"") | L72: =IFERROR('3)직접비'!L72+$T72*L$116,"") | M72: =SUM(K72:L72) -> 0 | N72: =IFERROR('3)직접비'!N72+$T72*N$116,"") | O72: =SUM(N72) -> 0 | R72: 종합부동산세 | U72: 면적
B73: 등록면허세 | D73: =SUM(G73,J73,M73,O73) -> 0 | E73: =IFERROR('3)직접비'!E73+$T73*E$112,"") -> 0 | F73: =IFERROR('3)직접비'!F73+$T73*F$112,"") -> 0 | G73: =SUM(E73:F73) -> 0 | H73: =IFERROR('3)직접비'!H73+$T73*H$112,"") -> 0 | I73: =IFERROR('3)직접비'!I73+$T73*I$112,"") -> 0 | J73: =SUM(H73:I73) -> 0 | K73: =IFERROR('3)직접비'!K73+$T73*K$112,"") -> 0 | L73: =IFERROR('3)직접비'!L73+$T73*L$112,"") -> 0 | M73: =SUM(K73:L73) -> 0 | N73: =IFERROR('3)직접비'!N73+$T73*N$112,"") | O73: =SUM(N73) -> 0 | R73: 등록면허세 | U73: 매출액
B74: 자동차세 | D74: =SUM(G74,J74,M74,O74) -> 0 | E74: =IFERROR('3)직접비'!E74+$T74*E$112,"") -> 0 | F74: =IFERROR('3)직접비'!F74+$T74*F$112,"") -> 0 | G74: =SUM(E74:F74) -> 0 | H74: =IFERROR('3)직접비'!H74+$T74*H$112,"") -> 0 | I74: =IFERROR('3)직접비'!I74+$T74*I$112,"") -> 0 | J74: =SUM(H74:I74) -> 0 | K74: =IFERROR('3)직접비'!K74+$T74*K$112,"") -> 0 | L74: =IFERROR('3)직접비'!L74+$T74*L$112,"") -> 0 | M74: =SUM(K74:L74) -> 0 | N74: =IFERROR('3)직접비'!N74+$T74*N$112,"") | O74: =SUM(N74) -> 0 | R74: 자동차세 | U74: 매출액
B75: 주민세 | D75: =SUM(G75,J75,M75,O75) -> 0 | E75: =IFERROR('3)직접비'!E75+$T75*E$112,"") -> 0 | F75: =IFERROR('3)직접비'!F75+$T75*F$112,"") -> 0 | G75: =SUM(E75:F75) -> 0 | H75: =IFERROR('3)직접비'!H75+$T75*H$112,"") -> 0 | I75: =IFERROR('3)직접비'!I75+$T75*I$112,"") -> 0 | J75: =SUM(H75:I75) -> 0 | K75: =IFERROR('3)직접비'!K75+$T75*K$112,"") -> 0 | L75: =IFERROR('3)직접비'!L75+$T75*L$112,"") -> 0 | M75: =SUM(K75:L75) -> 0 | N75: =IFERROR('3)직접비'!N75+$T75*N$112,"") | O75: =SUM(N75) -> 0 | R75: 주민세 | U75: 매출액
B76: 협회비 | D76: =SUM(G76,J76,M76,O76) -> 0 | E76: =IFERROR('3)직접비'!E76+$T76*E$112,"") -> 0 | F76: =IFERROR('3)직접비'!F76+$T76*F$112,"") -> 0 | G76: =SUM(E76:F76) -> 0 | H76: =IFERROR('3)직접비'!H76+$T76*H$112,"") -> 0 | I76: =IFERROR('3)직접비'!I76+$T76*I$112,"") -> 0 | J76: =SUM(H76:I76) -> 0 | K76: =IFERROR('3)직접비'!K76+$T76*K$112,"") -> 0 | L76: =IFERROR('3)직접비'!L76+$T76*L$112,"") -> 0 | M76: =SUM(K76:L76) -> 0 | N76: =IFERROR('3)직접비'!N76+$T76*N$112,"") | O76: =SUM(N76) -> 0 | R76: 협회비 | U76: 매출액
B77: 인지세 | D77: =SUM(G77,J77,M77,O77) -> 0 | E77: =IFERROR('3)직접비'!E77+$T77*E$112,"") -> 0 | F77: =IFERROR('3)직접비'!F77+$T77*F$112,"") -> 0 | G77: =SUM(E77:F77) -> 0 | H77: =IFERROR('3)직접비'!H77+$T77*H$112,"") -> 0 | I77: =IFERROR('3)직접비'!I77+$T77*I$112,"") -> 0 | J77: =SUM(H77:I77) -> 0 | K77: =IFERROR('3)직접비'!K77+$T77*K$112,"") -> 0 | L77: =IFERROR('3)직접비'!L77+$T77*L$112,"") -> 0 | M77: =SUM(K77:L77) -> 0 | N77: =IFERROR('3)직접비'!N77+$T77*N$112,"") | O77: =SUM(N77) -> 0 | R77: 인지세 | U77: 매출액
B78: 기타세금 | D78: =SUM(G78,J78,M78,O78) -> 0 | E78: =IFERROR('3)직접비'!E78+$T78*E$112,"") -> 0 | F78: =IFERROR('3)직접비'!F78+$T78*F$112,"") -> 0 | G78: =SUM(E78:F78) -> 0 | H78: =IFERROR('3)직접비'!H78+$T78*H$112,"") -> 0 | I78: =IFERROR('3)직접비'!I78+$T78*I$112,"") -> 0 | J78: =SUM(H78:I78) -> 0 | K78: =IFERROR('3)직접비'!K78+$T78*K$112,"") -> 0 | L78: =IFERROR('3)직접비'!L78+$T78*L$112,"") -> 0 | M78: =SUM(K78:L78) -> 0 | N78: =IFERROR('3)직접비'!N78+$T78*N$112,"") | O78: =SUM(N78) -> 0 | R78: 기타세금 | U78: 매출액
B79: 세금과공과소계 | D79: =SUM(G79,J79,M79,O79) -> 0 | E79: =SUM(E71:E78) -> 0 | F79: =SUM(F71:F78) -> 0 | G79: =SUM(E79:F79) -> 0 | H79: =SUM(H71:H78) -> 0 | I79: =SUM(I71:I78) -> 0 | J79: =SUM(H79:I79) -> 0 | K79: =SUM(K71:K78) -> 0 | L79: =SUM(L71:L78) -> 0 | M79: =SUM(K79:L79) -> 0 | N79: =SUM(N71:N78) -> 0 | O79: =SUM(N79) -> 0 | R79: 세금과공과소계 | T79: =SUM(T71:T78) -> 0
B80: 유형자산상각비 | D80: =SUM(G80,J80,M80,O80) -> 0 | E80: =IFERROR('3)직접비'!E80+$T80*E$116,"") | F80: =IFERROR('3)직접비'!F80+$T80*F$116,"") | G80: =SUM(E80:F80) -> 0 | H80: =IFERROR('3)직접비'!H80+$T80*H$116,"") | I80: =IFERROR('3)직접비'!I80+$T80*I$116,"") | J80: =SUM(H80:I80) -> 0 | K80: =IFERROR('3)직접비'!K80+$T80*K$116,"") | L80: =IFERROR('3)직접비'!L80+$T80*L$116,"") | M80: =SUM(K80:L80) -> 0 | N80: =IFERROR('3)직접비'!N80+$T80*N$116,"") | O80: =SUM(N80) -> 0 | R80: 유형자산상각비 | U80: 면적
B81: 무형자산상각비 | D81: =SUM(G81,J81,M81,O81) -> 0 | E81: =IFERROR('3)직접비'!E81+$T81*E$112,"") -> 0 | F81: =IFERROR('3)직접비'!F81+$T81*F$112,"") -> 0 | G81: =SUM(E81:F81) -> 0 | H81: =IFERROR('3)직접비'!H81+$T81*H$112,"") -> 0 | I81: =IFERROR('3)직접비'!I81+$T81*I$112,"") -> 0 | J81: =SUM(H81:I81) -> 0 | K81: =IFERROR('3)직접비'!K81+$T81*K$112,"") -> 0 | L81: =IFERROR('3)직접비'!L81+$T81*L$112,"") -> 0 | M81: =SUM(K81:L81) -> 0 | N81: =IFERROR('3)직접비'!N81+$T81*N$112,"") | O81: =SUM(N81) -> 0 | R81: 무형자산상각비 | U81: 매출액
B82: 감가상각비소계 | D82: =SUM(G82,J82,M82,O82) -> 0 | E82: =SUM(E80:E81) -> 0 | F82: =SUM(F80:F81) -> 0 | G82: =SUM(E82:F82) -> 0 | H82: =SUM(H80:H81) -> 0 | I82: =SUM(I80:I81) -> 0 | J82: =SUM(H82:I82) -> 0 | K82: =SUM(K80:K81) -> 0 | L82: =SUM(L80:L81) -> 0 | M82: =SUM(K82:L82) -> 0 | N82: =SUM(N80:N81) -> 0 | O82: =SUM(N82) -> 0 | R82: 감가상각비소계 | T82: =SUM(T80:T81) -> 0
B83: 보험료 | D83: =SUM(G83,J83,M83,O83) -> 0 | E83: =IFERROR('3)직접비'!E83+$T83*E$112,"") -> 0 | F83: =IFERROR('3)직접비'!F83+$T83*F$112,"") -> 0 | G83: =SUM(E83:F83) -> 0 | H83: =IFERROR('3)직접비'!H83+$T83*H$112,"") -> 0 | I83: =IFERROR('3)직접비'!I83+$T83*I$112,"") -> 0 | J83: =SUM(H83:I83) -> 0 | K83: =IFERROR('3)직접비'!K83+$T83*K$112,"") -> 0 | L83: =IFERROR('3)직접비'!L83+$T83*L$112,"") -> 0 | M83: =SUM(K83:L83) -> 0 | N83: =IFERROR('3)직접비'!N83+$T83*N$112,"") | O83: =SUM(N83) -> 0 | R83: 보험료 | U83: 매출액
B84: 교통비 | D84: =SUM(G84,J84,M84,O84) -> 0 | E84: =IFERROR('3)직접비'!E84+$T84*E$112,"") -> 0 | F84: =IFERROR('3)직접비'!F84+$T84*F$112,"") -> 0 | G84: =SUM(E84:F84) -> 0 | H84: =IFERROR('3)직접비'!H84+$T84*H$112,"") -> 0 | I84: =IFERROR('3)직접비'!I84+$T84*I$112,"") -> 0 | J84: =SUM(H84:I84) -> 0 | K84: =IFERROR('3)직접비'!K84+$T84*K$112,"") -> 0 | L84: =IFERROR('3)직접비'!L84+$T84*L$112,"") -> 0 | M84: =SUM(K84:L84) -> 0 | N84: =IFERROR('3)직접비'!N84+$T84*N$112,"") | O84: =SUM(N84) -> 0 | R84: 교통비 | U84: 매출액
B85: 통신비 | D85: =SUM(G85,J85,M85,O85) -> 0 | E85: =IFERROR('3)직접비'!E85+$T85*E$112,"") -> 0 | F85: =IFERROR('3)직접비'!F85+$T85*F$112,"") -> 0 | G85: =SUM(E85:F85) -> 0 | H85: =IFERROR('3)직접비'!H85+$T85*H$112,"") -> 0 | I85: =IFERROR('3)직접비'!I85+$T85*I$112,"") -> 0 | J85: =SUM(H85:I85) -> 0 | K85: =IFERROR('3)직접비'!K85+$T85*K$112,"") -> 0 | L85: =IFERROR('3)직접비'!L85+$T85*L$112,"") -> 0 | M85: =SUM(K85:L85) -> 0 | N85: =IFERROR('3)직접비'!N85+$T85*N$112,"") | O85: =SUM(N85) -> 0 | R85: 통신비 | U85: 매출액
B86: 도서인쇄비 | D86: =SUM(G86,J86,M86,O86) -> 0 | E86: =IFERROR('3)직접비'!E86+$T86*E$112,"") -> 0 | F86: =IFERROR('3)직접비'!F86+$T86*F$112,"") -> 0 | G86: =SUM(E86:F86) -> 0 | H86: =IFERROR('3)직접비'!H86+$T86*H$112,"") -> 0 | I86: =IFERROR('3)직접비'!I86+$T86*I$112,"") -> 0 | J86: =SUM(H86:I86) -> 0 | K86: =IFERROR('3)직접비'!K86+$T86*K$112,"") -> 0 | L86: =IFERROR('3)직접비'!L86+$T86*L$112,"") -> 0 | M86: =SUM(K86:L86) -> 0 | N86: =IFERROR('3)직접비'!N86+$T86*N$112,"") | O86: =SUM(N86) -> 0 | R86: 도서인쇄비 | U86: 매출액
B87: 접대비 | D87: =SUM(G87,J87,M87,O87) -> 0 | E87: =IFERROR('3)직접비'!E87+$T87*E$112,"") -> 0 | F87: =IFERROR('3)직접비'!F87+$T87*F$112,"") -> 0 | G87: =SUM(E87:F87) -> 0 | H87: =IFERROR('3)직접비'!H87+$T87*H$112,"") -> 0 | I87: =IFERROR('3)직접비'!I87+$T87*I$112,"") -> 0 | J87: =SUM(H87:I87) -> 0 | K87: =IFERROR('3)직접비'!K87+$T87*K$112,"") -> 0 | L87: =IFERROR('3)직접비'!L87+$T87*L$112,"") -> 0 | M87: =SUM(K87:L87) -> 0 | N87: =IFERROR('3)직접비'!N87+$T87*N$112,"") | O87: =SUM(N87) -> 0 | R87: 접대비 | U87: 매출액
B88: 지급임차료 | D88: =SUM(G88,J88,M88,O88) -> 0 | E88: =IFERROR('3)직접비'!E88+$T88*E$112,"") -> 0 | F88: =IFERROR('3)직접비'!F88+$T88*F$112,"") -> 0 | G88: =SUM(E88:F88) -> 0 | H88: =IFERROR('3)직접비'!H88+$T88*H$112,"") -> 0 | I88: =IFERROR('3)직접비'!I88+$T88*I$112,"") -> 0 | J88: =SUM(H88:I88) -> 0 | K88: =IFERROR('3)직접비'!K88+$T88*K$112,"") -> 0 | L88: =IFERROR('3)직접비'!L88+$T88*L$112,"") -> 0 | M88: =SUM(K88:L88) -> 0 | N88: =IFERROR('3)직접비'!N88+$T88*N$112,"") | O88: =SUM(N88) -> 0 | R88: 지급임차료 | U88: 매출액
B89: 차량유지비 | D89: =SUM(G89,J89,M89,O89) -> 0 | E89: =IFERROR('3)직접비'!E89+$T89*E$112,"") -> 0 | F89: =IFERROR('3)직접비'!F89+$T89*F$112,"") -> 0 | G89: =SUM(E89:F89) -> 0 | H89: =IFERROR('3)직접비'!H89+$T89*H$112,"") -> 0 | I89: =IFERROR('3)직접비'!I89+$T89*I$112,"") -> 0 | J89: =SUM(H89:I89) -> 0 | K89: =IFERROR('3)직접비'!K89+$T89*K$112,"") -> 0 | L89: =IFERROR('3)직접비'!L89+$T89*L$112,"") -> 0 | M89: =SUM(K89:L89) -> 0 | N89: =IFERROR('3)직접비'!N89+$T89*N$112,"") | O89: =SUM(N89) -> 0 | R89: 차량유지비 | U89: 매출액
B90: 교육비 | D90: =SUM(G90,J90,M90,O90) -> 0 | E90: =IFERROR('3)직접비'!E90+$T90*E$112,"") -> 0 | F90: =IFERROR('3)직접비'!F90+$T90*F$112,"") -> 0 | G90: =SUM(E90:F90) -> 0 | H90: =IFERROR('3)직접비'!H90+$T90*H$112,"") -> 0 | I90: =IFERROR('3)직접비'!I90+$T90*I$112,"") -> 0 | J90: =SUM(H90:I90) -> 0 | K90: =IFERROR('3)직접비'!K90+$T90*K$112,"") -> 0 | L90: =IFERROR('3)직접비'!L90+$T90*L$112,"") -> 0 | M90: =SUM(K90:L90) -> 0 | N90: =IFERROR('3)직접비'!N90+$T90*N$112,"") | O90: =SUM(N90) -> 0 | R90: 교육비 | U90: 매출액
B91: 기타비용 | D91: =SUM(G91,J91,M91,O91) -> 0 | E91: =IFERROR('3)직접비'!E91+$T91*E$112,"") -> 0 | F91: =IFERROR('3)직접비'!F91+$T91*F$112,"") -> 0 | G91: =SUM(E91:F91) -> 0 | H91: =IFERROR('3)직접비'!H91+$T91*H$112,"") -> 0 | I91: =IFERROR('3)직접비'!I91+$T91*I$112,"") -> 0 | J91: =SUM(H91:I91) -> 0 | K91: =IFERROR('3)직접비'!K91+$T91*K$112,"") -> 0 | L91: =IFERROR('3)직접비'!L91+$T91*L$112,"") -> 0 | M91: =SUM(K91:L91) -> 0 | N91: =IFERROR('3)직접비'!N91+$T91*N$112,"") | O91: =SUM(N91) -> 0 | R91: 기타비용 | U91: 매출액
B92: 기타경비소계 | D92: =SUM(G92,J92,M92,O92) -> 0 | E92: =SUM(E83:E91) -> 0 | F92: =SUM(F83:F91) -> 0 | G92: =SUM(E92:F92) -> 0 | H92: =SUM(H83:H91) -> 0 | I92: =SUM(I83:I91) -> 0 | J92: =SUM(H92:I92) -> 0 | K92: =SUM(K83:K91) -> 0 | L92: =SUM(L83:L91) -> 0 | M92: =SUM(K92:L92) -> 0 | N92: =SUM(N83:N91) -> 0 | O92: =SUM(N92) -> 0 | R92: 기타경비소계 | T92: =SUM(T83:T91) -> 0
B93: 운영원가합계 | D93: =SUM(G93,J93,M93,O93) -> 0 | E93: =SUM(E35,E36,E41,E52,E58,E59,E64,E65,E70,E79,E82,E92) -> 0 | F93: =SUM(F35,F36,F41,F52,F58,F59,F64,F65,F70,F79,F82,F92) -> 0 | G93: =SUM(E93:F93) -> 0 | H93: =SUM(H35,H36,H41,H52,H58,H59,H64,H65,H70,H79,H82,H92) -> 0 | I93: =SUM(I35,I36,I41,I52,I58,I59,I64,I65,I70,I79,I82,I92) -> 0 | J93: =SUM(H93:I93) -> 0 | K93: =SUM(K35,K36,K41,K52,K58,K59,K64,K65,K70,K79,K82,K92) -> 0 | L93: =SUM(L35,L36,L41,L52,L58,L59,L64,L65,L70,L79,L82,L92) -> 0 | M93: =SUM(K93:L93) -> 0 | N93: =SUM(N35,N36,N41,N52,N58,N59,N64,N65,N70,N79,N82,N92) -> 0 | O93: =SUM(N93) -> 0 | R93: 운영원가합계 | T93: =SUM(T35,T36,T41,T52,T58,T59,T64,T65,T70,T79,T82,T92) -> 0
A96: ■ 배부기준
B98: 1) 총괄
B99: 구분 | D99: 합계 | E99: 객실 | H99: 식음 | K99: 부대 | N99: 임대 | P99: 비고
E100: 팔라티움 | F100: 도급-객실 | G100: 계 | H100: 루프탑바 | I100: 예비 | J100: 계 | K100: 인피니티풀 | L100: 예비 | M100: 계 | N100: 입주업체 | O100: 계
B101: 매출[백만원] | D101: =SUM(G101,J101,M101,O101) -> 16858639 | E101: =E7 -> 16483017 | F101: =F7 -> 0 | G101: =SUM(E101:F101) -> 16483017 | H101: =H7 -> 73941.84 | I101: =I7 -> 0 | J101: =SUM(H101:I101) -> 73941.84 | K101: =K7 -> 0 | L101: =L7 -> 0 | M101: =SUM(K101:L101) -> 0 | N101: =N7 -> 301680 | O101: =SUM(N101) -> 301680
B102: 매출 % | D102: =IFERROR(D101/$D$101,"") -> 1 | E102: =IFERROR(E101/$D$101,"") -> 0.97771933 | F102: =IFERROR(F101/$D$101,"") -> 0 | G102: =SUM(E102:F102) -> 0.97771933 | H102: =IFERROR(H101/$D$101,"") -> 0.0043859911 | I102: =IFERROR(I101/$D$101,"") -> 0 | J102: =SUM(H102:I102) -> 0.0043859911 | K102: =IFERROR(K101/$D$101,"") -> 0 | L102: =IFERROR(L101/$D$101,"") -> 0 | M102: =SUM(K102:L102) -> 0 | N102: =IFERROR(N101/$D$101,"") -> 0.017894683 | O102: =SUM(N102) -> 0.017894683
B103: 인원수[명] | D103: =SUM(G103,J103,M103,O103) -> 8 | E103: =SUMIFS('#)참고자료'!$G:$G,'#)참고자료'!$M:$M,$E$99,'#)참고자료'!$N:$N,"직접비") -> 8 | G103: =SUM(E103:F103) -> 8 | H103: =SUMIFS('#)참고자료'!$G:$G,'#)참고자료'!$M:$M,$H$99,'#)참고자료'!$N:$N,"직접비") -> 0 | J103: =SUM(H103:I103) -> 0 | K103: =SUMIFS('#)참고자료'!$G:$G,'#)참고자료'!$M:$M,$K$99,'#)참고자료'!$N:$N,"직접비") -> 0 | M103: =SUM(K103:L103) -> 0 | N103: 0 | O103: =SUM(N103) -> 0
B104: 인원수% | D104: =IFERROR(D103/$D$103,"") -> 1 | E104: =IFERROR(E103/$D$103,"") -> 1 | F104: =IFERROR(F103/$D$103,"") -> 0 | G104: =SUM(E104:F104) -> 1 | H104: =IFERROR(H103/$D$103,"") -> 0 | I104: =IFERROR(I103/$D$103,"") -> 0 | J104: =SUM(H104:I104) -> 0 | K104: =IFERROR(K103/$D$103,"") -> 0 | L104: =IFERROR(L103/$D$103,"") -> 0 | M104: =SUM(K104:L104) -> 0 | N104: =IFERROR(N103/$D$103,"") -> 0 | O104: =SUM(N104) -> 0
B105: 면적[㎡] | D105: =SUM(G105,J105,M105,O105) -> 0 | E105: ='#)참고자료'!$E$31 -> 0 | G105: =SUM(E105:F105) -> 0 | H105: ='#)참고자료'!$E$33 -> 0 | I105: ='#)참고자료'!$E$34 -> 0 | J105: =SUM(H105:I105) -> 0 | K105: ='#)참고자료'!$E$35 -> 0 | L105: ='#)참고자료'!$E$36 -> 0 | M105: =SUM(K105:L105) -> 0 | N105: ='#)참고자료'!$E$37 -> 0 | O105: =SUM(N105) -> 0 | P105: 전용면적
B106: 면적 % | D106: =IFERROR(D105/$D$105,"") | E106: =IFERROR(E105/$D$105,"") | F106: =IFERROR(F105/$D$105,"") | G106: =SUM(E106:F106) -> 0 | H106: =IFERROR(H105/$D$105,"") | I106: =IFERROR(I105/$D$105,"") | J106: =SUM(H106:I106) -> 0 | K106: =IFERROR(K105/$D$105,"") | L106: =IFERROR(L105/$D$105,"") | M106: =SUM(K106:L106) -> 0 | N106: =IFERROR(N105/$D$105,"") | O106: =SUM(N106) -> 0
B108: 2) 임대제외
B109: 구분 | D109: 합계 | E109: 객실 | H109: 식음 | K109: 부대 | N109: 임대 | P109: 비고
E110: 팔라티움 | F110: 도급-객실 | G110: 계 | H110: 루프탑바 | I110: 예비 | J110: 계 | K110: 인피니티풀 | L110: 예비 | M110: 계 | N110: 입주업체 | O110: 계
...

Sheet 3)직접비
A3: ■ 총괄
P4: [단위 : 백만원]
B5: 구분 | D5: 합계 | E5: 객실 | H5: 식음 | K5: 부대 | N5: 임대 | P5: 비고
E6: 팔라티움 | F6: 도급-객실 | G6: 계 | H6: 루프탑바 | I6: 예비 | J6: 계 | K6: 인피니티풀 | L6: 예비 | M6: 계 | N6: 입주업체 | O6: 계
B7: Ⅰ. 매 출 액 | D7: =SUM(G7,J7,M7,O7) -> 16858639 | E7: =매출목표!G9 -> 16483017 | G7: =SUM(E7:F7) -> 16483017 | H7: =매출목표!G12 -> 73941.84 | J7: =SUM(H7:I7) -> 73941.84 | K7: =매출목표!G19 -> 0 | M7: =SUM(K7:L7) -> 0 | N7: =매출목표!G10+매출목표!G14+매출목표!G15+매출목표!G16+매출목표!G17+매출목표!G25 -> 301680 | O7: =SUM(N7) -> 301680
B8: Ⅱ. 운 영 원 가 | D8: =SUM(G8,J8,M8,O8) -> 0 | E8: =SUM(E9:E20) -> 0 | F8: =SUM(F9:F20) -> 0 | G8: =SUM(E8:F8) -> 0 | H8: =SUM(H9:H20) -> 0 | I8: =SUM(I9:I20) -> 0 | J8: =SUM(H8:I8) -> 0 | K8: =SUM(K9:K20) -> 0 | L8: =SUM(L9:L20) -> 0 | M8: =SUM(K8:L8) -> 0 | N8: =SUM(N9:N20) -> 0 | O8: =SUM(N8) -> 0
C9: 인 건 비 | D9: =SUM(G9,J9,M9,O9) -> 0 | E9: =E35 -> 0 | F9: =F35 -> 0 | G9: =SUM(E9:F9) -> 0 | H9: =H35 -> 0 | I9: =I35 -> 0 | J9: =SUM(H9:I9) -> 0 | K9: =K35 -> 0 | L9: =L35 -> 0 | M9: =SUM(K9:L9) -> 0 | N9: =N35 -> 0 | O9: =SUM(N9) -> 0
C10: 재 료 비 | D10: =SUM(G10,J10,M10,O10) -> 0 | E10: =E36 -> 0 | F10: =F36 -> 0 | G10: =SUM(E10:F10) -> 0 | H10: =H36 -> 0 | I10: =I36 -> 0 | J10: =SUM(H10:I10) -> 0 | K10: =K36 -> 0 | L10: =L36 -> 0 | M10: =SUM(K10:L10) -> 0 | N10: =N36 -> 0 | O10: =SUM(N10) -> 0
C11: 용 역 비 | D11: =SUM(G11,J11,M11,O11) -> 0 | E11: =E41 -> 0 | F11: =F41 -> 0 | G11: =SUM(E11:F11) -> 0 | H11: =H41 -> 0 | I11: =I41 -> 0 | J11: =SUM(H11:I11) -> 0 | K11: =K41 -> 0 | L11: =L41 -> 0 | M11: =SUM(K11:L11) -> 0 | N11: =N41 -> 0 | O11: =SUM(N11) -> 0
C12: 복리후생비 | D12: =SUM(G12,J12,M12,O12) -> 0 | E12: =E52 -> 0 | F12: =F52 -> 0 | G12: =SUM(E12:F12) -> 0 | H12: =H52 -> 0 | I12: =I52 -> 0 | J12: =SUM(H12:I12) -> 0 | K12: =K52 -> 0 | L12: =L52 -> 0 | M12: =SUM(K12:L12) -> 0 | N12: =N52 -> 0 | O12: =SUM(N12) -> 0
C13: 수도광열비 | D13: =SUM(G13,J13,M13,O13) -> 0 | E13: =E58 -> 0 | F13: =F58 -> 0 | G13: =SUM(E13:F13) -> 0 | H13: =H58 -> 0 | I13: =I58 -> 0 | J13: =SUM(H13:I13) -> 0 | K13: =K58 -> 0 | L13: =L58 -> 0 | M13: =SUM(K13:L13) -> 0 | N13: =N58 -> 0 | O13: =SUM(N13) -> 0
C14: 소 모 품 비 | D14: =SUM(G14,J14,M14,O14) -> 0 | E14: =E59 -> 0 | F14: =F59 -> 0 | G14: =SUM(E14:F14) -> 0 | H14: =H59 -> 0 | I14: =I59 -> 0 | J14: =SUM(H14:I14) -> 0 | K14: =K59 -> 0 | L14: =L59 -> 0 | M14: =SUM(K14:L14) -> 0 | N14: =N59 -> 0 | O14: =SUM(N14) -> 0
C15: 지급수수료 | D15: =SUM(G15,J15,M15,O15) -> 0 | E15: =E64 -> 0 | F15: =F64 -> 0 | G15: =SUM(E15:F15) -> 0 | H15: =H64 -> 0 | I15: =I64 -> 0 | J15: =SUM(H15:I15) -> 0 | K15: =K64 -> 0 | L15: =L64 -> 0 | M15: =SUM(K15:L15) -> 0 | N15: =N64 -> 0 | O15: =SUM(N15) -> 0
C16: 수 선 비 | D16: =SUM(G16,J16,M16,O16) -> 0 | E16: =E65 -> 0 | F16: =F65 -> 0 | G16: =SUM(E16:F16) -> 0 | H16: =H65 -> 0 | I16: =I65 -> 0 | J16: =SUM(H16:I16) -> 0 | K16: =K65 -> 0 | L16: =L65 -> 0 | M16: =SUM(K16:L16) -> 0 | N16: =N65 -> 0 | O16: =SUM(N16) -> 0
C17: 광고선전비 | D17: =SUM(G17,J17,M17,O17) -> 0 | E17: =E70 -> 0 | F17: =F70 -> 0 | G17: =SUM(E17:F17) -> 0 | H17: =H70 -> 0 | I17: =I70 -> 0 | J17: =SUM(H17:I17) -> 0 | K17: =K70 -> 0 | L17: =L70 -> 0 | M17: =SUM(K17:L17) -> 0 | N17: =N70 -> 0 | O17: =SUM(N17) -> 0
C18: 세금과공과 | D18: =SUM(G18,J18,M18,O18) -> 0 | E18: =E79 -> 0 | F18: =F79 -> 0 | G18: =SUM(E18:F18) -> 0 | H18: =H79 -> 0 | I18: =I79 -> 0 | J18: =SUM(H18:I18) -> 0 | K18: =K79 -> 0 | L18: =L79 -> 0 | M18: =SUM(K18:L18) -> 0 | N18: =N79 -> 0 | O18: =SUM(N18) -> 0
C19: 감가상각비 | D19: =SUM(G19,J19,M19,O19) -> 0 | E19: =E82 -> 0 | F19: =F82 -> 0 | G19: =SUM(E19:F19) -> 0 | H19: =H82 -> 0 | I19: =I82 -> 0 | J19: =SUM(H19:I19) -> 0 | K19: =K82 -> 0 | L19: =L82 -> 0 | M19: =SUM(K19:L19) -> 0 | N19: =N82 -> 0 | O19: =SUM(N19) -> 0
C20: 기 타 경 비 | D20: =SUM(G20,J20,M20,O20) -> 0 | E20: =E92 -> 0 | F20: =F92 -> 0 | G20: =SUM(E20:F20) -> 0 | H20: =H92 -> 0 | I20: =I92 -> 0 | J20: =SUM(H20:I20) -> 0 | K20: =K92 -> 0 | L20: =L92 -> 0 | M20: =SUM(K20:L20) -> 0 | N20: =N92 -> 0 | O20: =SUM(N20) -> 0
B21: Ⅲ. 매출총이익 | D21: =SUM(G21,J21,M21,O21) -> 16858639 | E21: =E7-E8 -> 16483017 | F21: =F7-F8 -> 0 | G21: =SUM(E21:F21) -> 16483017 | H21: =H7-H8 -> 73941.84 | I21: =I7-I8 -> 0 | J21: =SUM(H21:I21) -> 73941.84 | K21: =K7-K8 -> 0 | L21: =L7-L8 -> 0 | M21: =SUM(K21:L21) -> 0 | N21: =N7-N8 -> 301680 | O21: =SUM(N21) -> 301680
B22: Ⅳ. E B I T D A | D22: =SUM(G22,J22,M22,O22) -> 16858639 | E22: =E21+E19 -> 16483017 | F22: =F21+F19 -> 0 | G22: =SUM(E22:F22) -> 16483017 | H22: =H21+H19 -> 73941.84 | I22: =I21+I19 -> 0 | J22: =SUM(H22:I22) -> 73941.84 | K22: =K21+K19 -> 0 | L22: =L21+L19 -> 0 | M22: =SUM(K22:L22) -> 0 | N22: =N21+N19 -> 301680 | O22: =SUM(N22) -> 301680
A26: ■ 계정세부
B28: 구분 | D28: 합계 | E28: 객실 | H28: 식음 | K28: 부대 | N28: 임대 | P28: 비고
E29: 팔라티움 | F29: 도급-객실 | G29: 계 | H29: 루프탑바 | I29: 예비 | J29: 계 | K29: 인피니티풀 | L29: 예비 | M29: 계 | N29: 입주업체 | O29: 계
B30: 급료 | D30: =SUM(G30,J30,M30,O30) -> 0 | G30: =SUM(E30:F30) -> 0 | J30: =SUM(H30:I30) -> 0 | M30: =SUM(K30:L30) -> 0 | O30: =SUM(N30) -> 0
B31: 임금 | D31: =SUM(G31,J31,M31,O31) -> 0 | G31: =SUM(E31:F31) -> 0 | J31: =SUM(H31:I31) -> 0 | M31: =SUM(K31:L31) -> 0 | O31: =SUM(N31) -> 0
B32: 상여금 | D32: =SUM(G32,J32,M32,O32) -> 0 | G32: =SUM(E32:F32) -> 0 | J32: =SUM(H32:I32) -> 0 | M32: =SUM(K32:L32) -> 0 | O32: =SUM(N32) -> 0
B33: 제수당 | D33: =SUM(G33,J33,M33,O33) -> 0 | G33: =SUM(E33:F33) -> 0 | J33: =SUM(H33:I33) -> 0 | M33: =SUM(K33:L33) -> 0 | O33: =SUM(N33) -> 0
B34: 퇴직급여 | D34: =SUM(G34,J34,M34,O34) -> 0 | G34: =SUM(E34:F34) -> 0 | J34: =SUM(H34:I34) -> 0 | M34: =SUM(K34:L34) -> 0 | O34: =SUM(N34) -> 0
B35: 인건비소계 | D35: =SUM(G35,J35,M35,O35) -> 0 | E35: =SUM(E30:E34) -> 0 | F35: =SUM(F30:F34) -> 0 | G35: =SUM(E35:F35) -> 0 | H35: =SUM(H30:H34) -> 0 | I35: =SUM(I30:I34) -> 0 | J35: =SUM(H35:I35) -> 0 | K35: =SUM(K30:K34) -> 0 | L35: =SUM(L30:L34) -> 0 | M35: =SUM(K35:L35) -> 0 | N35: =SUM(N30:N34) -> 0 | O35: =SUM(N35) -> 0
B36: 재료비소계 | D36: =SUM(G36,J36,M36,O36) -> 0 | G36: =SUM(E36:F36) -> 0 | J36: =SUM(H36:I36) -> 0 | M36: =SUM(K36:L36) -> 0 | O36: =SUM(N36) -> 0
B37: 고정도급비 | D37: =SUM(G37,J37,M37,O37) -> 0 | G37: =SUM(E37:F37) -> 0 | J37: =SUM(H37:I37) -> 0 | M37: =SUM(K37:L37) -> 0 | O37: =SUM(N37) -> 0
B38: 추가도급비 | D38: =SUM(G38,J38,M38,O38) -> 0 | G38: =SUM(E38:F38) -> 0 | J38: =SUM(H38:I38) -> 0 | M38: =SUM(K38:L38) -> 0 | O38: =SUM(N38) -> 0
B39: 시설관리비 | D39: =SUM(G39,J39,M39,O39) -> 0 | G39: =SUM(E39:F39) -> 0 | J39: =SUM(H39:I39) -> 0 | M39: =SUM(K39:L39) -> 0 | O39: =SUM(N39) -> 0
B40: 객실정비료 | D40: =SUM(G40,J40,M40,O40) -> 0 | G40: =SUM(E40:F40) -> 0 | J40: =SUM(H40:I40) -> 0 | M40: =SUM(K40:L40) -> 0 | O40: =SUM(N40) -> 0
B41: 용역비소계 | D41: =SUM(G41,J41,M41,O41) -> 0 | E41: =SUM(E37:E40) -> 0 | F41: =SUM(F37:F40) -> 0 | G41: =SUM(E41:F41) -> 0 | H41: =SUM(H37:H40) -> 0 | I41: =SUM(I37:I40) -> 0 | J41: =SUM(H41:I41) -> 0 | K41: =SUM(K37:K40) -> 0 | L41: =SUM(L37:L40) -> 0 | M41: =SUM(K41:L41) -> 0 | N41: =SUM(N37:N40) -> 0 | O41: =SUM(N41) -> 0
B42: 직원급식대 | D42: =SUM(G42,J42,M42,O42) -> 0 | G42: =SUM(E42:F42) -> 0 | J42: =SUM(H42:I42) -> 0 | M42: =SUM(K42:L42) -> 0 | O42: =SUM(N42) -> 0
B43: 직원경조비 | D43: =SUM(G43,J43,M43,O43) -> 0 | G43: =SUM(E43:F43) -> 0 | J43: =SUM(H43:I43) -> 0 | M43: =SUM(K43:L43) -> 0 | O43: =SUM(N43) -> 0
B44: 의료비 | D44: =SUM(G44,J44,M44,O44) -> 0 | G44: =SUM(E44:F44) -> 0 | J44: =SUM(H44:I44) -> 0 | M44: =SUM(K44:L44) -> 0 | O44: =SUM(N44) -> 0
B45: 세탁비 | D45: =SUM(G45,J45,M45,O45) -> 0 | G45: =SUM(E45:F45) -> 0 | J45: =SUM(H45:I45) -> 0 | M45: =SUM(K45:L45) -> 0 | O45: =SUM(N45) -> 0
B46: 피복비 | D46: =SUM(G46,J46,M46,O46) -> 0 | G46: =SUM(E46:F46) -> 0 | J46: =SUM(H46:I46) -> 0 | M46: =SUM(K46:L46) -> 0 | O46: =SUM(N46) -> 0
B47: 회사부담금 | D47: =SUM(G47,J47,M47,O47) -> 0 | G47: =SUM(E47:F47) -> 0 | J47: =SUM(H47:I47) -> 0 | M47: =SUM(K47:L47) -> 0 | O47: =SUM(N47) -> 0
B48: 직원기념일 | D48: =SUM(G48,J48,M48,O48) -> 0 | G48: =SUM(E48:F48) -> 0 | J48: =SUM(H48:I48) -> 0 | M48: =SUM(K48:L48) -> 0 | O48: =SUM(N48) -> 0
B49: 팀운영비 | D49: =SUM(G49,J49,M49,O49) -> 0 | G49: =SUM(E49:F49) -> 0 | J49: =SUM(H49:I49) -> 0 | M49: =SUM(K49:L49) -> 0 | O49: =SUM(N49) -> 0
B50: 조직운영비 | D50: =SUM(G50,J50,M50,O50) -> 0 | G50: =SUM(E50:F50) -> 0 | J50: =SUM(H50:I50) -> 0 | M50: =SUM(K50:L50) -> 0 | O50: =SUM(N50) -> 0
B51: 기타복리 | D51: =SUM(G51,J51,M51,O51) -> 0 | G51: =SUM(E51:F51) -> 0 | J51: =SUM(H51:I51) -> 0 | M51: =SUM(K51:L51) -> 0 | O51: =SUM(N51) -> 0
B52: 복리후생비소계 | D52: =SUM(G52,J52,M52,O52) -> 0 | E52: =SUM(E42:E51) -> 0 | F52: =SUM(F42:F51) -> 0 | G52: =SUM(E52:F52) -> 0 | H52: =SUM(H42:H51) -> 0 | I52: =SUM(I42:I51) -> 0 | J52: =SUM(H52:I52) -> 0 | K52: =SUM(K42:K51) -> 0 | L52: =SUM(L42:L51) -> 0 | M52: =SUM(K52:L52) -> 0 | N52: =SUM(N42:N51) -> 0 | O52: =SUM(N52) -> 0
B53: 수도료 | D53: =SUM(G53,J53,M53,O53) -> 0 | G53: =SUM(E53:F53) -> 0 | J53: =SUM(H53:I53) -> 0 | M53: =SUM(K53:L53) -> 0 | O53: =SUM(N53) -> 0
B54: 전력비 | D54: =SUM(G54,J54,M54,O54) -> 0 | G54: =SUM(E54:F54) -> 0 | J54: =SUM(H54:I54) -> 0 | M54: =SUM(K54:L54) -> 0 | O54: =SUM(N54) -> 0
B55: 유류비 | D55: =SUM(G55,J55,M55,O55) -> 0 | G55: =SUM(E55:F55) -> 0 | J55: =SUM(H55:I55) -> 0 | M55: =SUM(K55:L55) -> 0 | O55: =SUM(N55) -> 0
B56: 가스비 | D56: =SUM(G56,J56,M56,O56) -> 0 | G56: =SUM(E56:F56) -> 0 | J56: =SUM(H56:I56) -> 0 | M56: =SUM(K56:L56) -> 0 | O56: =SUM(N56) -> 0
B57: 기타 | D57: =SUM(G57,J57,M57,O57) -> 0 | G57: =SUM(E57:F57) -> 0 | J57: =SUM(H57:I57) -> 0 | M57: =SUM(K57:L57) -> 0 | O57: =SUM(N57) -> 0
B58: 수도광열비소계 | D58: =SUM(G58,J58,M58,O58) -> 0 | E58: =SUM(E53:E57) -> 0 | F58: =SUM(F53:F57) -> 0 | G58: =SUM(E58:F58) -> 0 | H58: =SUM(H53:H57) -> 0 | I58: =SUM(I53:I57) -> 0 | J58: =SUM(H58:I58) -> 0 | K58: =SUM(K53:K57) -> 0 | L58: =SUM(L53:L57) -> 0 | M58: =SUM(K58:L58) -> 0 | N58: =SUM(N53:N57) -> 0 | O58: =SUM(N58) -> 0
B59: 소모품비계 | D59: =SUM(G59,J59,M59,O59) -> 0 | G59: =SUM(E59:F59) -> 0 | J59: =SUM(H59:I59) -> 0 | M59: =SUM(K59:L59) -> 0 | O59: =SUM(N59) -> 0
B60: 카드수수료 | D60: =SUM(G60,J60,M60,O60) -> 0 | G60: =SUM(E60:F60) -> 0 | J60: =SUM(H60:I60) -> 0 | M60: =SUM(K60:L60) -> 0 | O60: =SUM(N60) -> 0
B61: 위탁수수료 | D61: =SUM(G61,J61,M61,O61) -> 0 | G61: =SUM(E61:F61) -> 0 | J61: =SUM(H61:I61) -> 0 | M61: =SUM(K61:L61) -> 0 | O61: =SUM(N61) -> 0
B62: 영업용역료 | D62: =SUM(G62,J62,M62,O62) -> 0 | G62: =SUM(E62:F62) -> 0 | J62: =SUM(H62:I62) -> 0 | M62: =SUM(K62:L62) -> 0 | O62: =SUM(N62) -> 0
B63: 기타수수료 | D63: =SUM(G63,J63,M63,O63) -> 0 | G63: =SUM(E63:F63) -> 0 | J63: =SUM(H63:I63) -> 0 | M63: =SUM(K63:L63) -> 0 | O63: =SUM(N63) -> 0
B64: 지급수수료소계 | D64: =SUM(G64,J64,M64,O64) -> 0 | E64: =SUM(E60:E63) -> 0 | F64: =SUM(F60:F63) -> 0 | G64: =SUM(E64:F64) -> 0 | H64: =SUM(H60:H63) -> 0 | I64: =SUM(I60:I63) -> 0 | J64: =SUM(H64:I64) -> 0 | K64: =SUM(K60:K63) -> 0 | L64: =SUM(L60:L63) -> 0 | M64: =SUM(K64:L64) -> 0 | N64: =SUM(N60:N63) -> 0 | O64: =SUM(N64) -> 0
B65: 수선비계 | D65: =SUM(G65,J65,M65,O65) -> 0 | G65: =SUM(E65:F65) -> 0 | J65: =SUM(H65:I65) -> 0 | M65: =SUM(K65:L65) -> 0 | O65: =SUM(N65) -> 0
B66: TV,R,신문 광고 | D66: =SUM(G66,J66,M66,O66) -> 0 | G66: =SUM(E66:F66) -> 0 | J66: =SUM(H66:I66) -> 0 | M66: =SUM(K66:L66) -> 0 | O66: =SUM(N66) -> 0
B67: 행사비 | D67: =SUM(G67,J67,M67,O67) -> 0 | G67: =SUM(E67:F67) -> 0 | J67: =SUM(H67:I67) -> 0 | M67: =SUM(K67:L67) -> 0 | O67: =SUM(N67) -> 0
B68: 판매촉진비 | D68: =SUM(G68,J68,M68,O68) -> 0 | G68: =SUM(E68:F68) -> 0 | J68: =SUM(H68:I68) -> 0 | M68: =SUM(K68:L68) -> 0 | O68: =SUM(N68) -> 0
B69: 기타광고비 | D69: =SUM(G69,J69,M69,O69) -> 0 | G69: =SUM(E69:F69) -> 0 | J69: =SUM(H69:I69) -> 0 | M69: =SUM(K69:L69) -> 0 | O69: =SUM(N69) -> 0
B70: 광고선전비소계 | D70: =SUM(G70,J70,M70,O70) -> 0 | E70: =SUM(E66:E69) -> 0 | F70: =SUM(F66:F69) -> 0 | G70: =SUM(E70:F70) -> 0 | H70: =SUM(H66:H69) -> 0 | I70: =SUM(I66:I69) -> 0 | J70: =SUM(H70:I70) -> 0 | K70: =SUM(K66:K69) -> 0 | L70: =SUM(L66:L69) -> 0 | M70: =SUM(K70:L70) -> 0 | N70: =SUM(N66:N69) -> 0 | O70: =SUM(N70) -> 0
B71: 재산세 | D71: =SUM(G71,J71,M71,O71) -> 0 | G71: =SUM(E71:F71) -> 0 | J71: =SUM(H71:I71) -> 0 | M71: =SUM(K71:L71) -> 0 | O71: =SUM(N71) -> 0
B72: 종합부동산세 | D72: =SUM(G72,J72,M72,O72) -> 0 | G72: =SUM(E72:F72) -> 0 | J72: =SUM(H72:I72) -> 0 | M72: =SUM(K72:L72) -> 0 | O72: =SUM(N72) -> 0
B73: 등록면허세 | D73: =SUM(G73,J73,M73,O73) -> 0 | G73: =SUM(E73:F73) -> 0 | J73: =SUM(H73:I73) -> 0 | M73: =SUM(K73:L73) -> 0 | O73: =SUM(N73) -> 0
B74: 자동차세 | D74: =SUM(G74,J74,M74,O74) -> 0 | G74: =SUM(E74:F74) -> 0 | J74: =SUM(H74:I74) -> 0 | M74: =SUM(K74:L74) -> 0 | O74: =SUM(N74) -> 0
B75: 주민세 | D75: =SUM(G75,J75,M75,O75) -> 0 | G75: =SUM(E75:F75) -> 0 | J75: =SUM(H75:I75) -> 0 | M75: =SUM(K75:L75) -> 0 | O75: =SUM(N75) -> 0
B76: 협회비 | D76: =SUM(G76,J76,M76,O76) -> 0 | G76: =SUM(E76:F76) -> 0 | J76: =SUM(H76:I76) -> 0 | M76: =SUM(K76:L76) -> 0 | O76: =SUM(N76) -> 0
B77: 인지세 | D77: =SUM(G77,J77,M77,O77) -> 0 | G77: =SUM(E77:F77) -> 0 | J77: =SUM(H77:I77) -> 0 | M77: =SUM(K77:L77) -> 0 | O77: =SUM(N77) -> 0
B78: 기타세금 | D78: =SUM(G78,J78,M78,O78) -> 0 | G78: =SUM(E78:F78) -> 0 | J78: =SUM(H78:I78) -> 0 | M78: =SUM(K78:L78) -> 0 | O78: =SUM(N78) -> 0
B79: 세금과공과소계 | D79: =SUM(G79,J79,M79,O79) -> 0 | E79: =SUM(E71:E78) -> 0 | F79: =SUM(F71:F78) -> 0 | G79: =SUM(E79:F79) -> 0 | H79: =SUM(H71:H78) -> 0 | I79: =SUM(I71:I78) -> 0 | J79: =SUM(H79:I79) -> 0 | K79: =SUM(K71:K78) -> 0 | L79: =SUM(L71:L78) -> 0 | M79: =SUM(K79:L79) -> 0 | N79: =SUM(N71:N78) -> 0 | O79: =SUM(N79) -> 0
B80: 유형자산상각비 | D80: =SUM(G80,J80,M80,O80) -> 0 | G80: =SUM(E80:F80) -> 0 | J80: =SUM(H80:I80) -> 0 | M80: =SUM(K80:L80) -> 0 | O80: =SUM(N80) -> 0
B81: 무형자산상각비 | D81: =SUM(G81,J81,M81,O81) -> 0 | G81: =SUM(E81:F81) -> 0 | J81: =SUM(H81:I81) -> 0 | M81: =SUM(K81:L81) -> 0 | O81: =SUM(N81) -> 0
B82: 감가상각비소계 | D82: =SUM(G82,J82,M82,O82) -> 0 | E82: =SUM(E80:E81) -> 0 | F82: =SUM(F80:F81) -> 0 | G82: =SUM(E82:F82) -> 0 | H82: =SUM(H80:H81) -> 0 | I82: =SUM(I80:I81) -> 0 | J82: =SUM(H82:I82) -> 0 | K82: =SUM(K80:K81) -> 0 | L82: =SUM(L80:L81) -> 0 | M82: =SUM(K82:L82) -> 0 | N82: =SUM(N80:N81) -> 0 | O82: =SUM(N82) -> 0
B83: 보험료 | D83: =SUM(G83,J83,M83,O83) -> 0 | G83: =SUM(E83:F83) -> 0 | J83: =SUM(H83:I83) -> 0 | M83: =SUM(K83:L83) -> 0 | O83: =SUM(N83) -> 0
B84: 교통비 | D84: =SUM(G84,J84,M84,O84) -> 0 | G84: =SUM(E84:F84) -> 0 | J84: =SUM(H84:I84) -> 0 | M84: =SUM(K84:L84) -> 0 | O84: =SUM(N84) -> 0
B85: 통신비 | D85: =SUM(G85,J85,M85,O85) -> 0 | G85: =SUM(E85:F85) -> 0 | J85: =SUM(H85:I85) -> 0 | M85: =SUM(K85:L85) -> 0 | O85: =SUM(N85) -> 0
B86: 도서인쇄비 | D86: =SUM(G86,J86,M86,O86) -> 0 | G86: =SUM(E86:F86) -> 0 | J86: =SUM(H86:I86) -> 0 | M86: =SUM(K86:L86) -> 0 | O86: =SUM(N86) -> 0
B87: 접대비 | D87: =SUM(G87,J87,M87,O87) -> 0 | G87: =SUM(E87:F87) -> 0 | J87: =SUM(H87:I87) -> 0 | M87: =SUM(K87:L87) -> 0 | O87: =SUM(N87) -> 0
B88: 지급임차료 | D88: =SUM(G88,J88,M88,O88) -> 0 | G88: =SUM(E88:F88) -> 0 | J88: =SUM(H88:I88) -> 0 | M88: =SUM(K88:L88) -> 0 | O88: =SUM(N88) -> 0
B89: 차량유지비 | D89: =SUM(G89,J89,M89,O89) -> 0 | G89: =SUM(E89:F89) -> 0 | J89: =SUM(H89:I89) -> 0 | M89: =SUM(K89:L89) -> 0 | O89: =SUM(N89) -> 0
B90: 교육비 | D90: =SUM(G90,J90,M90,O90) -> 0 | G90: =SUM(E90:F90) -> 0 | J90: =SUM(H90:I90) -> 0 | M90: =SUM(K90:L90) -> 0 | O90: =SUM(N90) -> 0
B91: 기타비용 | D91: =SUM(G91,J91,M91,O91) -> 0 | G91: =SUM(E91:F91) -> 0 | J91: =SUM(H91:I91) -> 0 | M91: =SUM(K91:L91) -> 0 | O91: =SUM(N91) -> 0
B92: 기타경비소계 | D92: =SUM(G92,J92,M92,O92) -> 0 | E92: =SUM(E83:E91) -> 0 | F92: =SUM(F83:F91) -> 0 | G92: =SUM(E92:F92) -> 0 | H92: =SUM(H83:H91) -> 0 | I92: =SUM(I83:I91) -> 0 | J92: =SUM(H92:I92) -> 0 | K92: =SUM(K83:K91) -> 0 | L92: =SUM(L83:L91) -> 0 | M92: =SUM(K92:L92) -> 0 | N92: =SUM(N83:N91) -> 0 | O92: =SUM(N92) -> 0
B93: 운영원가합계 | D93: =SUM(G93,J93,M93,O93) -> 0 | E93: =SUM(E35,E36,E41,E52,E58,E59,E64,E65,E70,E79,E82,E92) -> 0 | F93: =SUM(F35,F36,F41,F52,F58,F59,F64,F65,F70,F79,F82,F92) -> 0 | G93: =SUM(E93:F93) -> 0 | H93: =SUM(H35,H36,H41,H52,H58,H59,H64,H65,H70,H79,H82,H92) -> 0 | I93: =SUM(I35,I36,I41,I52,I58,I59,I64,I65,I70,I79,I82,I92) -> 0 | J93: =SUM(H93:I93) -> 0 | K93: =SUM(K35,K36,K41,K52,K58,K59,K64,K65,K70,K79,K82,K92) -> 0 | L93: =SUM(L35,L36,L41,L52,L58,L59,L64,L65,L70,L79,L82,L92) -> 0 | M93: =SUM(K93:L93) -> 0 | N93: =SUM(N35,N36,N41,N52,N58,N59,N64,N65,N70,N79,N82,N92) -> 0 | O93: =SUM(N93) -> 0

Sheet 매출목표
A3: 1. 매출계획
B5: 구 분 | D5: 면적(평) | E5: 위탁시설 | F5: 수익시설 | G5: 매출액 | T5: 비 고
G6: 합 계 | H6: 1 | I6: 2 | J6: 3 | K6: 4 | L6: 5 | M6: 6 | N6: 7 | O6: 8 | P6: 9 | Q6: 0 | R6: 11 | S6: 12
B7: 객실 | C7: 객실수입 | D7: 11794 | E7: O | F7: O | G7: =SUM(H7:S7) -> 16319819 | H7: =SUM(Sheet1!Y27:Y29) -> 1199021.3 | I7: =SUM(Sheet1!Z27:Z29) -> 970888.97 | J7: =SUM(Sheet1!AA27:AA29) -> 1087499.1 | K7: =SUM(Sheet1!AB27:AB29) -> 1202077.4 | L7: =SUM(Sheet1!AC27:AC29) -> 1401444.9 | M7: =SUM(Sheet1!AD27:AD29) -> 1416805.4 | N7: =SUM(Sheet1!AE27:AE29) -> 1609274.6 | O7: =SUM(Sheet1!AF27:AF29) -> 1723370.7 | ... S7: =SUM(Sheet1!AJ27:AJ29) -> 1294555.9 | T7: 투숙률 64%, ADR 329천원
C8: 기타수입 | G8: =SUM(H8:S8) -> 163198.19 | H8: =H7*1% -> 11990.213 | I8: =I7*1% -> 9708.8897 | J8: =J7*1% -> 10874.991 | K8: =K7*1% -> 12020.774 | L8: =L7*1% -> 14014.449 | M8: =M7*1% -> 14168.054 | N8: =N7*1% -> 16092.746 | O8: =O7*1% -> 17233.707 | ... S8: =S7*1% -> 12945.559 | T8: 객실수입 기준 1% 반영
C9: 객실 소계 | G9: =SUM(H9:S9) -> 16483017 | H9: =SUM(H7:H8) -> 1211011.6 | I9: =SUM(I7:I8) -> 980597.85 | J9: =SUM(J7:J8) -> 1098374.1 | K9: =SUM(K7:K8) -> 1214098.2 | L9: =SUM(L7:L8) -> 1415459.3 | M9: =SUM(M7:M8) -> 1430973.5 | N9: =SUM(N7:N8) -> 1625367.4 | O9: =SUM(O7:O8) -> 1740604.4 | ... S9: =SUM(S7:S8) -> 1307501.5 | T9: '24.12.30 프랜차이즈 검토 기준 매출액 반영
B10: 식음 | C10: 올데이 다이닝 | D10: 155 | E10: X | F10: 미해당 | G10: =SUM(H10:S10) -> 93000 | H10: =50*$D10 -> 7750 | I10: =50*$D10 -> 7750 | J10: =50*$D10 -> 7750 | K10: =50*$D10 -> 7750 | L10: =50*$D10 -> 7750 | M10: =50*$D10 -> 7750 | N10: =50*$D10 -> 7750 | O10: =50*$D10 -> 7750 | ... S10: =50*$D10 -> 7750 | T10: 임대가정(평당 월 50,000원 적용)
C11: 라운지 | D11: 21 | E11: X | F11: 미해당 | G11: =SUM(H11:S11) -> 0
C12: 루프탑 바 | D12: 140 | E12: O | F12: O | G12: =SUM(H12:S12) -> 73941.84 | H12: ='[62]1.매출'!$D$221*H9/$G$9 -> 5432.5263 | I12: ='[62]1.매출'!$D$221*I9/$G$9 -> 4398.904 | J12: ='[62]1.매출'!$D$221*J9/$G$9 -> 4927.2413 | K12: ='[62]1.매출'!$D$221*K9/$G$9 -> 5446.3729 | L12: ='[62]1.매출'!$D$221*L9/$G$9 -> 6349.667 | M12: ='[62]1.매출'!$D$221*M9/$G$9 -> 6419.2624 | N12: ='[62]1.매출'!$D$221*N9/$G$9 -> 7291.302 | O12: ='[62]1.매출'!$D$221*O9/$G$9 -> 7808.2485 | ... S12: ='[62]1.매출'!$D$221*S9/$G$9 -> 5865.3744 | T12: '24.12.30 프랜차이즈 검토 기준 매출액 반영
C13: 식음 소계 | G13: =SUM(H13:S13) -> 166941.84 | H13: =SUM(H10:H12) -> 13182.526 | I13: =SUM(I10:I12) -> 12148.904 | J13: =SUM(J10:J12) -> 12677.241 | K13: =SUM(K10:K12) -> 13196.373 | L13: =SUM(L10:L12) -> 14099.667 | M13: =SUM(M10:M12) -> 14169.262 | N13: =SUM(N10:N12) -> 15041.302 | O13: =SUM(O10:O12) -> 15558.249 | ... S13: =SUM(S10:S12) -> 13615.374
B14: 부대 | C14: 스크린골프 | D14: 100 | E14: X | F14: 미해당 | G14: =SUM(H14:S14) -> 60000 | H14: =50*$D14 -> 5000 | I14: =50*$D14 -> 5000 | J14: =50*$D14 -> 5000 | K14: =50*$D14 -> 5000 | L14: =50*$D14 -> 5000 | M14: =50*$D14 -> 5000 | N14: =50*$D14 -> 5000 | O14: =50*$D14 -> 5000 | ... S14: =50*$D14 -> 5000 | T14: 임대가정(평당 월 50,000원 적용)
C15: 씨어터 룸 | D15: 26 | E15: X | F15: 미해당 | G15: =SUM(H15:S15) -> 15600 | H15: =50*$D15 -> 1300 | I15: =50*$D15 -> 1300 | J15: =50*$D15 -> 1300 | K15: =50*$D15 -> 1300 | L15: =50*$D15 -> 1300 | M15: =50*$D15 -> 1300 | N15: =50*$D15 -> 1300 | O15: =50*$D15 -> 1300 | ... S15: =50*$D15 -> 1300 | T15: 임대가정(평당 월 50,000원 적용)
C16: 프라이빗 스파 | D16: 72 | E16: X | F16: 미해당 | G16: =SUM(H16:S16) -> 43200 | H16: =50*$D16 -> 3600 | I16: =50*$D16 -> 3600 | J16: =50*$D16 -> 3600 | K16: =50*$D16 -> 3600 | L16: =50*$D16 -> 3600 | M16: =50*$D16 -> 3600 | N16: =50*$D16 -> 3600 | O16: =50*$D16 -> 3600 | ... S16: =50*$D16 -> 3600 | T16: 임대가정(평당 월 50,000원 적용)
C17: 피트니스 | D17: 66 | E17: X | F17: 미해당 | G17: =SUM(H17:S17) -> 39600 | H17: =50*$D17 -> 3300 | I17: =50*$D17 -> 3300 | J17: =50*$D17 -> 3300 | K17: =50*$D17 -> 3300 | L17: =50*$D17 -> 3300 | M17: =50*$D17 -> 3300 | N17: =50*$D17 -> 3300 | O17: =50*$D17 -> 3300 | ... S17: =50*$D17 -> 3300 | T17: 임대가정(평당 월 50,000원 적용)
C18: 필라테스 | E18: X | F18: 미해당
C19: 인피니티 풀 | D19: 140 | E19: X | F19: 미해당 | G19: =SUM(H19:S19) -> 0
C20: 레저 소계 | G20: =SUM(H20:S20) -> 158400 | H20: =SUM(H14:H19) -> 13200 | I20: =SUM(I14:I19) -> 13200 | J20: =SUM(J14:J19) -> 13200 | K20: =SUM(K14:K19) -> 13200 | L20: =SUM(L14:L19) -> 13200 | M20: =SUM(M14:M19) -> 13200 | N20: =SUM(N14:N19) -> 13200 | O20: =SUM(O14:O19) -> 13200 | ... S20: =SUM(S14:S19) -> 13200
B21: 기타 | C21: 로비 | E21: O | F21: X | G21: =SUM(H21:S21) -> 0
C22: 비즈니스 센터 | D22: 67 | E22: X | F22: 미해당 | G22: =SUM(H22:S22) -> 0
C23: 테라스 가든 | D23: 90 | E23: X | F23: 미해당 | G23: =SUM(H23:S23) -> 0
C24: 루프탑가든 | D24: 120 | E24: O | F24: X | G24: =SUM(H24:S24) -> 0
C25: 관리비 청구 | F25: O | G25: =SUM(H25:S25) -> 50280 | H25: =SUM(H10,H14,H15,H16,H17)*20% -> 4190 | I25: =SUM(I10,I14,I15,I16,I17)*20% -> 4190 | J25: =SUM(J10,J14,J15,J16,J17)*20% -> 4190 | K25: =SUM(K10,K14,K15,K16,K17)*20% -> 4190 | L25: =SUM(L10,L14,L15,L16,L17)*20% -> 4190 | M25: =SUM(M10,M14,M15,M16,M17)*20% -> 4190 | N25: =SUM(N10,N14,N15,N16,N17)*20% -> 4190 | O25: =SUM(O10,O14,O15,O16,O17)*20% -> 4190 | ... S25: =SUM(S10,S14,S15,S16,S17)*20% -> 4190 | T25: 임대료 x 20% 부과 가정
C26: 기타 소계 | G26: =SUM(H26:S26) -> 50280 | H26: =SUM(H21:H25) -> 4190 | I26: =SUM(I21:I25) -> 4190 | J26: =SUM(J21:J25) -> 4190 | K26: =SUM(K21:K25) -> 4190 | L26: =SUM(L21:L25) -> 4190 | M26: =SUM(M21:M25) -> 4190 | N26: =SUM(N21:N25) -> 4190 | O26: =SUM(O21:O25) -> 4190 | ... S26: =SUM(S21:S25) -> 4190
B27: 합 계 | D27: =SUM(D9,D13,D20,D26) -> 0 | G27: =SUM(H27:S27) -> 16483017 | H27: =H9 -> 1211011.6 | I27: =I9 -> 980597.85 | J27: =J9 -> 1098374.1 | K27: =K9 -> 1214098.2 | L27: =L9 -> 1415459.3 | M27: =M9 -> 1430973.5 | N27: =N9 -> 1625367.4 | O27: =O9 -> 1740604.4 | ... S27: =S9 -> 1307501.5

Sheet #)비용
A2: ■ 계정세부
B4: 구분 | D4: 비고
B6: 급료 | D6: #)참고자료 1. 인력계획 참고 (직영 16명 기준) | E6: ='#)참고자료'!P21 -> 784670.76
B7: 임금 | D7: 미반영
B8: 상여금 | D8: 12월 성과급 월급여 100% 지급 가정 | E8: ='#)참고자료'!P21/12 -> 65389.23
B9: 제수당 | D9: 미반영(급료 단가포함)
B10: 퇴직급여 | D10: 급여 10% 충당금 설정 | E10: ='#)참고자료'!P21*10% -> 78467.076
B11: 인건비소계 | E11: =E6+E7+E8+E9+E10 -> 928527.07
B12: 재료비소계 | D12: 미반영
B13: 고정도급비 | D13: 객실부문 17명 기준 반영 | E13: ='#)참고자료'!X6 -> 651849.38
B14: 추가도급비 | D14: 미반영 | E14: 0
B15: 시설관리비 | D15: 총매출 x 0.5% (소노인터내셔널 전사업장 1~8월 누계 0.5%) | E15: =매출목표!G27*0.5% -> 82415.085
B16: 객실정비료 | D16: 판매객실수(55,510실) x 실당 정비단가(23천원) 반영 | E16: =SUM(Sheet1!W23:W25)*23 -> 1276728.4 | F16: =55510*20 -> 1110200 | G16: =+F16-E16 -> -166528.39
B17: 용역비소계 | E17: =E13+E14+E15+E16 -> 2010992.9
B18: 직원급식대 | D18: 16명 x 7,000원 x 2식 x 260.7일(주5일 기준) | E18: ='#)참고자료'!O21*7000*2*260.7/1000 -> 58396.8
B19: 직원경조비 | D19: 결혼, 조사 등 경조사비용 월 100천원 적용 | E19: =100*12 -> 1200
B20: 의료비 | D20: 직원 사상관련 의료 비용(상비약 등) 월 100천원 적용 | E20: =100*12 -> 1200
B21: 세탁비 | D21: 직원 유니폼 세탁비 월 800천원, 7,8월 1,000천원 적용 | E21: 10000
B22: 피복비 | D22: 직원 유니폼, 안전화 교체비용 년 3,000천 원적용 | E22: 3000
B23: 회사부담금 | D23: 급여 10% 4대보험 적용 | E23: ='#)참고자료'!P21*10% -> 78467.076
B24: 직원기념일 | D24: 직원 기념일(생일, 결혼기념일) 인당 100천원 적용 | E24: ='#)참고자료'!O21*100 -> 1600
B25: 팀운영비 | D25: 팀운영관리비(찻대 : 10천원, 조직활성화비 : 30천원, 분기회식비 : 30천원 적용) | E25: 7560
B26: 조직운영비 | D26: 조직운영에 필요한 격려 회식, 간식 등 월 300천원 적용 | E26: 3600
B27: 기타복리 | D27: 기타 복리후생비 인당 월 200천원 적용 | E27: ='#)참고자료'!O21*12*200 -> 38400 | G27: -18000
B28: 복리후생비소계 | E28: =E18+E19+E20+E21+E22+E23+E24+E25+E26+E27 -> 203423.88
B29: 수도료 | D29: 총매출 x 1.3% (소노문 해운대 1~8월 평균 1.3%) x 130%(+수영장 운영) | E29: =매출목표!G27*1.3%*1.3 -> 278562.99
B30: 전력비 | D30: 총매출 x 5.2% (소노문 해운대 1~8월 평균 3.7%, 겨울철 냉방고려 +1.5%) | E30: =매출목표!G27*5.2% -> 857116.88 | G30: -100000
B31: 유류비 | D31: 미반영
B32: 가스비 | D32: 총매출 x 0.8% (소노문 해운대 1~8월 평균 0.8%) x 130%(+수영장 운영) | E32: =매출목표!G27*0.8%*1.3 -> 171423.38
B33: 기타 | D33: 미반영
B34: 수도광열비소계 | E34: =E29+E30+E31+E32+E33 -> 1307103.2
B35: 소모품비계 | D35: 총매출 x 3.4% (소노인터내셔널 전사업장 1~8월 누계 3.4%) | E35: =매출목표!G27*3.4% -> 560422.58
B36: 카드수수료 | D36: 총매출 x 1.5% (2024년 소노인터내셔널 전사업장 실적 1.2% 기준 상향 적용) | E36: =매출목표!G27*1.5% -> 247245.25
B37: 위탁수수료 | D37: 총매출 x 4.5% (base fee 3.5%, marketing fee 1% 계약) | E37: =매출목표!G27*4.5% -> 741735.76
B38: 영업용역료 | D38: 총매출 x 10% (외부 수수료율 10~13%. 비회원 70% 감안→10%) 외부세탁 실당 2.5천원, 폐기물 처리 월 1,500천원 적용 | E38: =매출목표!G27*10%+SUM(Sheet1!W23:W25)*2.5+1500*12 -> 1805076.5
B39: 기타수수료 | D39: 공통관리비(시설 22명 도급료 기준 80%) 7억 반영 | E39: ='#)참고자료'!X7 -> 708138.83 | G39: -20000
B40: 지급수수료소계 | E40: =E36+E37+E38+E39 -> 3502196.4
B41: 수선비계 | D41: 총매출 x 0.05% (2019년 쏠비치 진도 오픈 초 수선비율 0.05%) | E41: =매출목표!G27*0.05% -> 8241.5085
B42: TV,R,신문 광고 | D42: 광고매체 관련 월 500천원 적용 | E42: =500*12 -> 6000
B43: 행사비 | D43: 이벤트, 행사 등 영업활성화 관련 분기별 3,000천원 적용 | E43: =3000*4 -> 12000
B44: 판매촉진비 | D44: 미반영
B45: 기타광고비 | D45: 미반영
B46: 광고선전비소계 | E46: =E42+E43+E44+E45 -> 18000
B47: 재산세 | D47: 미반영
B48: 종합부동산세 | D48: 미반영
B49: 등록면허세 | D49: 연간 등록면허세 500천원 반영 | E49: 500
B50: 자동차세 | D50: 업무용 차량 자동차세 250천원 반영 | E50: 250
B51: 주민세 | D51: 월급여 x 0.5% 종업원분 적용 | E51: ='#)참고자료'!P21*0.5% -> 3923.3538
B52: 협회비 | D52: 연간 협회비 300천원 반영 | E52: 300
B53: 인지세 | D53: 미반영 | E53: 0
B54: 기타세금 | D54: 교통유발부담금, 임대업체 간주임대료 등 연간 5,000천원 반영
B55: 세금과공과소계 | E55: =E47+E48+E49+E50+E51+E52+E53+E54 -> 4973.3538
B56: 유형자산상각비 | D56: 유형자산 감가상각비 월 3,000천원 반영 | E56: =3000*12 -> 36000
B57: 무형자산상각비
B58: 감가상각비소계 | E58: =E56+E57 -> 36000
B59: 보험료 | D59: 총매출 x 0.3% (소노인터내셔널 전사업장 1~8월 누계 0.3%) | E59: =매출목표!G27*0.3% -> 49449.051
B60: 교통비 | D60: 총매출 x 0.3% (소노인터내셔널 전사업장 1~8월 누계 0.3%) | E60: =매출목표!G27*0.3% -> 49449.051
B61: 통신비 | D61: 총매출 x 0.1% (소노인터내셔널 전사업장 1~8월 누계 0.1%) | E61: =매출목표!G27*0.1% -> 16483.017
B62: 도서인쇄비 | D62: 정기간행물, 참고도서 등 연간 300천원 적용 | E62: =300 -> 300
B63: 접대비 | D63: 대외 접대비성 비용 월 300천원 적용 | E63: =300*12 -> 3600
B64: 지급임차료 | D64: 총매출 x 0.4% (소노인터내셔널 전사업장 1~8월 누계 0.4%) | E64: =매출목표!G27*0.4% -> 65932.068
B65: 차량유지비 | D65: 업무용 차량 유류비, 수리비 등 월 400천원 적용 | E65: =400*12 -> 4800
B66: 교육비 | D66: 법정교육 및 직무관련 교육 비용 월 200천원 적용 | E66: =200*12 -> 2400
B67: 기타비용 | D67: 미반영
B68: 기타경비소계 | E68: =E59+E60+E61+E62+E63+E64+E65+E66+E67 -> 192413.19
B69: 운영원가합계 | E69: =E11+E12+E17+E28+E34+E35+E40+E41+E46+E55+E58+E68 -> 8772294

Sheet #)참고자료
A3: 1. 인력계획 총괄 | I3: 1) 직영 | Q3: 2) 도급
B5: 구분 | E5: 구분 | F5: 배부기준 | G5: 인원수 | H5: 인건비 | J5: 구분 | M5: 구분 | N5: 배부기준 | O5: 인원수 | P5: 인건비 | R5: 구분 | U5: 구분 | V5: 배부기준 | W5: 인원수 | X5: 인건비
B6: 직영 | C6: 지원 | D6: 총지배인 | E6: 지원 | F6: 공통비 | G6: =O6 -> 1 | H6: =P6 -> 102289.84 | J6: 직영 | K6: 지원 | L6: 총지배인 | M6: 지원 | N6: 공통비 | O6: ='[62]2-1.HR관련비용'!$M$74 -> 1 | P6: =('[62]2-1.HR관련비용'!M89)*(1+'[62]2-1.HR관련비용'!$C$248)^(2026-2022) -> 102289.84 | R6: 도급 | S6: 객실 | T6: 객실 소계 | U6: 객실 | V6: 직접비 | W6: 17 | X6: =(('[62]2-1.HR관련비용'!M196-'[62]2-1.HR관련비용'!L196))*(1+'[62]2-1.HR관련비용'!$C$248)^(2026-2022) -> 651849.38 | Y6: 객실정비 제외
D7: CM | E7: 지원 | F7: 공통비 | G7: =O7 -> 0 | H7: =P7 -> 0 | L7: CM | M7: 지원 | N7: 공통비 | S7: 공통 | T7: 공통 소계 | U7: 지원 | V7: 공통비 | W7: ='[62]2-1.HR관련비용'!$M$173 -> 22 | X7: =('[62]2-1.HR관련비용'!M208)*(1+'[62]2-1.HR관련비용'!$C$248)^(2026-2022)*80% -> 708138.83
D8: 인사총무 | E8: 지원 | F8: 공통비 | G8: =O8 -> 1 | H8: =P8 -> 57874.516 | L8: 인사총무 | M8: 지원 | N8: 공통비 | O8: ='[62]2-1.HR관련비용'!$M$76 -> 1 | P8: =('[62]2-1.HR관련비용'!M91)*(1+'[62]2-1.HR관련비용'!$C$248)^(2026-2022) -> 57874.516 | R8: 도급 합계 | W8: =SUM(W6:W7) -> 39 | X8: =SUM(X6:X7) -> 1359988.2
D9: 재무회계 | E9: 지원 | F9: 공통비 | G9: =O9 -> 1 | H9: =P9 -> 57874.516 | L9: 재무회계 | M9: 지원 | N9: 공통비 | O9: ='[62]2-1.HR관련비용'!$M$77 -> 1 | P9: =('[62]2-1.HR관련비용'!M92)*(1+'[62]2-1.HR관련비용'!$C$248)^(2026-2022) -> 57874.516
D10: 자산관리 | E10: 지원 | F10: 공통비 | G10: =O10 -> 1 | H10: =P10 -> 45761.245 | L10: 자산관리 | M10: 지원 | N10: 공통비 | O10: ='[62]2-1.HR관련비용'!$M$78 -> 1 | P10: =('[62]2-1.HR관련비용'!M93)*(1+'[62]2-1.HR관련비용'!$C$248)^(2026-2022) -> 45761.245
D11: 자금지원 | E11: 지원 | F11: 공통비 | G11: =O11 -> 1 | H11: =P11 -> 45761.245 | L11: 자금지원 | M11: 지원 | N11: 공통비 | O11: ='[62]2-1.HR관련비용'!$M$80 -> 1 | P11: =('[62]2-1.HR관련비용'!M95)*(1+'[62]2-1.HR관련비용'!$C$248)^(2026-2022) -> 45761.245
D12: 지원 소계 | G12: =SUM(G6:G11) -> 5 | H12: =SUM(H6:H11) -> 309561.37 | L12: 지원 소계 | O12: =SUM(O6:O11) -> 5 | P12: =SUM(P6:P11) -> 309561.37
C13: 운영 | D13: CM | E13: 운영 | F13: 팀공통 | G13: =O13 -> 1 | H13: =P13 -> 69987.787 | K13: 운영 | L13: CM | M13: 운영 | N13: 팀공통 | O13: ='[62]2-1.HR관련비용'!$M$106 -> 1 | P13: =('[62]2-1.HR관련비용'!M134)*(1+'[62]2-1.HR관련비용'!$C$248)^(2026-2022) -> 69987.787
D14: 프런트 | E14: 객실 | F14: 직접비 | G14: =O14 -> 8 | H14: =P14 -> 313599.12 | L14: 프런트 | M14: 객실 | N14: 직접비 | O14: ='[62]2-1.HR관련비용'!$M$107 -> 8 | P14: =('[62]2-1.HR관련비용'!M135)*(1+'[62]2-1.HR관련비용'!$C$248)^(2026-2022) -> 313599.12
D15: 단체진행 | E15: 지원 | F15: 공통비 | G15: =O15 -> 1 | H15: =P15 -> 40377.569 | L15: 단체진행 | M15: 지원 | N15: 공통비 | O15: 1 | P15: =('[62]2-1.HR관련비용'!M136)*(1+'[62]2-1.HR관련비용'!$C$248)^(2026-2022) -> 40377.569
D16: 영업기획 | E16: 지원 | F16: 공통비 | G16: =O16 -> 1 | H16: =P16 -> 51144.921 | L16: 영업기획 | M16: 지원 | N16: 공통비 | O16: 1 | P16: =('[62]2-1.HR관련비용'!M137)*(1+'[62]2-1.HR관련비용'!$C$248)^(2026-2022) -> 51144.921
D17: 발권 | E17: 부대 | F17: 직접비 | G17: =O17 -> 0 | H17: =P17 -> 0 | L17: 발권 | M17: 부대 | N17: 직접비
D18: 수상안전 | E18: 부대 | F18: 직접비 | G18: =O18 -> 0 | H18: =P18 -> 0 | L18: 수상안전 | M18: 부대 | N18: 직접비
D19: 루프탑서비스 | E19: 식음 | F19: 직접비 | G19: =O19 -> 0 | H19: =P19 -> 0 | L19: 루프탑서비스 | M19: 식음 | N19: 직접비
D20: 운영 소계 | G20: =SUM(G13:G19) -> 11 | H20: =SUM(H13:H19) -> 475109.4 | L20: 운영 소계 | O20: =SUM(O13:O19) -> 11 | P20: =SUM(P13:P19) -> 475109.4
B21: 직영 합계 | G21: =SUM(G12,G20) -> 16 | H21: =SUM(H12,H20) -> 784670.76 | J21: 직영 합계 | O21: =SUM(O12,O20) -> 16 | P21: =SUM(P12,P20) -> 784670.76
B22: 도급 | C22: 객실 | D22: 객실 소계 | E22: 객실 | F22: 직접비 | G22: =W6 -> 17 | H22: =X6 -> 651849.38
C23: 공통 | D23: 공통 소계 | E23: 지원 | F23: 공통비 | G23: =W7 -> 22 | H23: =X7 -> 708138.83
B24: 도급 합계 | G24: =SUM(G22:G23) -> 39 | H24: =SUM(H22:H23) -> 1359988.2
B25: 인력계획 합계 | G25: =SUM(G21,G24) -> 55 | H25: =SUM(H21,H24) -> 2144659
A28: 2. 면적
G29: [단위 : ㎡]
B30: 구분 | E30: 전용면적 | F30: 공용면적 | G30: 총면적
B31: 객실 | C31: 팔라티움 | G31: =SUM(E31:F31) -> 0
B32: 예비 | G32: =SUM(E32:F32) -> 0
B33: 식음 | C33: 루프탑바 | G33: =SUM(E33:F33) -> 0
B34: 예비 | G34: =SUM(E34:F34) -> 0
B35: 부대 | C35: 인피니티풀 | G35: =SUM(E35:F35) -> 0
B36: 예비 | G36: =SUM(E36:F36) -> 0
B37: 임대 | C37: 입주업체 | G37: =SUM(E37:F37) -> 0
B38: 합계 | E38: =SUM(E31:E37) -> 0 | F38: =SUM(F31:F37) -> 0 | G38: =SUM(G31:G37) -> 0

Sheet Sheet1
A2: 4-4. 소노문 해운대 | R2: [단위 : 백만원] | S2: =$A2 -> 4-4. 소노문 해운대 | AJ2: [단위 : 백만원]
B3: 구 분 | E3: 합 계 | F3: 2025년 실적 | T3: 구 분 | W3: 합 계 | X3: 25년목표
F4: 8 | G4: 1 | H4: 2 | I4: 3 | J4: 4 | K4: 5 | L4: 6 | M4: 7 | N4: 8 | O4: 9 | P4: 10 | Q4: 11 | R4: 12 | X4: 8 | Y4: 1 | Z4: 2 | AA4: 3 | AB4: 4 | AC4: 5 | AD4: 6 | AE4: 7 | AF4: 8 | AG4: 9 | AH4: 10 | AI4: 11 | AJ4: 12
B5: 판매객실수 | E5: =SUM(G5:R5) -> 39569 | F5: =SUMPRODUCT((G$4:R$4<=F$4)*(G5:R5)) -> 39569 | G5: =SUM(G6:G8) -> 4465 | H5: =SUM(H6:H8) -> 4752 | I5: =SUM(I6:I8) -> 4252 | J5: =SUM(J6:J8) -> 4877 | K5: =SUM(K6:K8) -> 5176 | L5: =SUM(L6:L8) -> 4756 | M5: =SUM(M6:M8) -> 5098 | N5: =SUM(N6:N8) -> 6193 | ... R5: =SUM(R6:R8) -> 0 | T5: 판매객실수 | W5: =SUM(Y5:AJ5) -> 67000 | X5: =SUMPRODUCT((Y$4:AJ$4<=X$4)*(Y5:AJ5)) -> 43350 | Y5: =SUM(Y6:Y8) -> 5020 | Z5: =SUM(Z6:Z8) -> 3980 | AA5: =SUM(AA6:AA8) -> 4590 | AB5: =SUM(AB6:AB8) -> 5300 | AC5: =SUM(AC6:AC8) -> 6030 | AD5: =SUM(AD6:AD8) -> 5550 | AE5: =SUM(AE6:AE8) -> 6320 | AF5: =SUM(AF6:AF8) -> 6560 | ... AJ5: =SUM(AJ6:AJ8) -> 5040
D6: 회 원 | E6: =SUM(G6:R6) -> 19404 | F6: =SUMPRODUCT((G$4:R$4<=F$4)*(G6:R6)) -> 19404 | G6: ='[63]#)소사업별매출'!G876 -> 2464 | H6: ='[63]#)소사업별매출'!H876 -> 2612 | I6: ='[63]#)소사업별매출'!I876 -> 1906 | J6: ='[63]#)소사업별매출'!J876 -> 2022 | K6: ='[63]#)소사업별매출'!K876 -> 2537 | L6: ='[63]#)소사업별매출'!L876 -> 2201 | M6: ='[63]#)소사업별매출'!M876 -> 2486 | N6: ='[63]#)소사업별매출'!N876 -> 3176 | ... R6: ='[63]#)소사업별매출'!R876 -> 0 | V6: 회 원 | W6: =SUM(Y6:AJ6) -> 29130 | X6: =SUMPRODUCT((Y$4:AJ$4<=X$4)*(Y6:AJ6)) -> 19920 | Y6: ='[63]#)소사업별매출'!Y876 -> 2310 | Z6: ='[63]#)소사업별매출'!Z876 -> 1890 | AA6: ='[63]#)소사업별매출'!AA876 -> 2110 | AB6: ='[63]#)소사업별매출'!AB876 -> 2320 | AC6: ='[63]#)소사업별매출'!AC876 -> 2540 | AD6: ='[63]#)소사업별매출'!AD876 -> 2370 | AE6: ='[63]#)소사업별매출'!AE876 -> 3090 | AF6: ='[63]#)소사업별매출'!AF876 -> 3290 | ... AJ6: ='[63]#)소사업별매출'!AJ876 -> 2110
D7: 단 체 | E7: =SUM(G7:R7) -> 9179 | F7: =SUMPRODUCT((G$4:R$4<=F$4)*(G7:R7)) -> 9179 | G7: ='[63]#)소사업별매출'!G877 -> 1065 | H7: ='[63]#)소사업별매출'!H877 -> 707 | I7: ='[63]#)소사업별매출'!I877 -> 1227 | J7: ='[63]#)소사업별매출'!J877 -> 1618 | K7: ='[63]#)소사업별매출'!K877 -> 1389 | L7: ='[63]#)소사업별매출'!L877 -> 1316 | M7: ='[63]#)소사업별매출'!M877 -> 1045 | N7: ='[63]#)소사업별매출'!N877 -> 812 | ... R7: ='[63]#)소사업별매출'!R877 -> 0 | V7: 단 체 | W7: =SUM(Y7:AJ7) -> 9170 | X7: =SUMPRODUCT((Y$4:AJ$4<=X$4)*(Y7:AJ7)) -> 5130 | Y7: ='[63]#)소사업별매출'!Y877 -> 660 | Z7: ='[63]#)소사업별매출'!Z877 -> 440 | AA7: ='[63]#)소사업별매출'!AA877 -> 630 | AB7: ='[63]#)소사업별매출'!AB877 -> 930 | AC7: ='[63]#)소사업별매출'!AC877 -> 1040 | AD7: ='[63]#)소사업별매출'!AD877 -> 630 | AE7: ='[63]#)소사업별매출'!AE877 -> 480 | AF7: ='[63]#)소사업별매출'!AF877 -> 320 | ... AJ7: ='[63]#)소사업별매출'!AJ877 -> 580
D8: 일 반 | E8: =SUM(G8:R8) -> 10986 | F8: =SUMPRODUCT((G$4:R$4<=F$4)*(G8:R8)) -> 10986 | G8: ='[63]#)소사업별매출'!G878 -> 936 | H8: ='[63]#)소사업별매출'!H878 -> 1433 | I8: ='[63]#)소사업별매출'!I878 -> 1119 | J8: ='[63]#)소사업별매출'!J878 -> 1237 | K8: ='[63]#)소사업별매출'!K878 -> 1250 | L8: ='[63]#)소사업별매출'!L878 -> 1239 | M8: ='[63]#)소사업별매출'!M878 -> 1567 | N8: ='[63]#)소사업별매출'!N878 -> 2205 | ... R8: ='[63]#)소사업별매출'!R878 -> 0 | V8: 일 반 | W8: =SUM(Y8:AJ8) -> 28700 | X8: =SUMPRODUCT((Y$4:AJ$4<=X$4)*(Y8:AJ8)) -> 18300 | Y8: ='[63]#)소사업별매출'!Y878 -> 2050 | Z8: ='[63]#)소사업별매출'!Z878 -> 1650 | AA8: ='[63]#)소사업별매출'!AA878 -> 1850 | AB8: ='[63]#)소사업별매출'!AB878 -> 2050 | AC8: ='[63]#)소사업별매출'!AC878 -> 2450 | AD8: ='[63]#)소사업별매출'!AD878 -> 2550 | AE8: ='[63]#)소사업별매출'!AE878 -> 2750 | AF8: ='[63]#)소사업별매출'!AF878 -> 2950 | ... AJ8: ='[63]#)소사업별매출'!AJ878 -> 2350
B9: 유형별 매출 | E9: =SUM(G9:R9) -> 4713105.9 | F9: =SUMPRODUCT((G$4:R$4<=F$4)*(G9:R9)) -> 4713105.9 | G9: =SUM(G10:G17) -> 477557 | H9: =SUM(H10:H17) -> 457351 | I9: =SUM(I10:I17) -> 436997.64 | J9: =SUM(J10:J17) -> 482521 | K9: =SUM(K10:K17) -> 638343 | L9: =SUM(L10:L17) -> 537531.23 | M9: =SUM(M10:M17) -> 737805 | N9: =SUM(N10:N17) -> 945000 | ... R9: =SUM(R10:R17) -> 0 | T9: 유형별 매출 | W9: =SUM(Y9:AJ9) -> 7253000 | X9: =SUMPRODUCT((Y$4:AJ$4<=X$4)*(Y9:AJ9)) -> 4798000 | Y9: =SUM(Y10:Y17) -> 500000 | Z9: =SUM(Z10:Z17) -> 375000 | AA9: =SUM(AA10:AA17) -> 445000 | AB9: =SUM(AB10:AB17) -> 530000 | AC9: =SUM(AC10:AC17) -> 629000 | AD9: =SUM(AD10:AD17) -> 566000 | AE9: =SUM(AE10:AE17) -> 804000 | AF9: =SUM(AF10:AF17) -> 949000 | ... AJ9: =SUM(AJ10:AJ17) -> 505000
D10: 객 실 | E10: =SUM(G10:R10) -> 3982671.9 | F10: =SUMPRODUCT((G$4:R$4<=F$4)*(G10:R10)) -> 3982671.9 | G10: ='[63]#)소사업별매출'!G880 -> 410510 | H10: ='[63]#)소사업별매출'!H880 -> 371986 | I10: ='[63]#)소사업별매출'!I880 -> 356206.64 | J10: ='[63]#)소사업별매출'!J880 -> 373900 | K10: ='[63]#)소사업별매출'!K880 -> 535661 | L10: ='[63]#)소사업별매출'!L880 -> 446908.23 | M10: ='[63]#)소사업별매출'!M880 -> 641412 | N10: ='[63]#)소사업별매출'!N880 -> 846088 | ... R10: ='[63]#)소사업별매출'!R880 -> 0 | V10: 객 실 | W10: =SUM(Y10:AJ10) -> 6213000 | X10: =SUMPRODUCT((Y$4:AJ$4<=X$4)*(Y10:AJ10)) -> 4147000 | Y10: ='[63]#)소사업별매출'!Y880 -> 424000 | Z10: ='[63]#)소사업별매출'!Z880 -> 317000 | AA10: ='[63]#)소사업별매출'!AA880 -> 377000 | AB10: ='[63]#)소사업별매출'!AB880 -> 443000 | AC10: ='[63]#)소사업별매출'!AC880 -> 531000 | AD10: ='[63]#)소사업별매출'!AD880 -> 477000 | AE10: ='[63]#)소사업별매출'!AE880 -> 728000 | AF10: ='[63]#)소사업별매출'!AF880 -> 850000 | ... AJ10: ='[63]#)소사업별매출'!AJ880 -> 419000
D11: 식 음 | E11: =SUM(G11:R11) -> 580753 | F11: =SUMPRODUCT((G$4:R$4<=F$4)*(G11:R11)) -> 580753 | G11: ='[63]#)소사업별매출'!G881 -> 50064 | H11: ='[63]#)소사업별매출'!H881 -> 67126 | I11: ='[63]#)소사업별매출'!I881 -> 64185 | J11: ='[63]#)소사업별매출'!J881 -> 90310 | K11: ='[63]#)소사업별매출'!K881 -> 83848 | L11: ='[63]#)소사업별매출'!L881 -> 71785 | M11: ='[63]#)소사업별매출'!M881 -> 75299 | N11: ='[63]#)소사업별매출'!N881 -> 78136 | ... R11: ='[63]#)소사업별매출'!R881 -> 0 | V11: 식 음 | W11: =SUM(Y11:AJ11) -> 831000 | X11: =SUMPRODUCT((Y$4:AJ$4<=X$4)*(Y11:AJ11)) -> 513000 | Y11: ='[63]#)소사업별매출'!Y881 -> 59000 | Z11: ='[63]#)소사업별매출'!Z881 -> 42000 | AA11: ='[63]#)소사업별매출'!AA881 -> 51000 | AB11: ='[63]#)소사업별매출'!AB881 -> 70000 | AC11: ='[63]#)소사업별매출'!AC881 -> 81000 | AD11: ='[63]#)소사업별매출'!AD881 -> 72000 | AE11: ='[63]#)소사업별매출'!AE881 -> 58000 | AF11: ='[63]#)소사업별매출'!AF881 -> 80000 | ... AJ11: ='[63]#)소사업별매출'!AJ881 -> 68000
D12: 부 대 | E12: =SUM(G12:R12) -> 81712 | F12: =SUMPRODUCT((G$4:R$4<=F$4)*(G12:R12)) -> 81712 | G12: ='[63]#)소사업별매출'!G882 -> 8864 | H12: ='[63]#)소사업별매출'!H882 -> 9832 | I12: ='[63]#)소사업별매출'!I882 -> 8429 | J12: ='[63]#)소사업별매출'!J882 -> 9749 | K12: ='[63]#)소사업별매출'!K882 -> 10293 | L12: ='[63]#)소사업별매출'!L882 -> 10268 | M12: ='[63]#)소사업별매출'!M882 -> 12377 | N12: ='[63]#)소사업별매출'!N882 -> 11900 | ... R12: ='[63]#)소사업별매출'!R882 -> 0 | V12: 부 대 | W12: =SUM(Y12:AJ12) -> 113000 | X12: =SUMPRODUCT((Y$4:AJ$4<=X$4)*(Y12:AJ12)) -> 74000 | Y12: ='[63]#)소사업별매출'!Y882 -> 9000 | Z12: ='[63]#)소사업별매출'!Z882 -> 8000 | AA12: ='[63]#)소사업별매출'!AA882 -> 9000 | AB12: ='[63]#)소사업별매출'!AB882 -> 9000 | AC12: ='[63]#)소사업별매출'!AC882 -> 9000 | AD12: ='[63]#)소사업별매출'!AD882 -> 9000 | AE12: ='[63]#)소사업별매출'!AE882 -> 10000 | AF12: ='[63]#)소사업별매출'!AF882 -> 11000 | ... AJ12: ='[63]#)소사업별매출'!AJ882 -> 10000
D13: 아쿠아 | E13: =SUM(G13:R13) -> 0 | F13: =SUMPRODUCT((G$4:R$4<=F$4)*(G13:R13)) -> 0 | G13: ='[63]#)소사업별매출'!G883 -> 0 | H13: ='[63]#)소사업별매출'!H883 -> 0 | I13: ='[63]#)소사업별매출'!I883 -> 0 | J13: ='[63]#)소사업별매출'!J883 -> 0 | K13: ='[63]#)소사업별매출'!K883 -> 0 | L13: ='[63]#)소사업별매출'!L883 -> 0 | M13: ='[63]#)소사업별매출'!M883 -> 0 | N13: ='[63]#)소사업별매출'!N883 -> 0 | ... R13: ='[63]#)소사업별매출'!R883 -> 0 | V13: 아쿠아 | W13: =SUM(Y13:AJ13) -> 0 | X13: =SUMPRODUCT((Y$4:AJ$4<=X$4)*(Y13:AJ13)) -> 0 | Y13: ='[63]#)소사업별매출'!Y883 -> 0 | Z13: ='[63]#)소사업별매출'!Z883 -> 0 | AA13: ='[63]#)소사업별매출'!AA883 -> 0 | AB13: ='[63]#)소사업별매출'!AB883 -> 0 | AC13: ='[63]#)소사업별매출'!AC883 -> 0 | AD13: ='[63]#)소사업별매출'!AD883 -> 0 | AE13: ='[63]#)소사업별매출'!AE883 -> 0 | AF13: ='[63]#)소사업별매출'!AF883 -> 0 | ... AJ13: ='[63]#)소사업별매출'!AJ883 -> 0
D14: 스포츠 | E14: =SUM(G14:R14) -> 0 | F14: =SUMPRODUCT((G$4:R$4<=F$4)*(G14:R14)) -> 0 | G14: ='[63]#)소사업별매출'!G884 -> 0 | H14: ='[63]#)소사업별매출'!H884 -> 0 | I14: ='[63]#)소사업별매출'!I884 -> 0 | J14: ='[63]#)소사업별매출'!J884 -> 0 | K14: ='[63]#)소사업별매출'!K884 -> 0 | L14: ='[63]#)소사업별매출'!L884 -> 0 | M14: ='[63]#)소사업별매출'!M884 -> 0 | N14: ='[63]#)소사업별매출'!N884 -> 0 | ... R14: ='[63]#)소사업별매출'!R884 -> 0 | V14: 스포츠 | W14: =SUM(Y14:AJ14) -> 0 | X14: =SUMPRODUCT((Y$4:AJ$4<=X$4)*(Y14:AJ14)) -> 0 | Y14: ='[63]#)소사업별매출'!Y884 -> 0 | Z14: ='[63]#)소사업별매출'!Z884 -> 0 | AA14: ='[63]#)소사업별매출'!AA884 -> 0 | AB14: ='[63]#)소사업별매출'!AB884 -> 0 | AC14: ='[63]#)소사업별매출'!AC884 -> 0 | AD14: ='[63]#)소사업별매출'!AD884 -> 0 | AE14: ='[63]#)소사업별매출'!AE884 -> 0 | AF14: ='[63]#)소사업별매출'!AF884 -> 0 | ... AJ14: ='[63]#)소사업별매출'!AJ884 -> 0
D15: 골 프 | E15: =SUM(G15:R15) -> 0 | F15: =SUMPRODUCT((G$4:R$4<=F$4)*(G15:R15)) -> 0 | G15: ='[63]#)소사업별매출'!G885 -> 0 | H15: ='[63]#)소사업별매출'!H885 -> 0 | I15: ='[63]#)소사업별매출'!I885 -> 0 | J15: ='[63]#)소사업별매출'!J885 -> 0 | K15: ='[63]#)소사업별매출'!K885 -> 0 | L15: ='[63]#)소사업별매출'!L885 -> 0 | M15: ='[63]#)소사업별매출'!M885 -> 0 | N15: ='[63]#)소사업별매출'!N885 -> 0 | ... R15: ='[63]#)소사업별매출'!R885 -> 0 | V15: 골 프 | W15: =SUM(Y15:AJ15) -> 0 | X15: =SUMPRODUCT((Y$4:AJ$4<=X$4)*(Y15:AJ15)) -> 0 | Y15: ='[63]#)소사업별매출'!Y885 -> 0 | Z15: ='[63]#)소사업별매출'!Z885 -> 0 | AA15: ='[63]#)소사업별매출'!AA885 -> 0 | AB15: ='[63]#)소사업별매출'!AB885 -> 0 | AC15: ='[63]#)소사업별매출'!AC885 -> 0 | AD15: ='[63]#)소사업별매출'!AD885 -> 0 | AE15: ='[63]#)소사업별매출'!AE885 -> 0 | AF15: ='[63]#)소사업별매출'!AF885 -> 0 | ... AJ15: ='[63]#)소사업별매출'!AJ885 -> 0
D16: 유 통 | E16: =SUM(G16:R16) -> 0 | F16: =SUMPRODUCT((G$4:R$4<=F$4)*(G16:R16)) -> 0 | G16: ='[63]#)소사업별매출'!G886 -> 0 | H16: ='[63]#)소사업별매출'!H886 -> 0 | I16: ='[63]#)소사업별매출'!I886 -> 0 | J16: ='[63]#)소사업별매출'!J886 -> 0 | K16: ='[63]#)소사업별매출'!K886 -> 0 | L16: ='[63]#)소사업별매출'!L886 -> 0 | M16: ='[63]#)소사업별매출'!M886 -> 0 | N16: ='[63]#)소사업별매출'!N886 -> 0 | ... R16: ='[63]#)소사업별매출'!R886 -> 0 | V16: 유 통 | W16: =SUM(Y16:AJ16) -> 0 | X16: =SUMPRODUCT((Y$4:AJ$4<=X$4)*(Y16:AJ16)) -> 0 | Y16: ='[63]#)소사업별매출'!Y886 -> 0 | Z16: ='[63]#)소사업별매출'!Z886 -> 0 | AA16: ='[63]#)소사업별매출'!AA886 -> 0 | AB16: ='[63]#)소사업별매출'!AB886 -> 0 | AC16: ='[63]#)소사업별매출'!AC886 -> 0 | AD16: ='[63]#)소사업별매출'!AD886 -> 0 | AE16: ='[63]#)소사업별매출'!AE886 -> 0 | AF16: ='[63]#)소사업별매출'!AF886 -> 0 | ... AJ16: ='[63]#)소사업별매출'!AJ886 -> 0
D17: 임 대 | E17: =SUM(G17:R17) -> 67969 | F17: =SUMPRODUCT((G$4:R$4<=F$4)*(G17:R17)) -> 67969 | G17: ='[63]#)소사업별매출'!G887 -> 8119 | H17: ='[63]#)소사업별매출'!H887 -> 8407 | I17: ='[63]#)소사업별매출'!I887 -> 8177 | J17: ='[63]#)소사업별매출'!J887 -> 8562 | K17: ='[63]#)소사업별매출'!K887 -> 8541 | L17: ='[63]#)소사업별매출'!L887 -> 8570 | M17: ='[63]#)소사업별매출'!M887 -> 8717 | N17: ='[63]#)소사업별매출'!N887 -> 8876 | ... R17: ='[63]#)소사업별매출'!R887 -> 0 | V17: 임 대 | W17: =SUM(Y17:AJ17) -> 96000 | X17: =SUMPRODUCT((Y$4:AJ$4<=X$4)*(Y17:AJ17)) -> 64000 | Y17: ='[63]#)소사업별매출'!Y887 -> 8000 | Z17: ='[63]#)소사업별매출'!Z887 -> 8000 | AA17: ='[63]#)소사업별매출'!AA887 -> 8000 | AB17: ='[63]#)소사업별매출'!AB887 -> 8000 | AC17: ='[63]#)소사업별매출'!AC887 -> 8000 | AD17: ='[63]#)소사업별매출'!AD887 -> 8000 | AE17: ='[63]#)소사업별매출'!AE887 -> 8000 | AF17: ='[63]#)소사업별매출'!AF887 -> 8000 | ... AJ17: ='[63]#)소사업별매출'!AJ887 -> 8000
V18: [소노문 해운대 객실 점유비]
V19: 회 원 | W19: =W6/$W$6 -> 1 | Y19: =Y6/$W$6 -> 0.079299691 | Z19: =Z6/$W$6 -> 0.064881565 | AA19: =AA6/$W$6 -> 0.072433917 | AB19: =AB6/$W$6 -> 0.07964298 | AC19: =AC6/$W$6 -> 0.087195331 | AD19: =AD6/$W$6 -> 0.081359423 | AE19: =AE6/$W$6 -> 0.10607621 | AF19: =AF6/$W$6 -> 0.11294198 | ... AJ19: =AJ6/$W$6 -> 0.072433917
V20: 단 체 | W20: =W7/$W$7 -> 1 | Y20: =Y7/$W$7 -> 0.071973828 | Z20: =Z7/$W$7 -> 0.047982552 | AA20: =AA7/$W$7 -> 0.06870229 | AB20: =AB7/$W$7 -> 0.10141767 | AC20: =AC7/$W$7 -> 0.1134133 | AD20: =AD7/$W$7 -> 0.06870229 | AE20: =AE7/$W$7 -> 0.052344602 | AF20: =AF7/$W$7 -> 0.034896401 | ... AJ20: =AJ7/$W$7 -> 0.063249727
V21: 일 반 | W21: =W8/$W$8 -> 1 | Y21: =Y8/$W$8 -> 0.071428571 | Z21: =Z8/$W$8 -> 0.057491289 | AA21: =AA8/$W$8 -> 0.06445993 | AB21: =AB8/$W$8 -> 0.071428571 | AC21: =AC8/$W$8 -> 0.085365854 | AD21: =AD8/$W$8 -> 0.088850174 | AE21: =AE8/$W$8 -> 0.095818815 | AF21: =AF8/$W$8 -> 0.10278746 | ... AJ21: =AJ8/$W$8 -> 0.081881533
V22: [판매객실수]
R23: =W23/SUM($W$23:$W$25) -> 0.65498103 | V23: 일 반 | W23: ='[62]1.매출'!D154 -> 36357.951 | X23: =SUM(Y23:AJ23) -> 36355 | Y23: =ROUND($W$23*Y21,0)-5 -> 2592 | Z23: =ROUND($W$23*Z21,0) -> 2090 | AA23: =ROUND($W$23*AA21,0) -> 2344 | AB23: =ROUND($W$23*AB21,0) -> 2597 | AC23: =ROUND($W$23*AC21,0) -> 3104 | AD23: =ROUND($W$23*AD21,0) -> 3230 | AE23: =ROUND($W$23*AE21,0) -> 3484 | AF23: =ROUND($W$23*AF21,0)+2 -> 3739 | AG23: =ROUND($W$23*AG21,0) -> 3484 | AH23: =ROUND($W$23*AH21,0) -> 3484 | AI23: =ROUND($W$23*AI21,0) -> 3230 | AJ23: =ROUND($W$23*AJ21,0) -> 2977
R24: =W24/SUM($W$23:$W$25) -> 0.28070615 | V24: 회 원 | W24: ='[62]1.매출'!D155 -> 15581.979 | X24: =SUM(Y24:AJ24) -> 15585 | Y24: =ROUND($W$24*Y19,0) -> 1236 | Z24: =ROUND($W$24*Z19,0) -> 1011 | AA24: =ROUND($W$24*AA19,0) -> 1129 | AB24: =ROUND($W$24*AB19,0) -> 1241 | AC24: =ROUND($W$24*AC19,0) -> 1359 | AD24: =ROUND($W$24*AD19,0) -> 1268 | AE24: =ROUND($W$24*AE19,0) -> 1653 | AF24: =ROUND($W$24*AF19,0)+1 -> 1761 | AG24: =ROUND($W$24*AG19,0) -> 1492 | AH24: =ROUND($W$24*AH19,0) -> 1268 | AI24: =ROUND($W$24*AI19,0) -> 1038 | AJ24: =ROUND($W$24*AJ19,0) -> 1129
R25: =W25/SUM($W$23:$W$25) -> 0.064312818 | V25: 수분양자 | W25: ='[62]1.매출'!D156 -> 3570 | X25: =SUM(Y25:AJ25) -> 3570 | Y25: =ROUND($W$25*Y19,0) -> 283 | Z25: =ROUND($W$25*Z19,0) -> 232 | AA25: =ROUND($W$25*AA19,0) -> 259 | AB25: =ROUND($W$25*AB19,0) -> 284 | AC25: =ROUND($W$25*AC19,0) -> 311 | AD25: =ROUND($W$25*AD19,0) -> 290 | AE25: =ROUND($W$25*AE19,0) -> 379 | AF25: =ROUND($W$25*AF19,0) -> 403 | ... AJ25: =ROUND($W$25*AJ19,0) -> 259
V26: [매출]
V27: 일 반 | W27: ='[62]1.매출'!D164 -> 11892830 | X27: =SUM(Y27:AJ27) -> 11891865 | Y27: =Y23*'[62]1.매출'!$D$161/1000 -> 847853.5 | Z27: =Z23*'[62]1.매출'!$D$161/1000 -> 683647.31 | AA27: =AA23*'[62]1.매출'!$D$161/1000 -> 766731.72 | AB27: =AB23*'[62]1.매출'!$D$161/1000 -> 849489.02 | AC27: =AC23*'[62]1.매출'!$D$161/1000 -> 1015330.7 | AD27: =AD23*'[62]1.매출'!$D$161/1000 -> 1056545.8 | AE27: =AE23*'[62]1.매출'!$D$161/1000 -> 1139630.2 | AF27: =AF23*'[62]1.매출'!$D$161/1000 -> 1223041.8 | ... AJ27: =AJ23*'[62]1.매출'!$D$161/1000 -> 973788.53
V28: 회 원 | W28: ='[62]1.매출'!D165 -> 4427095.4 | X28: =SUM(Y28:AJ28) -> 4427953.7 | Y28: =Y24*'[62]1.매출'!$D$162/1000 -> 351167.84 | Z28: =Z24*'[62]1.매출'!$D$162/1000 -> 287241.66 | AA28: =AA24*'[62]1.매출'!$D$162/1000 -> 320767.39 | AB28: =AB24*'[62]1.매출'!$D$162/1000 -> 352588.42 | AC28: =AC24*'[62]1.매출'!$D$162/1000 -> 386114.16 | AD28: =AD24*'[62]1.매출'!$D$162/1000 -> 360259.57 | AE28: =AE24*'[62]1.매출'!$D$162/1000 -> 469644.37 | AF28: =AF24*'[62]1.매출'!$D$162/1000 -> 500328.94 | ... AJ28: =AJ24*'[62]1.매출'!$D$162/1000 -> 320767.39
V29: 수분양자 | W29: ='[62]1.매출'!D166 -> 0 | X29: =SUM(Y29:AJ29) -> 0 | Y29: =Y25*0 -> 0 | Z29: =Z25*0 -> 0 | AA29: =AA25*0 -> 0 | AB29: =AB25*0 -> 0 | AC29: =AC25*0 -> 0 | AD29: =AD25*0 -> 0 | AE29: =AE25*0 -> 0 | AF29: =AF25*0 -> 0 | ... AJ29: =AJ25*0 -> 0
V30: [가용객실수] | X30: 238 | Y30: 31 | Z30: 28 | AA30: 31 | AB30: 30 | AC30: 31 | AD30: 30 | AE30: 31 | AF30: 31 | AG30: 30 | AH30: 31 | AI30: 30 | AJ30: 31
V31: 일 반 | W31: =SUM(Y31:AJ31) -> 86870 | X31: =SUM(Y31:AJ31) -> 86870 | Y31: =$X$30*Y30 -> 7378 | Z31: =$X$30*Z30 -> 6664 | AA31: =$X$30*AA30 -> 7378 | AB31: =$X$30*AB30 -> 7140 | AC31: =$X$30*AC30 -> 7378 | AD31: =$X$30*AD30 -> 7140 | AE31: =$X$30*AE30 -> 7378 | AF31: =$X$30*AF30 -> 7378 | ... AJ31: =$X$30*AJ30 -> 7378

Sheet 사업계획 목표
C7: 이게 최종 목표임 / 매출에 1% 추가 계산해야함
C8: 이게 최종 목표임 / 매출에 1% 추가 계산해야함
